atmID,location,status,provider,Balance
A1,Suburb,Maintenance,Provider4,9468.53
A2,Airport,Active,Provider5,1229.54
A3,Suburb,Maintenance,Provider3,1474.25
A4,Airport,Inactive,Provider2,274.11
A5,Downtown,Maintenance,Provider2,3219.45
A6,Mall,Maintenance,Provider5,6605.11
A7,Airport,Inactive,Provider1,6349.55
A8,Airport,Inactive,Provider5,4966.23
A9,Airport,Inactive,Provider3,9814.2
A10,Mall,Active,Provider5,3825.55
A11,Downtown,Active,Provider3,7110.96
A12,Suburb,Maintenance,Provider3,8315.29
A13,Mall,Maintenance,Provider4,9650.82
A14,Suburb,Active,Provider2,3071.71
A15,Airport,Inactive,Provider4,506.4
A16,Mall,Inactive,Provider3,7147.65
A17,Mall,Inactive,Provider4,4388.62
A18,Mall,Maintenance,Provider2,5092.02
A19,Mall,Inactive,Provider2,5637.43
A20,Mall,Inactive,Provider2,9516.23
A21,Suburb,Active,Provider5,2023.04
A22,Mall,Active,Provider1,8769.65
A23,Airport,Active,Provider5,3267.59
A24,Airport,Inactive,Provider1,1128.37
A25,Downtown,Inactive,Provider3,1384.23
A26,Suburb,Inactive,Provider5,7188.18
A27,Airport,Inactive,Provider1,6218.24
A28,Downtown,Maintenance,Provider1,4050.21
A29,Downtown,Active,Provider2,8279.48
A30,Airport,Active,Provider2,9243.19
A31,Airport,Active,Provider1,1362.98
A32,Mall,Inactive,Provider3,4034.04
A33,Downtown,Maintenance,Provider2,413.82
A34,Downtown,Inactive,Provider2,5830.75
A35,Mall,Maintenance,Provider5,6329.24
A36,Airport,Inactive,Provider1,553.49
A37,Downtown,Maintenance,Provider4,919.63
A38,Downtown,Maintenance,Provider1,4400.71
A39,Airport,Maintenance,Provider4,7707.22
A40,Airport,Inactive,Provider2,4644.53
A41,Suburb,Active,Provider4,6199.7
A42,Suburb,Maintenance,Provider1,2493.21
A43,Suburb,Maintenance,Provider3,9628.72
A44,Mall,Inactive,Provider2,5220.66
A45,Downtown,Inactive,Provider4,8313.69
A46,Mall,Maintenance,Provider5,7814.7
A47,Mall,Maintenance,Provider2,2330.92
A48,Mall,Inactive,Provider1,3259.66
A49,Mall,Maintenance,Provider2,4969.3
A50,Downtown,Inactive,Provider1,6450.15
A51,Mall,Inactive,Provider4,4385.92
A52,Airport,Active,Provider2,138.81
A53,Downtown,Maintenance,Provider5,1986.07
A54,Mall,Maintenance,Provider5,269.1
A55,Mall,Inactive,Provider2,4267.41
A56,Downtown,Active,Provider2,9258.31
A57,Mall,Active,Provider5,4241.44
A58,Airport,Active,Provider4,5512.62
A59,Airport,Active,Provider2,459.92
A60,Downtown,Maintenance,Provider1,6864.83
A61,Mall,Active,Provider3,2537.16
A62,Suburb,Active,Provider5,7869.96
A63,Suburb,Inactive,Provider2,5869.45
A64,Airport,Active,Provider2,6506.43
A65,Airport,Inactive,Provider1,9502.08
A66,Airport,Inactive,Provider4,8359.09
A67,Airport,Maintenance,Provider4,9798.34
A68,Mall,Inactive,Provider3,26.13
A69,Mall,Maintenance,Provider5,1126.57
A70,Airport,Active,Provider3,2400.78
A71,Mall,Maintenance,Provider5,8813.74
A72,Mall,Inactive,Provider3,6284.0
A73,Mall,Inactive,Provider2,6027.72
A74,Suburb,Inactive,Provider4,257.85
A75,Mall,Inactive,Provider3,8728.85
A76,Mall,Maintenance,Provider5,5060.69
A77,Airport,Active,Provider2,6299.67
A78,Airport,Active,Provider3,1508.88
A79,Mall,Maintenance,Provider4,2448.49
A80,Downtown,Active,Provider5,1222.94
A81,Downtown,Maintenance,Provider3,5401.86
A82,Airport,Maintenance,Provider4,3979.84
A83,Mall,Maintenance,Provider1,5322.72
A84,Suburb,Inactive,Provider1,4291.48
A85,Mall,Maintenance,Provider3,3542.27
A86,Suburb,Inactive,Provider1,8389.54
A87,Mall,Inactive,Provider4,9354.24
A88,Suburb,Active,Provider5,1006.11
A89,Downtown,Maintenance,Provider1,1934.64
A90,Suburb,Active,Provider3,5198.67
A91,Suburb,Maintenance,Provider1,8825.5
A92,Mall,Maintenance,Provider4,2597.46
A93,Mall,Inactive,Provider5,2723.63
A94,Downtown,Active,Provider1,374.21
A95,Suburb,Active,Provider1,7296.93
A96,Suburb,Active,Provider2,873.66
A97,Airport,Active,Provider3,9345.53
A98,Mall,Inactive,Provider2,6744.15
A99,Mall,Active,Provider4,5038.74
A100,Mall,Inactive,Provider3,675.03
A101,Airport,Inactive,Provider2,7646.82
A102,Mall,Maintenance,Provider4,8496.83
A103,Airport,Inactive,Provider2,9148.25
A104,Airport,Maintenance,Provider3,7058.87
A105,Suburb,Inactive,Provider5,5087.96
A106,Airport,Active,Provider2,5878.43
A107,Suburb,Inactive,Provider2,7530.08
A108,Mall,Active,Provider1,8785.56
A109,Downtown,Inactive,Provider5,8212.46
A110,Downtown,Maintenance,Provider4,8898.61
A111,Downtown,Maintenance,Provider1,4963.85
A112,Mall,Inactive,Provider5,5483.3
A113,Mall,Maintenance,Provider3,1729.51
A114,Downtown,Maintenance,Provider3,4924.6
A115,Downtown,Inactive,Provider1,8404.29
A116,Airport,Inactive,Provider5,2259.1
A117,Airport,Inactive,Provider2,2830.61
A118,Suburb,Inactive,Provider2,7004.06
A119,Mall,Active,Provider1,6893.57
A120,Suburb,Active,Provider3,1389.86
A121,Downtown,Active,Provider3,931.03
A122,Mall,Active,Provider3,791.58
A123,Airport,Active,Provider3,3303.76
A124,Downtown,Active,Provider3,9912.25
A125,Downtown,Active,Provider2,8202.24
A126,Downtown,Maintenance,Provider3,1243.42
A127,Airport,Inactive,Provider2,2102.02
A128,Airport,Maintenance,Provider2,5987.92
A129,Downtown,Active,Provider3,813.56
A130,Suburb,Maintenance,Provider2,7610.28
A131,Mall,Inactive,Provider3,1442.42
A132,Suburb,Inactive,Provider1,6138.05
A133,Downtown,Active,Provider5,8235.03
A134,Mall,Active,Provider1,9326.28
A135,Downtown,Maintenance,Provider4,4637.97
A136,Airport,Inactive,Provider3,7223.39
A137,Mall,Maintenance,Provider2,8578.78
A138,Airport,Inactive,Provider3,1529.95
A139,Downtown,Maintenance,Provider4,1098.58
A140,Mall,Active,Provider5,6564.54
A141,Mall,Active,Provider4,3222.95
A142,Suburb,Maintenance,Provider3,9963.11
A143,Suburb,Maintenance,Provider2,2808.65
A144,Mall,Maintenance,Provider5,3175.7
A145,Airport,Inactive,Provider1,8689.92
A146,Suburb,Maintenance,Provider4,9848.61
A147,Suburb,Active,Provider3,9577.45
A148,Mall,Active,Provider2,8805.66
A149,Suburb,Maintenance,Provider2,23.82
A150,Airport,Active,Provider4,3971.88
A151,Suburb,Active,Provider5,2542.05
A152,Mall,Inactive,Provider1,457.64
A153,Airport,Maintenance,Provider4,2799.76
A154,Downtown,Maintenance,Provider3,4279.95
A155,Mall,Inactive,Provider2,7180.77
A156,Mall,Inactive,Provider1,3080.88
A157,Airport,Maintenance,Provider1,4976.63
A158,Mall,Inactive,Provider4,4543.3
A159,Downtown,Inactive,Provider1,8187.9
A160,Suburb,Active,Provider1,103.75
A161,Downtown,Maintenance,Provider1,7937.35
A162,Mall,Active,Provider5,8255.95
A163,Suburb,Maintenance,Provider2,926.1
A164,Mall,Inactive,Provider1,1617.45
A165,Downtown,Active,Provider1,5330.53
A166,Mall,Maintenance,Provider2,9872.44
A167,Mall,Maintenance,Provider2,2223.36
A168,Airport,Inactive,Provider4,4338.96
A169,Suburb,Maintenance,Provider5,6508.27
A170,Suburb,Active,Provider5,3758.1
A171,Suburb,Active,Provider4,2455.32
A172,Downtown,Inactive,Provider3,889.99
A173,Suburb,Inactive,Provider5,3909.92
A174,Downtown,Active,Provider5,958.77
A175,Downtown,Active,Provider4,7237.9
A176,Mall,Active,Provider3,6522.26
A177,Airport,Inactive,Provider1,8201.48
A178,Downtown,Maintenance,Provider5,8427.69
A179,Airport,Inactive,Provider4,8372.75
A180,Airport,Maintenance,Provider4,7816.9
A181,Airport,Maintenance,Provider2,2231.48
A182,Airport,Active,Provider4,402.36
A183,Downtown,Active,Provider5,6041.8
A184,Mall,Active,Provider1,6303.52
A185,Downtown,Active,Provider3,1799.06
A186,Mall,Active,Provider5,4368.85
A187,Downtown,Maintenance,Provider1,8190.33
A188,Mall,Active,Provider1,2845.09
A189,Airport,Maintenance,Provider5,1405.81
A190,Suburb,Inactive,Provider1,7769.05
A191,Mall,Inactive,Provider4,7720.56
A192,Airport,Inactive,Provider2,3640.25
A193,Mall,Maintenance,Provider4,4143.02
A194,Airport,Maintenance,Provider3,7339.27
A195,Airport,Active,Provider3,8390.58
A196,Downtown,Maintenance,Provider1,7188.84
A197,Suburb,Maintenance,Provider2,9066.75
A198,Downtown,Maintenance,Provider2,7209.1
A199,Mall,Active,Provider2,2039.03
A200,Mall,Inactive,Provider1,1855.25
A201,Suburb,Maintenance,Provider1,2533.25
A202,Downtown,Maintenance,Provider2,5076.15
A203,Airport,Maintenance,Provider5,4646.53
A204,Airport,Maintenance,Provider2,1247.8
A205,Suburb,Inactive,Provider5,3053.93
A206,Downtown,Active,Provider3,3645.27
A207,Downtown,Maintenance,Provider3,1695.9
A208,Airport,Active,Provider5,4949.81
A209,Mall,Inactive,Provider3,2115.95
A210,Suburb,Inactive,Provider3,9148.32
A211,Airport,Maintenance,Provider4,9155.15
A212,Downtown,Inactive,Provider1,8226.63
A213,Mall,Active,Provider4,6893.32
A214,Suburb,Maintenance,Provider1,1666.04
A215,Mall,Inactive,Provider4,3140.57
A216,Downtown,Maintenance,Provider2,1853.97
A217,Mall,Maintenance,Provider3,9167.63
A218,Downtown,Active,Provider2,2943.54
A219,Downtown,Active,Provider3,7215.1
A220,Mall,Inactive,Provider1,904.64
A221,Downtown,Maintenance,Provider3,8654.43
A222,Suburb,Inactive,Provider5,6684.93
A223,Airport,Active,Provider2,9388.96
A224,Mall,Inactive,Provider1,4307.99
A225,Suburb,Maintenance,Provider3,5034.75
A226,Mall,Inactive,Provider5,3241.8
A227,Mall,Active,Provider2,432.41
A228,Downtown,Active,Provider3,115.01
A229,Downtown,Active,Provider5,1761.15
A230,Suburb,Inactive,Provider1,9743.69
A231,Downtown,Inactive,Provider2,1556.23
A232,Downtown,Active,Provider3,1947.18
A233,Downtown,Maintenance,Provider2,5715.53
A234,Downtown,Inactive,Provider1,6907.2
A235,Downtown,Inactive,Provider4,3912.42
A236,Airport,Maintenance,Provider3,7129.29
A237,Mall,Active,Provider3,1668.28
A238,Mall,Inactive,Provider1,2449.14
A239,Airport,Active,Provider2,8064.14
A240,Airport,Maintenance,Provider3,1384.49
A241,Mall,Active,Provider4,8362.06
A242,Mall,Active,Provider2,4968.48
A243,Airport,Maintenance,Provider1,7367.79
A244,Airport,Maintenance,Provider5,63.13
A245,Suburb,Inactive,Provider3,248.17
A246,Suburb,Maintenance,Provider2,6609.13
A247,Suburb,Maintenance,Provider5,1525.71
A248,Airport,Maintenance,Provider4,3130.0
A249,Airport,Active,Provider1,3080.68
A250,Suburb,Inactive,Provider3,2011.73
A251,Suburb,Inactive,Provider2,9755.82
A252,Mall,Inactive,Provider3,6044.74
A253,Suburb,Active,Provider2,1733.51
A254,Suburb,Maintenance,Provider2,6886.84
A255,Mall,Active,Provider2,5379.06
A256,Airport,Inactive,Provider5,2205.82
A257,Downtown,Inactive,Provider3,4353.35
A258,Airport,Active,Provider1,9845.48
A259,Downtown,Active,Provider3,8135.75
A260,Airport,Active,Provider2,1430.44
A261,Mall,Active,Provider1,4571.54
A262,Downtown,Inactive,Provider3,6784.43
A263,Airport,Maintenance,Provider2,2598.12
A264,Suburb,Inactive,Provider2,8021.14
A265,Downtown,Maintenance,Provider5,7974.14
A266,Downtown,Inactive,Provider1,4238.53
A267,Mall,Active,Provider4,1663.11
A268,Airport,Inactive,Provider3,9122.75
A269,Airport,Inactive,Provider1,8507.05
A270,Mall,Active,Provider2,8576.81
A271,Mall,Maintenance,Provider2,3828.22
A272,Mall,Active,Provider5,3944.23
A273,Mall,Maintenance,Provider2,1651.56
A274,Airport,Inactive,Provider2,5954.75
A275,Mall,Inactive,Provider1,6794.55
A276,Airport,Maintenance,Provider1,2651.88
A277,Airport,Maintenance,Provider3,3109.78
A278,Mall,Maintenance,Provider3,2260.26
A279,Suburb,Active,Provider1,9409.02
A280,Airport,Maintenance,Provider5,8198.84
A281,Downtown,Active,Provider4,1762.88
A282,Airport,Maintenance,Provider5,1569.28
A283,Airport,Active,Provider1,1047.96
A284,Mall,Maintenance,Provider4,2280.62
A285,Airport,Inactive,Provider4,1791.82
A286,Downtown,Inactive,Provider5,9917.82
A287,Downtown,Active,Provider3,3984.81
A288,Airport,Maintenance,Provider5,1342.13
A289,Airport,Maintenance,Provider3,2489.44
A290,Suburb,Maintenance,Provider5,8897.97
A291,Mall,Active,Provider4,8008.88
A292,Suburb,Inactive,Provider4,5611.45
A293,Suburb,Active,Provider3,88.14
A294,Downtown,Active,Provider2,1873.39
A295,Mall,Active,Provider1,7202.23
A296,Suburb,Inactive,Provider2,6322.32
A297,Downtown,Maintenance,Provider1,2371.91
A298,Airport,Maintenance,Provider5,8233.78
A299,Suburb,Maintenance,Provider4,8243.22
A300,Suburb,Maintenance,Provider4,6890.29
A301,Downtown,Maintenance,Provider4,6392.53
A302,Airport,Inactive,Provider5,8585.27
A303,Mall,Inactive,Provider5,9099.32
A304,Suburb,Inactive,Provider1,1883.2
A305,Suburb,Active,Provider1,596.58
A306,Downtown,Maintenance,Provider3,8427.84
A307,Downtown,Inactive,Provider2,8680.88
A308,Mall,Inactive,Provider1,4862.63
A309,Suburb,Inactive,Provider3,5993.57
A310,Suburb,Active,Provider3,4674.44
A311,Suburb,Active,Provider1,6386.52
A312,Suburb,Active,Provider3,8013.62
A313,Airport,Maintenance,Provider2,2478.55
A314,Mall,Maintenance,Provider3,2392.54
A315,Suburb,Maintenance,Provider4,4077.45
A316,Airport,Active,Provider3,2876.9
A317,Airport,Maintenance,Provider1,864.14
A318,Suburb,Maintenance,Provider5,3417.22
A319,Airport,Active,Provider4,7104.25
A320,Airport,Active,Provider2,4032.16
A321,Mall,Active,Provider1,1912.25
A322,Downtown,Active,Provider1,2798.19
A323,Mall,Inactive,Provider3,8600.95
A324,Downtown,Active,Provider3,4431.62
A325,Downtown,Inactive,Provider3,3453.34
A326,Downtown,Inactive,Provider1,6655.16
A327,Airport,Maintenance,Provider4,8163.85
A328,Suburb,Active,Provider1,9584.63
A329,Suburb,Maintenance,Provider1,569.47
A330,Mall,Active,Provider1,6702.0
A331,Mall,Active,Provider5,9280.55
A332,Airport,Maintenance,Provider5,1173.68
A333,Mall,Maintenance,Provider1,9900.6
A334,Airport,Inactive,Provider2,9247.77
A335,Airport,Active,Provider1,4488.79
A336,Suburb,Active,Provider1,8782.96
A337,Suburb,Active,Provider2,4181.61
A338,Mall,Inactive,Provider2,4159.08
A339,Airport,Inactive,Provider3,2438.23
A340,Suburb,Inactive,Provider1,7738.64
A341,Mall,Active,Provider4,2760.85
A342,Downtown,Maintenance,Provider2,7706.47
A343,Downtown,Inactive,Provider4,4434.78
A344,Suburb,Maintenance,Provider4,7825.19
A345,Mall,Maintenance,Provider1,1576.57
A346,Downtown,Maintenance,Provider4,7451.84
A347,Airport,Inactive,Provider5,5518.56
A348,Airport,Active,Provider2,9249.0
A349,Suburb,Active,Provider5,9667.01
A350,Mall,Maintenance,Provider2,4534.74
A351,Mall,Active,Provider3,1999.69
A352,Airport,Maintenance,Provider5,4559.56
A353,Suburb,Maintenance,Provider1,4686.51
A354,Airport,Maintenance,Provider5,9711.04
A355,Airport,Inactive,Provider4,7068.66
A356,Airport,Maintenance,Provider1,2144.89
A357,Downtown,Active,Provider4,9720.56
A358,Downtown,Inactive,Provider1,7713.34
A359,Suburb,Maintenance,Provider2,9170.86
A360,Mall,Active,Provider2,2254.2
A361,Downtown,Inactive,Provider5,8274.56
A362,Suburb,Inactive,Provider5,171.94
A363,Mall,Active,Provider1,6913.48
A364,Downtown,Active,Provider5,8713.24
A365,Mall,Active,Provider1,6065.64
A366,Airport,Inactive,Provider3,3311.58
A367,Airport,Maintenance,Provider1,3612.53
A368,Airport,Maintenance,Provider1,5017.83
A369,Downtown,Maintenance,Provider3,8080.33
A370,Airport,Active,Provider1,6090.7
A371,Airport,Inactive,Provider4,8077.86
A372,Downtown,Maintenance,Provider2,1267.47
A373,Downtown,Inactive,Provider5,7106.95
A374,Suburb,Maintenance,Provider4,3926.0
A375,Downtown,Maintenance,Provider5,8621.08
A376,Suburb,Inactive,Provider4,6725.94
A377,Suburb,Active,Provider5,1511.2
A378,Mall,Active,Provider4,9969.34
A379,Downtown,Maintenance,Provider1,5949.16
A380,Suburb,Maintenance,Provider2,2893.54
A381,Mall,Inactive,Provider3,8666.75
A382,Mall,Inactive,Provider5,2641.18
A383,Suburb,Inactive,Provider2,1589.94
A384,Airport,Active,Provider4,2795.86
A385,Airport,Inactive,Provider2,3944.04
A386,Airport,Inactive,Provider1,2936.76
A387,Mall,Inactive,Provider5,7617.36
A388,Downtown,Active,Provider4,6138.31
A389,Downtown,Active,Provider3,9287.38
A390,Downtown,Maintenance,Provider1,368.37
A391,Downtown,Maintenance,Provider3,2185.67
A392,Mall,Inactive,Provider2,1215.67
A393,Airport,Active,Provider2,8947.69
A394,Downtown,Active,Provider4,1197.18
A395,Downtown,Inactive,Provider2,9813.81
A396,Downtown,Active,Provider5,6623.74
A397,Suburb,Active,Provider2,7559.04
A398,Suburb,Active,Provider1,2972.93
A399,Suburb,Active,Provider4,8593.66
A400,Downtown,Active,Provider3,2614.97
A401,Airport,Active,Provider1,5092.98
A402,Mall,Inactive,Provider3,7715.35
A403,Mall,Maintenance,Provider5,4913.28
A404,Airport,Inactive,Provider1,5115.2
A405,Mall,Active,Provider5,9132.87
A406,Suburb,Active,Provider4,5797.16
A407,Airport,Active,Provider1,1572.92
A408,Airport,Active,Provider2,17.94
A409,Downtown,Inactive,Provider1,8993.2
A410,Mall,Active,Provider5,8660.16
A411,Mall,Maintenance,Provider3,16.95
A412,Airport,Maintenance,Provider4,882.58
A413,Mall,Maintenance,Provider4,4258.96
A414,Suburb,Maintenance,Provider3,9601.82
A415,Suburb,Maintenance,Provider5,2595.06
A416,Downtown,Active,Provider4,1021.27
A417,Downtown,Maintenance,Provider3,1189.54
A418,Suburb,Active,Provider2,8747.78
A419,Suburb,Maintenance,Provider5,1040.37
A420,Mall,Maintenance,Provider5,7869.22
A421,Mall,Active,Provider2,2666.86
A422,Mall,Active,Provider2,5766.45
A423,Mall,Maintenance,Provider1,2117.63
A424,Suburb,Inactive,Provider5,3519.5
A425,Mall,Maintenance,Provider4,6855.91
A426,Downtown,Maintenance,Provider4,1899.12
A427,Mall,Inactive,Provider5,5889.66
A428,Suburb,Inactive,Provider5,8775.99
A429,Downtown,Inactive,Provider5,3802.52
A430,Suburb,Inactive,Provider2,1414.9
A431,Suburb,Active,Provider5,3678.37
A432,Suburb,Inactive,Provider5,9850.08
A433,Mall,Active,Provider3,8561.14
A434,Downtown,Maintenance,Provider3,7968.2
A435,Suburb,Active,Provider4,3252.13
A436,Downtown,Active,Provider4,4086.18
A437,Suburb,Maintenance,Provider1,3511.08
A438,Airport,Inactive,Provider3,1411.25
A439,Downtown,Inactive,Provider4,2304.52
A440,Downtown,Inactive,Provider3,8003.37
A441,Mall,Maintenance,Provider4,5585.59
A442,Downtown,Active,Provider5,8578.02
A443,Downtown,Maintenance,Provider1,7019.74
A444,Airport,Maintenance,Provider2,8429.48
A445,Airport,Maintenance,Provider4,3157.71
A446,Mall,Maintenance,Provider5,4336.28
A447,Downtown,Active,Provider4,737.97
A448,Airport,Inactive,Provider1,6245.54
A449,Downtown,Inactive,Provider3,3286.67
A450,Airport,Active,Provider1,9040.16
A451,Downtown,Active,Provider3,4108.86
A452,Downtown,Active,Provider4,6745.64
A453,Suburb,Maintenance,Provider2,5635.57
A454,Suburb,Maintenance,Provider4,6154.38
A455,Suburb,Active,Provider4,8130.57
A456,Downtown,Active,Provider1,4593.64
A457,Mall,Active,Provider4,9507.89
A458,Mall,Inactive,Provider3,1802.95
A459,Downtown,Inactive,Provider5,7542.92
A460,Mall,Inactive,Provider1,3105.28
A461,Suburb,Active,Provider1,8359.14
A462,Suburb,Active,Provider5,316.78
A463,Airport,Inactive,Provider1,5434.1
A464,Downtown,Maintenance,Provider2,9107.08
A465,Suburb,Maintenance,Provider3,655.91
A466,Mall,Active,Provider5,2479.45
A467,Mall,Maintenance,Provider1,812.55
A468,Downtown,Active,Provider1,2633.14
A469,Airport,Maintenance,Provider5,829.73
A470,Airport,Maintenance,Provider1,7786.19
A471,Downtown,Maintenance,Provider4,9111.4
A472,Downtown,Inactive,Provider4,9944.75
A473,Suburb,Inactive,Provider4,4951.1
A474,Airport,Maintenance,Provider4,7911.76
A475,Mall,Active,Provider2,5308.67
A476,Downtown,Inactive,Provider1,1510.02
A477,Suburb,Maintenance,Provider4,1434.18
A478,Downtown,Inactive,Provider2,7536.84
A479,Downtown,Maintenance,Provider1,5819.2
A480,Suburb,Inactive,Provider4,7123.57
A481,Downtown,Maintenance,Provider3,896.6
A482,Suburb,Inactive,Provider4,2335.12
A483,Mall,Maintenance,Provider4,3348.94
A484,Airport,Inactive,Provider3,1399.68
A485,Suburb,Maintenance,Provider1,6287.27
A486,Mall,Inactive,Provider4,2900.3
A487,Mall,Active,Provider1,2612.07
A488,Airport,Maintenance,Provider1,3886.37
A489,Mall,Active,Provider4,99.33
A490,Airport,Active,Provider5,693.79
A491,Airport,Maintenance,Provider3,1720.42
A492,Mall,Active,Provider2,7613.38
A493,Mall,Maintenance,Provider3,6479.61
A494,Airport,Inactive,Provider1,6918.51
A495,Suburb,Inactive,Provider4,2591.78
A496,Suburb,Active,Provider5,7685.01
A497,Downtown,Inactive,Provider4,9265.5
A498,Suburb,Inactive,Provider5,5625.03
A499,Downtown,Inactive,Provider1,4166.98
A500,Airport,Active,Provider4,616.03
A501,Airport,Inactive,Provider2,1064.42
A502,Airport,Maintenance,Provider4,3708.8
A503,Suburb,Maintenance,Provider2,7668.07
A504,Airport,Inactive,Provider1,6561.96
A505,Downtown,Maintenance,Provider4,7156.17
A506,Airport,Maintenance,Provider5,9143.17
A507,Mall,Active,Provider4,8430.53
A508,Downtown,Maintenance,Provider2,5116.19
A509,Downtown,Maintenance,Provider4,3728.79
A510,Suburb,Inactive,Provider3,8623.05
A511,Downtown,Maintenance,Provider4,8709.65
A512,Airport,Active,Provider1,8023.49
A513,Mall,Inactive,Provider2,9276.02
A514,Mall,Maintenance,Provider4,4484.92
A515,Suburb,Active,Provider1,4237.18
A516,Mall,Inactive,Provider1,4075.15
A517,Suburb,Active,Provider5,1936.83
A518,Airport,Inactive,Provider5,5039.12
A519,Downtown,Active,Provider2,4686.67
A520,Mall,Maintenance,Provider3,290.74
A521,Airport,Inactive,Provider4,928.32
A522,Suburb,Active,Provider2,9834.56
A523,Airport,Active,Provider1,2497.25
A524,Mall,Active,Provider2,3860.81
A525,Mall,Active,Provider2,3685.51
A526,Suburb,Inactive,Provider3,4938.2
A527,Downtown,Active,Provider4,1352.99
A528,Downtown,Maintenance,Provider4,8829.3
A529,Airport,Inactive,Provider1,9149.21
A530,Airport,Maintenance,Provider2,7269.44
A531,Airport,Maintenance,Provider1,86.05
A532,Airport,Inactive,Provider5,9321.06
A533,Downtown,Inactive,Provider3,337.6
A534,Suburb,Active,Provider5,8252.95
A535,Downtown,Maintenance,Provider4,3436.65
A536,Downtown,Active,Provider4,3921.57
A537,Airport,Inactive,Provider4,1325.9
A538,Airport,Active,Provider5,1726.61
A539,Mall,Maintenance,Provider2,9676.16
A540,Suburb,Inactive,Provider5,1249.02
A541,Suburb,Maintenance,Provider2,5876.98
A542,Airport,Maintenance,Provider2,7160.61
A543,Downtown,Inactive,Provider3,7093.66
A544,Downtown,Maintenance,Provider5,3241.09
A545,Suburb,Inactive,Provider2,8383.07
A546,Airport,Inactive,Provider3,980.82
A547,Downtown,Active,Provider3,7962.75
A548,Airport,Active,Provider5,1206.1
A549,Airport,Inactive,Provider5,9762.22
A550,Airport,Inactive,Provider4,8577.13
A551,Mall,Inactive,Provider3,3504.89
A552,Suburb,Inactive,Provider1,2460.12
A553,Airport,Inactive,Provider2,311.8
A554,Airport,Inactive,Provider4,95.52
A555,Mall,Maintenance,Provider5,7433.3
A556,Airport,Active,Provider5,2446.5
A557,Downtown,Maintenance,Provider1,5356.24
A558,Suburb,Active,Provider5,2249.29
A559,Mall,Maintenance,Provider4,4216.23
A560,Downtown,Maintenance,Provider1,1334.96
A561,Airport,Maintenance,Provider1,9802.66
A562,Downtown,Maintenance,Provider5,8035.96
A563,Downtown,Active,Provider5,6639.87
A564,Downtown,Active,Provider4,5971.3
A565,Suburb,Maintenance,Provider5,1740.67
A566,Airport,Maintenance,Provider1,3602.94
A567,Airport,Maintenance,Provider5,8651.87
A568,Suburb,Maintenance,Provider4,9252.43
A569,Downtown,Maintenance,Provider3,9544.8
A570,Downtown,Maintenance,Provider4,173.65
A571,Airport,Active,Provider2,484.72
A572,Suburb,Maintenance,Provider5,4381.52
A573,Downtown,Active,Provider5,5405.03
A574,Downtown,Active,Provider3,24.78
A575,Airport,Inactive,Provider4,9598.73
A576,Mall,Active,Provider2,7321.2
A577,Mall,Active,Provider2,9491.92
A578,Mall,Maintenance,Provider1,4441.24
A579,Airport,Active,Provider1,6166.89
A580,Airport,Maintenance,Provider3,3290.06
A581,Downtown,Maintenance,Provider5,1281.01
A582,Downtown,Maintenance,Provider3,7864.5
A583,Mall,Maintenance,Provider5,4756.47
A584,Mall,Maintenance,Provider5,4457.31
A585,Suburb,Active,Provider2,4238.91
A586,Mall,Maintenance,Provider3,990.81
A587,Mall,Active,Provider4,386.56
A588,Airport,Inactive,Provider5,3174.67
A589,Airport,Maintenance,Provider2,9196.08
A590,Suburb,Maintenance,Provider5,845.46
A591,Suburb,Inactive,Provider5,108.39
A592,Mall,Inactive,Provider2,1968.1
A593,Mall,Inactive,Provider1,5422.12
A594,Airport,Inactive,Provider5,5238.49
A595,Airport,Inactive,Provider1,8476.36
A596,Downtown,Maintenance,Provider1,5160.75
A597,Suburb,Active,Provider5,5025.95
A598,Suburb,Active,Provider2,6189.01
A599,Suburb,Maintenance,Provider4,1018.37
A600,Mall,Active,Provider5,4899.43
A601,Downtown,Maintenance,Provider2,6321.5
A602,Mall,Active,Provider3,1280.62
A603,Mall,Maintenance,Provider5,2785.1
A604,Airport,Maintenance,Provider4,5260.32
A605,Mall,Inactive,Provider2,1959.88
A606,Downtown,Maintenance,Provider1,9641.47
A607,Downtown,Maintenance,Provider1,7977.63
A608,Airport,Active,Provider4,4058.0
A609,Downtown,Maintenance,Provider5,4019.25
A610,Suburb,Active,Provider1,1986.5
A611,Mall,Active,Provider2,1659.01
A612,Downtown,Maintenance,Provider4,4242.91
A613,Downtown,Maintenance,Provider5,9725.79
A614,Suburb,Inactive,Provider3,8469.68
A615,Airport,Active,Provider2,7498.54
A616,Suburb,Active,Provider4,8189.97
A617,Mall,Inactive,Provider4,6035.85
A618,Downtown,Active,Provider4,7344.19
A619,Suburb,Active,Provider2,3996.96
A620,Suburb,Active,Provider2,8531.33
A621,Mall,Inactive,Provider1,898.96
A622,Airport,Active,Provider3,6818.48
A623,Airport,Inactive,Provider4,2137.55
A624,Downtown,Active,Provider4,2343.92
A625,Mall,Maintenance,Provider3,1992.39
A626,Mall,Inactive,Provider1,9276.75
A627,Downtown,Active,Provider3,7063.89
A628,Mall,Maintenance,Provider5,732.9
A629,Airport,Active,Provider4,5356.37
A630,Downtown,Active,Provider2,948.33
A631,Airport,Maintenance,Provider1,8091.12
A632,Airport,Inactive,Provider5,6806.84
A633,Airport,Maintenance,Provider4,8856.91
A634,Airport,Active,Provider2,8640.05
A635,Downtown,Inactive,Provider3,6771.45
A636,Airport,Inactive,Provider2,8014.07
A637,Downtown,Maintenance,Provider1,568.63
A638,Airport,Active,Provider3,531.91
A639,Downtown,Inactive,Provider1,3457.03
A640,Suburb,Active,Provider1,3944.96
A641,Airport,Maintenance,Provider3,6017.73
A642,Mall,Inactive,Provider5,8802.05
A643,Airport,Inactive,Provider5,2401.82
A644,Mall,Active,Provider3,1134.92
A645,Downtown,Active,Provider4,8193.58
A646,Airport,Active,Provider5,5652.29
A647,Airport,Maintenance,Provider5,373.3
A648,Airport,Active,Provider5,352.82
A649,Airport,Inactive,Provider3,1606.74
A650,Downtown,Active,Provider5,1322.53
A651,Downtown,Inactive,Provider4,1976.31
A652,Airport,Inactive,Provider2,5784.78
A653,Suburb,Maintenance,Provider5,3453.58
A654,Suburb,Active,Provider1,1411.11
A655,Suburb,Active,Provider5,3015.63
A656,Suburb,Maintenance,Provider1,238.84
A657,Suburb,Maintenance,Provider4,3200.71
A658,Downtown,Active,Provider4,1590.08
A659,Mall,Active,Provider3,4405.7
A660,Mall,Maintenance,Provider4,478.68
A661,Downtown,Inactive,Provider3,8698.7
A662,Downtown,Inactive,Provider2,9177.67
A663,Airport,Inactive,Provider5,8479.7
A664,Suburb,Active,Provider5,1322.61
A665,Airport,Active,Provider5,7200.93
A666,Downtown,Maintenance,Provider2,1940.54
A667,Airport,Maintenance,Provider1,9304.33
A668,Downtown,Active,Provider5,2972.42
A669,Downtown,Inactive,Provider1,460.93
A670,Suburb,Inactive,Provider2,3036.88
A671,Mall,Active,Provider3,1812.3
A672,Mall,Inactive,Provider4,2267.44
A673,Airport,Active,Provider4,3537.34
A674,Mall,Maintenance,Provider4,7657.24
A675,Mall,Maintenance,Provider5,8720.44
A676,Mall,Maintenance,Provider3,7670.41
A677,Airport,Maintenance,Provider3,7316.58
A678,Downtown,Maintenance,Provider4,4193.73
A679,Suburb,Active,Provider2,4583.31
A680,Mall,Maintenance,Provider3,8737.51
A681,Suburb,Inactive,Provider4,3042.85
A682,Airport,Maintenance,Provider1,2132.95
A683,Airport,Active,Provider3,6474.78
A684,Mall,Maintenance,Provider1,5275.66
A685,Downtown,Inactive,Provider4,9275.46
A686,Suburb,Active,Provider3,6111.62
A687,Mall,Active,Provider1,8448.81
A688,Suburb,Inactive,Provider4,5057.7
A689,Airport,Active,Provider2,1549.0
A690,Airport,Maintenance,Provider3,2996.08
A691,Suburb,Inactive,Provider2,6476.99
A692,Airport,Active,Provider4,3110.61
A693,Downtown,Inactive,Provider4,742.75
A694,Airport,Inactive,Provider2,7648.61
A695,Airport,Active,Provider2,6084.79
A696,Downtown,Active,Provider1,1921.9
A697,Airport,Inactive,Provider1,2171.96
A698,Downtown,Maintenance,Provider3,9644.62
A699,Downtown,Maintenance,Provider4,6860.56
A700,Airport,Active,Provider1,6647.89
A701,Mall,Active,Provider5,2330.46
A702,Airport,Inactive,Provider4,3276.61
A703,Suburb,Inactive,Provider4,5683.45
A704,Airport,Inactive,Provider1,5943.98
A705,Downtown,Active,Provider2,6928.85
A706,Suburb,Inactive,Provider3,7251.06
A707,Downtown,Active,Provider3,1460.15
A708,Downtown,Maintenance,Provider5,3967.44
A709,Downtown,Active,Provider4,7993.07
A710,Suburb,Inactive,Provider5,9008.94
A711,Suburb,Maintenance,Provider5,888.08
A712,Downtown,Active,Provider5,5707.23
A713,Downtown,Active,Provider3,3964.07
A714,Suburb,Maintenance,Provider2,3336.88
A715,Mall,Maintenance,Provider5,1099.69
A716,Airport,Inactive,Provider5,5012.62
A717,Downtown,Maintenance,Provider4,1763.54
A718,Suburb,Active,Provider4,8282.72
A719,Suburb,Inactive,Provider2,9389.62
A720,Airport,Inactive,Provider4,6067.1
A721,Mall,Maintenance,Provider4,5492.58
A722,Airport,Maintenance,Provider1,4383.17
A723,Suburb,Inactive,Provider1,8393.34
A724,Airport,Maintenance,Provider3,9210.13
A725,Airport,Maintenance,Provider5,3073.17
A726,Airport,Active,Provider5,2402.8
A727,Downtown,Active,Provider4,6344.31
A728,Downtown,Inactive,Provider1,4670.53
A729,Downtown,Active,Provider1,4372.65
A730,Mall,Active,Provider4,6749.86
A731,Downtown,Active,Provider3,6913.36
A732,Mall,Inactive,Provider1,1240.45
A733,Mall,Inactive,Provider1,8916.69
A734,Airport,Inactive,Provider4,8438.08
A735,Suburb,Maintenance,Provider2,3059.39
A736,Airport,Inactive,Provider2,4755.86
A737,Downtown,Maintenance,Provider5,4306.67
A738,Mall,Active,Provider5,7313.51
A739,Airport,Active,Provider4,1093.14
A740,Suburb,Inactive,Provider1,1286.49
A741,Mall,Maintenance,Provider2,2894.42
A742,Airport,Maintenance,Provider5,7376.52
A743,Downtown,Inactive,Provider2,7417.22
A744,Suburb,Maintenance,Provider4,8902.67
A745,Airport,Active,Provider2,8704.63
A746,Suburb,Maintenance,Provider1,7605.87
A747,Airport,Maintenance,Provider3,9518.98
A748,Mall,Inactive,Provider3,4147.03
A749,Mall,Maintenance,Provider4,6652.6
A750,Suburb,Inactive,Provider3,7131.64
A751,Suburb,Maintenance,Provider5,2745.19
A752,Mall,Inactive,Provider2,9979.0
A753,Airport,Inactive,Provider1,7368.82
A754,Mall,Active,Provider5,1311.62
A755,Mall,Inactive,Provider4,5959.13
A756,Downtown,Maintenance,Provider1,6511.03
A757,Suburb,Active,Provider4,6250.79
A758,Suburb,Maintenance,Provider1,4828.45
A759,Downtown,Inactive,Provider1,9430.58
A760,Airport,Maintenance,Provider5,5069.47
A761,Airport,Inactive,Provider1,3809.51
A762,Airport,Active,Provider4,6761.11
A763,Downtown,Active,Provider2,6511.51
A764,Airport,Inactive,Provider1,4680.47
A765,Downtown,Maintenance,Provider3,8882.41
A766,Airport,Maintenance,Provider1,4557.03
A767,Airport,Inactive,Provider5,9697.59
A768,Downtown,Active,Provider1,6469.79
A769,Suburb,Maintenance,Provider1,6916.29
A770,Downtown,Maintenance,Provider1,91.41
A771,Mall,Maintenance,Provider3,8003.27
A772,Downtown,Inactive,Provider3,8181.2
A773,Mall,Maintenance,Provider1,9129.47
A774,Airport,Inactive,Provider4,6759.11
A775,Suburb,Maintenance,Provider1,8587.17
A776,Downtown,Active,Provider2,7505.27
A777,Airport,Maintenance,Provider2,9673.15
A778,Suburb,Maintenance,Provider5,5270.36
A779,Downtown,Inactive,Provider2,3873.63
A780,Airport,Inactive,Provider2,8679.18
A781,Downtown,Maintenance,Provider2,9088.07
A782,Airport,Active,Provider5,3537.06
A783,Airport,Active,Provider2,2453.03
A784,Downtown,Maintenance,Provider2,4355.34
A785,Mall,Maintenance,Provider4,2901.18
A786,Suburb,Active,Provider4,5491.37
A787,Mall,Maintenance,Provider4,5896.33
A788,Mall,Inactive,Provider2,962.24
A789,Airport,Maintenance,Provider1,5475.0
A790,Airport,Inactive,Provider3,4936.26
A791,Downtown,Inactive,Provider3,434.14
A792,Suburb,Active,Provider4,8067.06
A793,Downtown,Active,Provider5,596.51
A794,Suburb,Active,Provider3,9486.82
A795,Airport,Maintenance,Provider4,8500.64
A796,Downtown,Active,Provider5,8917.02
A797,Suburb,Inactive,Provider5,9496.22
A798,Airport,Inactive,Provider1,5424.15
A799,Suburb,Active,Provider5,9261.09
A800,Mall,Active,Provider3,2670.22
A801,Downtown,Active,Provider3,1521.07
A802,Suburb,Maintenance,Provider5,1474.92
A803,Airport,Active,Provider3,8874.36
A804,Airport,Inactive,Provider2,8828.98
A805,Airport,Maintenance,Provider5,8435.13
A806,Suburb,Maintenance,Provider2,2039.03
A807,Suburb,Inactive,Provider1,4490.99
A808,Suburb,Maintenance,Provider2,1947.26
A809,Suburb,Active,Provider3,1746.9
A810,Downtown,Maintenance,Provider1,2497.75
A811,Downtown,Maintenance,Provider3,4438.73
A812,Airport,Maintenance,Provider5,2202.15
A813,Suburb,Active,Provider5,9078.92
A814,Downtown,Inactive,Provider3,8689.41
A815,Downtown,Maintenance,Provider3,535.04
A816,Downtown,Maintenance,Provider2,9889.67
A817,Mall,Inactive,Provider1,6587.27
A818,Downtown,Active,Provider1,5580.48
A819,Airport,Maintenance,Provider2,3379.15
A820,Suburb,Inactive,Provider3,3168.15
A821,Downtown,Active,Provider3,219.36
A822,Downtown,Maintenance,Provider5,6221.26
A823,Suburb,Inactive,Provider1,198.87
A824,Suburb,Maintenance,Provider3,5813.94
A825,Downtown,Inactive,Provider1,7417.78
A826,Mall,Active,Provider2,9779.9
A827,Suburb,Active,Provider2,2379.85
A828,Suburb,Active,Provider1,6692.97
A829,Airport,Maintenance,Provider2,902.42
A830,Mall,Active,Provider5,326.56
A831,Downtown,Active,Provider5,1360.65
A832,Downtown,Active,Provider5,6366.69
A833,Airport,Active,Provider2,5287.16
A834,Airport,Inactive,Provider5,4728.98
A835,Mall,Maintenance,Provider1,3254.05
A836,Airport,Maintenance,Provider2,854.12
A837,Airport,Active,Provider1,6515.01
A838,Airport,Active,Provider2,8853.79
A839,Suburb,Active,Provider5,916.59
A840,Airport,Inactive,Provider4,5291.96
A841,Downtown,Active,Provider2,7117.05
A842,Airport,Active,Provider3,9856.62
A843,Suburb,Active,Provider1,1705.26
A844,Airport,Maintenance,Provider5,5087.03
A845,Downtown,Inactive,Provider3,4601.1
A846,Suburb,Maintenance,Provider4,6917.46
A847,Mall,Inactive,Provider2,5210.17
A848,Mall,Active,Provider2,3819.44
A849,Mall,Maintenance,Provider2,6094.85
A850,Mall,Maintenance,Provider5,5253.74
A851,Mall,Inactive,Provider1,8483.58
A852,Suburb,Inactive,Provider2,1080.27
A853,Suburb,Inactive,Provider4,1263.48
A854,Mall,Maintenance,Provider3,9492.95
A855,Suburb,Inactive,Provider4,9748.31
A856,Airport,Active,Provider2,7979.58
A857,Downtown,Inactive,Provider4,2411.5
A858,Suburb,Active,Provider3,8037.6
A859,Mall,Inactive,Provider5,4777.21
A860,Downtown,Maintenance,Provider4,2021.97
A861,Downtown,Active,Provider4,607.29
A862,Suburb,Inactive,Provider5,7342.1
A863,Suburb,Active,Provider5,1631.17
A864,Downtown,Inactive,Provider2,325.37
A865,Airport,Active,Provider5,6844.12
A866,Suburb,Maintenance,Provider5,447.62
A867,Downtown,Maintenance,Provider5,778.13
A868,Downtown,Maintenance,Provider2,478.35
A869,Airport,Maintenance,Provider4,566.07
A870,Suburb,Active,Provider5,7751.85
A871,Airport,Active,Provider3,2471.74
A872,Downtown,Active,Provider5,9090.5
A873,Downtown,Maintenance,Provider2,2577.04
A874,Suburb,Inactive,Provider1,2302.42
A875,Downtown,Inactive,Provider4,8613.84
A876,Suburb,Active,Provider5,6094.38
A877,Mall,Maintenance,Provider2,3959.91
A878,Mall,Maintenance,Provider3,8180.72
A879,Airport,Maintenance,Provider3,5467.86
A880,Airport,Maintenance,Provider1,2854.07
A881,Airport,Active,Provider2,2354.3
A882,Downtown,Maintenance,Provider1,1308.99
A883,Airport,Maintenance,Provider4,6733.4
A884,Mall,Maintenance,Provider4,6082.3
A885,Downtown,Inactive,Provider4,4407.29
A886,Downtown,Active,Provider2,4429.9
A887,Downtown,Active,Provider1,2955.44
A888,Downtown,Maintenance,Provider4,335.61
A889,Airport,Inactive,Provider2,2915.83
A890,Airport,Active,Provider1,5217.67
A891,Mall,Inactive,Provider4,2573.16
A892,Mall,Inactive,Provider4,5549.52
A893,Suburb,Inactive,Provider1,6367.89
A894,Mall,Active,Provider2,5315.38
A895,Suburb,Inactive,Provider5,9754.33
A896,Airport,Active,Provider5,5503.5
A897,Suburb,Maintenance,Provider4,3938.03
A898,Airport,Maintenance,Provider3,1876.14
A899,Airport,Inactive,Provider5,4716.64
A900,Airport,Maintenance,Provider1,7886.89
A901,Mall,Maintenance,Provider4,4470.45
A902,Downtown,Maintenance,Provider4,9231.15
A903,Suburb,Maintenance,Provider5,7957.61
A904,Suburb,Active,Provider5,4312.87
A905,Suburb,Active,Provider1,131.36
A906,Airport,Maintenance,Provider4,9477.98
A907,Mall,Inactive,Provider1,1425.53
A908,Downtown,Maintenance,Provider1,4565.72
A909,Downtown,Maintenance,Provider2,7361.55
A910,Downtown,Active,Provider5,750.9
A911,Suburb,Maintenance,Provider5,7352.79
A912,Mall,Inactive,Provider5,182.04
A913,Suburb,Active,Provider5,323.6
A914,Airport,Inactive,Provider5,1144.95
A915,Mall,Inactive,Provider4,9931.0
A916,Downtown,Inactive,Provider2,546.55
A917,Airport,Active,Provider4,6368.74
A918,Downtown,Active,Provider4,8087.95
A919,Suburb,Inactive,Provider1,9287.04
A920,Downtown,Maintenance,Provider4,8507.83
A921,Downtown,Maintenance,Provider5,4751.34
A922,Suburb,Inactive,Provider5,9426.82
A923,Mall,Active,Provider2,8422.25
A924,Suburb,Inactive,Provider1,1768.16
A925,Suburb,Maintenance,Provider2,9673.89
A926,Airport,Active,Provider1,1573.35
A927,Mall,Active,Provider1,6214.22
A928,Suburb,Inactive,Provider4,285.21
A929,Mall,Maintenance,Provider4,9942.11
A930,Mall,Active,Provider5,9753.16
A931,Downtown,Active,Provider2,815.75
A932,Suburb,Active,Provider1,1726.81
A933,Downtown,Inactive,Provider5,3581.41
A934,Mall,Maintenance,Provider3,9880.76
A935,Suburb,Inactive,Provider3,5736.6
A936,Downtown,Active,Provider4,3707.37
A937,Suburb,Inactive,Provider3,828.99
A938,Downtown,Active,Provider2,1348.91
A939,Downtown,Maintenance,Provider4,3361.39
A940,Mall,Inactive,Provider3,6433.03
A941,Airport,Maintenance,Provider3,7126.62
A942,Downtown,Inactive,Provider4,9560.25
A943,Airport,Active,Provider4,8566.05
A944,Suburb,Maintenance,Provider1,6999.52
A945,Airport,Inactive,Provider4,5747.71
A946,Suburb,Active,Provider5,1926.47
A947,Airport,Maintenance,Provider2,993.85
A948,Airport,Maintenance,Provider4,6407.18
A949,Suburb,Inactive,Provider1,7336.85
A950,Downtown,Maintenance,Provider4,3456.46
A951,Airport,Inactive,Provider2,2769.06
A952,Airport,Inactive,Provider5,6035.94
A953,Airport,Active,Provider1,9181.82
A954,Mall,Maintenance,Provider4,4931.89
A955,Downtown,Maintenance,Provider2,8158.44
A956,Airport,Active,Provider5,1662.44
A957,Downtown,Active,Provider4,1993.96
A958,Suburb,Inactive,Provider4,2944.44
A959,Suburb,Inactive,Provider1,815.23
A960,Mall,Active,Provider2,3896.94
A961,Mall,Maintenance,Provider5,4382.43
A962,Downtown,Inactive,Provider1,8025.03
A963,Airport,Active,Provider2,6850.56
A964,Suburb,Inactive,Provider5,5067.76
A965,Airport,Active,Provider2,2708.38
A966,Airport,Active,Provider2,1771.26
A967,Airport,Maintenance,Provider4,4863.23
A968,Airport,Inactive,Provider5,5457.52
A969,Downtown,Maintenance,Provider4,4859.64
A970,Mall,Inactive,Provider1,6910.89
A971,Airport,Maintenance,Provider1,6909.7
A972,Airport,Active,Provider5,1784.3
A973,Suburb,Maintenance,Provider4,1134.19
A974,Airport,Inactive,Provider5,5451.95
A975,Airport,Inactive,Provider5,8880.08
A976,Downtown,Active,Provider1,2378.13
A977,Airport,Maintenance,Provider2,7354.14
A978,Suburb,Active,Provider3,3499.28
A979,Airport,Maintenance,Provider4,2879.15
A980,Mall,Active,Provider3,4413.78
A981,Airport,Active,Provider1,6078.64
A982,Airport,Inactive,Provider1,3883.94
A983,Downtown,Maintenance,Provider2,5459.23
A984,Mall,Active,Provider2,4693.49
A985,Downtown,Active,Provider1,4340.46
A986,Downtown,Active,Provider1,2572.96
A987,Downtown,Inactive,Provider4,6414.25
A988,Downtown,Maintenance,Provider1,1805.22
A989,Downtown,Inactive,Provider5,3109.69
A990,Suburb,Maintenance,Provider2,6716.3
A991,Suburb,Maintenance,Provider2,8196.21
A992,Suburb,Maintenance,Provider4,8298.14
A993,Airport,Maintenance,Provider1,6607.64
A994,Downtown,Maintenance,Provider5,3321.16
A995,Suburb,Maintenance,Provider4,4017.63
A996,Suburb,Inactive,Provider5,8143.77
A997,Suburb,Inactive,Provider3,2299.96
A998,Downtown,Active,Provider3,6106.9
A999,Suburb,Maintenance,Provider5,466.1
A1000,Mall,Active,Provider3,2787.33
