cardID,type,issuer,limit,status,expiryDate
C1,Credit,B531,5232.01,Blocked,2029-03
C2,Debit,B501,19232.27,Blocked,2032-03
C3,Credit,B406,10146.47,Expired,2030-10
C4,Debit,B391,3116.46,Blocked,2026-06
C5,Debit,B233,1174.68,Active,2031-02
C6,Credit,B525,12038.86,Active,2035-03
C7,Credit,B150,13599.2,Blocked,2032-03
C8,Credit,B334,12970.08,Blocked,2028-10
C9,Credit,B88,11100.17,Active,2031-07
C10,Credit,B364,15647.08,Active,2035-04
C11,Credit,B108,18410.52,Blocked,2027-06
C12,Debit,B52,12143.99,Expired,2032-11
C13,Credit,B49,1500.03,Blocked,2030-08
C14,Credit,B18,9234.21,Blocked,2031-05
C15,Debit,B273,6762.26,Blocked,2034-12
C16,Credit,B221,4104.92,Active,2035-10
C17,Debit,B199,1386.3,Active,2031-03
C18,Debit,B251,12258.94,Active,2029-12
C19,Credit,B254,10417.4,Expired,2029-10
C20,Debit,B512,6668.45,Active,2029-09
C21,Credit,B355,9649.43,Expired,2031-02
C22,Credit,B83,11066.4,Active,2030-09
C23,Credit,B503,4029.44,Blocked,2030-10
C24,Debit,B537,1285.12,Blocked,2029-06
C25,Debit,B150,6327.22,Active,2025-05
C26,Credit,B46,2851.91,Expired,2035-03
C27,Debit,B86,15413.83,Expired,2028-11
C28,Credit,B87,10956.12,Blocked,2031-03
C29,Credit,B186,9060.01,Blocked,2029-05
C30,Credit,B453,19354.87,Blocked,2035-08
C31,Debit,B386,16717.22,Expired,2027-06
C32,Credit,B292,12374.03,Active,2033-12
C33,Debit,B244,17722.18,Blocked,2025-09
C34,Credit,B337,16210.67,Expired,2027-03
C35,Credit,B542,19360.19,Blocked,2032-01
C36,Debit,B274,6254.97,Active,2033-02
C37,Credit,B424,19568.94,Expired,2028-02
C38,Credit,B17,1466.96,Expired,2033-04
C39,Credit,B546,5064.05,Active,2029-03
C40,Credit,B251,5392.77,Active,2030-07
C41,Credit,B475,8160.13,Blocked,2029-11
C42,Credit,B200,9520.14,Active,2025-02
C43,Debit,B262,10827.32,Active,2026-08
C44,Credit,B497,13045.92,Active,2026-01
C45,Debit,B506,15833.3,Expired,2030-07
C46,Credit,B450,10768.28,Blocked,2031-05
C47,Debit,B71,7445.44,Expired,2025-12
C48,Debit,B213,11826.64,Expired,2026-09
C49,Credit,B2,7285.73,Expired,2032-02
C50,Debit,B261,16363.08,Active,2031-06
C51,Credit,B444,19474.19,Blocked,2026-01
C52,Debit,B411,3275.04,Active,2033-10
C53,Debit,B273,6460.3,Expired,2026-10
C54,Credit,B108,3270.74,Active,2034-01
C55,Debit,B77,1197.29,Blocked,2025-02
C56,Credit,B4,1523.71,Blocked,2034-03
C57,Debit,B66,12946.68,Expired,2028-09
C58,Debit,B209,12203.12,Expired,2035-08
C59,Debit,B133,16497.9,Active,2035-09
C60,Credit,B516,7694.98,Blocked,2029-01
C61,Credit,B478,9546.94,Expired,2026-10
C62,Debit,B323,15026.71,Expired,2027-09
C63,Credit,B411,18858.35,Active,2028-05
C64,Debit,B558,13192.83,Active,2029-02
C65,Credit,B76,11464.98,Active,2034-09
C66,Debit,B202,14362.95,Expired,2026-11
C67,Credit,B201,7836.26,Blocked,2027-11
C68,Debit,B98,11317.89,Blocked,2032-07
C69,Credit,B374,14649.85,Expired,2027-03
C70,Credit,B467,3581.36,Expired,2029-04
C71,Debit,B254,17978.33,Active,2025-06
C72,Debit,B196,10068.96,Active,2035-12
C73,Debit,B323,4824.38,Active,2026-06
C74,Credit,B461,19455.97,Expired,2026-01
C75,Debit,B203,14536.77,Expired,2034-08
C76,Credit,B512,5375.48,Active,2026-07
C77,Credit,B565,15002.16,Active,2034-12
C78,Credit,B496,17771.71,Blocked,2031-10
C79,Credit,B482,9416.73,Blocked,2028-07
C80,Debit,B348,10487.56,Active,2032-08
C81,Debit,B155,17893.91,Expired,2030-10
C82,Debit,B339,14010.56,Active,2030-11
C83,Credit,B376,15784.47,Expired,2033-10
C84,Debit,B278,5267.24,Active,2027-08
C85,Credit,B307,17026.11,Active,2027-09
C86,Credit,B187,19868.68,Blocked,2034-10
C87,Debit,B534,9243.8,Active,2034-12
C88,Debit,B368,13479.3,Expired,2031-06
C89,Debit,B406,12563.91,Active,2030-12
C90,Credit,B467,10291.3,Blocked,2035-06
C91,Debit,B478,8106.32,Blocked,2031-02
C92,Debit,B536,2352.69,Blocked,2031-05
C93,Credit,B369,11795.19,Expired,2035-01
C94,Credit,B390,1144.88,Active,2028-03
C95,Debit,B396,15525.47,Expired,2029-09
C96,Credit,B346,3834.51,Active,2029-12
C97,Credit,B269,17152.19,Expired,2034-10
C98,Credit,B535,4624.84,Expired,2031-07
C99,Debit,B283,6045.07,Expired,2033-01
C100,Credit,B57,7348.14,Expired,2025-10
C101,Debit,B556,16079.37,Active,2026-12
C102,Debit,B428,1679.41,Active,2034-07
C103,Debit,B521,2581.78,Expired,2028-07
C104,Credit,B226,2565.83,Expired,2035-09
C105,Credit,B251,14658.06,Expired,2030-03
C106,Credit,B130,9298.71,Expired,2033-11
C107,Debit,B22,17035.16,Expired,2035-07
C108,Credit,B394,19771.85,Expired,2030-04
C109,Debit,B98,16722.93,Expired,2026-05
C110,Credit,B397,13501.1,Expired,2025-11
C111,Credit,B387,4731.96,Active,2031-05
C112,Credit,B483,14736.37,Expired,2029-01
C113,Debit,B586,13991.63,Expired,2027-02
C114,Credit,B504,19063.92,Blocked,2033-06
C115,Credit,B105,1456.95,Active,2030-07
C116,Credit,B63,1022.91,Active,2031-02
C117,Credit,B101,18938.69,Expired,2025-04
C118,Debit,B554,16290.86,Blocked,2032-06
C119,Debit,B182,7824.58,Expired,2031-07
C120,Credit,B593,17653.39,Blocked,2034-10
C121,Debit,B279,19288.76,Active,2026-01
C122,Credit,B325,11945.39,Expired,2034-05
C123,Credit,B4,2809.26,Blocked,2025-03
C124,Debit,B16,11386.21,Active,2031-01
C125,Credit,B533,14157.11,Blocked,2031-10
C126,Debit,B297,18816.68,Active,2026-10
C127,Credit,B584,18824.39,Expired,2028-05
C128,Debit,B370,18352.1,Expired,2035-09
C129,Debit,B230,7481.83,Expired,2034-05
C130,Debit,B330,11401.69,Blocked,2034-06
C131,Credit,B491,12654.48,Active,2028-12
C132,Debit,B157,3158.73,Active,2028-10
C133,Debit,B597,3938.38,Expired,2026-06
C134,Credit,B327,3207.33,Blocked,2035-09
C135,Debit,B403,10019.75,Blocked,2028-06
C136,Credit,B367,2497.82,Active,2025-04
C137,Credit,B353,5558.01,Blocked,2032-01
C138,Credit,B404,1255.74,Blocked,2028-06
C139,Debit,B557,12005.21,Expired,2029-04
C140,Credit,B101,13747.37,Active,2032-06
C141,Debit,B25,17721.19,Active,2035-05
C142,Debit,B350,14913.43,Blocked,2032-01
C143,Debit,B110,18130.37,Expired,2029-12
C144,Credit,B595,10807.85,Active,2031-04
C145,Debit,B190,4641.16,Expired,2025-08
C146,Credit,B125,7607.58,Blocked,2034-06
C147,Debit,B446,13129.19,Expired,2025-04
C148,Debit,B203,15291.97,Active,2025-06
C149,Credit,B22,16887.25,Blocked,2026-02
C150,Credit,B404,13076.37,Expired,2029-07
C151,Debit,B302,13203.19,Active,2035-05
C152,Debit,B398,2420.81,Active,2028-10
C153,Credit,B217,12404.04,Expired,2029-11
C154,Credit,B1,9446.52,Blocked,2030-03
C155,Credit,B230,2007.51,Blocked,2029-08
C156,Debit,B374,1806.47,Expired,2031-03
C157,Credit,B107,11616.71,Expired,2035-01
C158,Debit,B66,15757.66,Blocked,2029-03
C159,Credit,B432,6675.28,Active,2029-05
C160,Debit,B228,13991.73,Expired,2030-12
C161,Credit,B83,10498.01,Expired,2025-02
C162,Credit,B587,2807.12,Expired,2031-11
C163,Credit,B538,9795.48,Expired,2031-12
C164,Credit,B94,9846.36,Active,2034-10
C165,Debit,B503,6756.72,Blocked,2035-04
C166,Debit,B168,11789.59,Blocked,2033-11
C167,Debit,B46,15825.0,Active,2029-03
C168,Credit,B379,16425.02,Blocked,2029-07
C169,Credit,B202,12349.98,Expired,2032-03
C170,Credit,B272,9204.62,Active,2030-06
C171,Debit,B562,8621.52,Active,2033-04
C172,Debit,B75,5862.29,Active,2027-12
C173,Debit,B516,7062.68,Active,2025-04
C174,Debit,B65,16657.28,Expired,2026-03
C175,Credit,B364,3616.36,Blocked,2025-09
C176,Debit,B302,1981.27,Expired,2026-03
C177,Credit,B269,1325.48,Expired,2032-03
C178,Credit,B136,6656.62,Blocked,2028-01
C179,Debit,B302,7952.73,Expired,2033-07
C180,Debit,B199,3494.06,Blocked,2035-03
C181,Credit,B5,16529.04,Active,2032-10
C182,Debit,B284,13934.06,Active,2034-02
C183,Debit,B30,5735.83,Blocked,2029-05
C184,Credit,B376,13470.49,Expired,2035-09
C185,Debit,B244,10493.57,Active,2028-04
C186,Credit,B398,15846.18,Blocked,2033-10
C187,Debit,B55,18278.0,Active,2027-04
C188,Credit,B5,10730.13,Blocked,2034-10
C189,Debit,B82,14408.05,Expired,2029-05
C190,Credit,B142,7081.96,Blocked,2035-09
C191,Credit,B122,10542.83,Blocked,2028-12
C192,Debit,B538,7642.75,Active,2026-04
C193,Credit,B570,17641.12,Expired,2027-07
C194,Debit,B331,4653.61,Active,2028-08
C195,Debit,B492,2569.36,Active,2034-01
C196,Credit,B303,19271.11,Blocked,2034-01
C197,Credit,B101,5742.89,Blocked,2026-09
C198,Credit,B110,5823.74,Active,2028-10
C199,Credit,B98,8366.8,Active,2025-03
C200,Debit,B400,4965.02,Blocked,2033-12
C201,Credit,B558,4046.53,Blocked,2033-04
C202,Debit,B122,4882.7,Active,2030-12
C203,Debit,B206,18512.03,Blocked,2033-08
C204,Debit,B457,1037.26,Expired,2030-11
C205,Debit,B401,13775.13,Blocked,2026-05
C206,Credit,B163,6851.52,Blocked,2033-10
C207,Credit,B209,19913.33,Blocked,2030-06
C208,Debit,B290,11893.09,Blocked,2026-02
C209,Debit,B284,12949.93,Expired,2026-01
C210,Credit,B199,5120.25,Active,2028-12
C211,Credit,B126,12887.82,Blocked,2028-08
C212,Credit,B43,6160.59,Blocked,2027-05
C213,Debit,B233,5260.28,Blocked,2034-10
C214,Credit,B411,17112.4,Expired,2034-10
C215,Debit,B374,7713.2,Expired,2032-08
C216,Credit,B19,4756.31,Expired,2034-04
C217,Debit,B428,2115.18,Blocked,2031-11
C218,Credit,B406,9467.77,Expired,2026-06
C219,Credit,B30,7505.34,Expired,2032-04
C220,Debit,B506,16849.49,Active,2032-11
C221,Debit,B296,4709.11,Blocked,2026-06
C222,Credit,B31,14706.87,Active,2027-06
C223,Credit,B530,12124.55,Active,2026-01
C224,Debit,B248,14404.14,Expired,2026-01
C225,Credit,B380,7880.37,Expired,2027-12
C226,Credit,B414,15354.83,Blocked,2030-02
C227,Debit,B530,11369.53,Active,2033-09
C228,Debit,B171,11656.97,Active,2026-03
C229,Debit,B580,15154.96,Expired,2033-04
C230,Credit,B337,19804.66,Active,2033-05
C231,Debit,B594,15326.19,Active,2035-10
C232,Debit,B388,1940.64,Active,2029-05
C233,Credit,B585,17767.7,Active,2026-01
C234,Credit,B127,18474.18,Expired,2035-11
C235,Debit,B194,16388.19,Expired,2031-04
C236,Credit,B277,13895.03,Active,2029-09
C237,Credit,B587,16752.29,Active,2034-07
C238,Credit,B107,17345.62,Blocked,2032-08
C239,Credit,B5,2612.85,Active,2025-10
C240,Credit,B389,3580.07,Blocked,2033-08
C241,Debit,B448,19214.16,Blocked,2030-01
C242,Credit,B20,13402.53,Expired,2033-06
C243,Debit,B596,12245.8,Active,2034-06
C244,Debit,B398,11645.07,Active,2029-03
C245,Credit,B367,11215.72,Expired,2030-09
C246,Credit,B207,12022.69,Blocked,2025-11
C247,Debit,B322,9851.7,Expired,2026-08
C248,Debit,B166,16883.56,Blocked,2030-08
C249,Debit,B296,6760.92,Expired,2028-02
C250,Credit,B370,11292.13,Active,2032-12
C251,Debit,B400,9821.94,Blocked,2031-06
C252,Credit,B516,5635.58,Expired,2035-10
C253,Credit,B446,9384.69,Active,2025-02
C254,Debit,B229,11739.92,Expired,2029-09
C255,Credit,B556,3620.82,Active,2028-03
C256,Credit,B411,18390.6,Blocked,2025-12
C257,Debit,B369,9689.82,Active,2035-05
C258,Credit,B457,6900.59,Blocked,2035-11
C259,Credit,B517,19787.16,Active,2028-06
C260,Credit,B70,16934.98,Expired,2028-09
C261,Credit,B481,16415.83,Active,2035-01
C262,Debit,B25,16437.51,Blocked,2034-11
C263,Debit,B9,10631.19,Active,2033-03
C264,Debit,B248,16974.71,Blocked,2026-06
C265,Debit,B10,13170.02,Active,2034-01
C266,Debit,B330,3257.51,Active,2034-11
C267,Debit,B579,12238.22,Blocked,2029-06
C268,Debit,B236,8314.1,Active,2031-12
C269,Debit,B206,17643.4,Blocked,2028-05
C270,Debit,B232,7747.65,Blocked,2027-02
C271,Debit,B121,16741.14,Expired,2035-07
C272,Debit,B62,13776.17,Active,2029-07
C273,Credit,B289,8701.69,Expired,2030-04
C274,Debit,B39,11097.78,Expired,2026-01
C275,Debit,B221,17494.73,Blocked,2032-08
C276,Debit,B41,9661.95,Active,2025-09
C277,Debit,B112,10369.25,Blocked,2029-07
C278,Credit,B563,16043.33,Active,2027-02
C279,Debit,B371,17437.86,Expired,2034-07
C280,Debit,B429,8242.69,Blocked,2028-04
C281,Credit,B308,19120.76,Expired,2030-06
C282,Debit,B409,4875.89,Active,2032-05
C283,Credit,B137,6097.3,Expired,2027-10
C284,Credit,B175,6275.43,Active,2027-01
C285,Credit,B72,18426.71,Expired,2034-08
C286,Credit,B192,14375.72,Expired,2031-11
C287,Debit,B560,16938.39,Blocked,2025-03
C288,Credit,B148,17792.82,Blocked,2025-01
C289,Debit,B169,5814.56,Blocked,2030-04
C290,Credit,B290,2369.73,Expired,2030-03
C291,Credit,B384,19759.84,Expired,2033-06
C292,Debit,B163,5612.53,Blocked,2029-07
C293,Credit,B36,18715.27,Active,2028-03
C294,Credit,B480,13689.43,Expired,2034-01
C295,Credit,B150,15868.22,Active,2032-05
C296,Credit,B157,4360.72,Blocked,2032-07
C297,Debit,B551,10778.63,Blocked,2027-09
C298,Debit,B299,11388.38,Blocked,2025-08
C299,Credit,B189,6911.19,Active,2035-03
C300,Debit,B448,10959.89,Active,2027-04
C301,Debit,B50,16779.13,Expired,2032-08
C302,Debit,B581,16486.32,Expired,2028-06
C303,Debit,B306,13565.53,Expired,2033-05
C304,Credit,B228,4854.56,Active,2027-09
C305,Credit,B133,19794.28,Active,2032-03
C306,Debit,B27,6206.88,Active,2033-10
C307,Credit,B166,1819.64,Active,2035-05
C308,Credit,B436,8759.86,Expired,2030-10
C309,Credit,B318,8635.68,Active,2034-10
C310,Credit,B528,17472.62,Blocked,2025-06
C311,Credit,B477,10434.13,Expired,2030-07
C312,Credit,B328,8252.98,Expired,2034-11
C313,Credit,B45,10701.65,Blocked,2026-10
C314,Credit,B196,9502.84,Blocked,2025-05
C315,Debit,B365,13852.32,Active,2032-12
C316,Credit,B91,4175.12,Active,2032-04
C317,Debit,B154,14431.42,Expired,2028-12
C318,Credit,B473,11162.7,Active,2027-04
C319,Credit,B157,10875.07,Expired,2033-10
C320,Debit,B493,7394.45,Expired,2034-06
C321,Credit,B354,8142.73,Active,2033-08
C322,Debit,B351,2812.55,Expired,2033-05
C323,Debit,B598,9167.16,Expired,2030-01
C324,Credit,B595,7249.72,Expired,2035-03
C325,Credit,B329,12618.14,Blocked,2028-11
C326,Credit,B17,19824.73,Expired,2026-10
C327,Debit,B421,10630.04,Active,2027-07
C328,Credit,B298,19022.82,Expired,2029-03
C329,Credit,B478,8759.29,Active,2026-09
C330,Credit,B34,12109.73,Blocked,2034-11
C331,Debit,B496,6812.78,Blocked,2025-08
C332,Credit,B424,5246.63,Active,2032-04
C333,Debit,B220,17249.31,Blocked,2034-04
C334,Credit,B16,7212.35,Blocked,2035-03
C335,Debit,B343,2429.15,Blocked,2035-06
C336,Credit,B296,19240.65,Expired,2033-08
C337,Debit,B75,7033.07,Blocked,2029-10
C338,Credit,B324,5938.52,Expired,2028-09
C339,Debit,B229,6934.97,Blocked,2029-06
C340,Debit,B319,19068.98,Active,2031-12
C341,Credit,B213,8642.07,Active,2027-07
C342,Credit,B232,5556.52,Blocked,2032-12
C343,Debit,B365,7292.33,Blocked,2031-09
C344,Credit,B285,11544.85,Blocked,2026-09
C345,Debit,B597,10157.29,Active,2033-07
C346,Debit,B573,16700.07,Blocked,2026-06
C347,Credit,B270,18314.71,Blocked,2032-11
C348,Credit,B43,14569.87,Expired,2033-10
C349,Debit,B38,7411.99,Expired,2031-03
C350,Debit,B119,3231.38,Blocked,2026-10
C351,Credit,B50,14243.53,Active,2027-10
C352,Credit,B71,18479.57,Active,2027-10
C353,Credit,B175,11384.47,Expired,2034-12
C354,Credit,B381,14247.45,Expired,2031-05
C355,Debit,B512,19499.1,Active,2030-01
C356,Debit,B522,8518.57,Blocked,2035-02
C357,Debit,B158,3214.35,Blocked,2027-10
C358,Credit,B276,10325.16,Expired,2027-12
C359,Credit,B233,7077.39,Blocked,2034-10
C360,Credit,B350,6599.18,Blocked,2028-09
C361,Credit,B347,16641.13,Blocked,2032-02
C362,Credit,B213,10522.32,Blocked,2032-08
C363,Credit,B565,5399.01,Expired,2029-05
C364,Credit,B250,6360.82,Active,2028-06
C365,Credit,B370,4281.84,Expired,2025-04
C366,Debit,B318,15610.38,Blocked,2033-06
C367,Credit,B379,19834.75,Active,2033-09
C368,Debit,B122,11053.29,Expired,2027-07
C369,Credit,B345,11484.42,Blocked,2032-05
C370,Debit,B69,15763.96,Blocked,2032-03
C371,Debit,B497,6186.25,Active,2027-01
C372,Debit,B224,11727.22,Blocked,2034-07
C373,Debit,B428,16682.93,Blocked,2029-11
C374,Debit,B181,17879.84,Expired,2032-09
C375,Credit,B86,15664.41,Expired,2027-06
C376,Debit,B145,8765.05,Blocked,2031-09
C377,Debit,B152,9206.83,Blocked,2031-07
C378,Credit,B556,4642.48,Blocked,2025-02
C379,Debit,B386,6627.27,Active,2032-12
C380,Credit,B59,10960.49,Active,2029-11
C381,Credit,B94,3151.79,Active,2029-03
C382,Credit,B491,3202.5,Blocked,2025-09
C383,Credit,B319,2043.28,Active,2031-01
C384,Debit,B443,11194.65,Expired,2025-11
C385,Credit,B474,7422.05,Blocked,2035-10
C386,Debit,B216,18902.93,Expired,2035-07
C387,Debit,B123,12855.27,Active,2029-07
C388,Credit,B183,3812.67,Active,2034-04
C389,Debit,B28,14811.78,Blocked,2029-08
C390,Credit,B87,9438.58,Expired,2032-02
C391,Debit,B34,6843.23,Expired,2034-10
C392,Credit,B253,15516.58,Blocked,2030-02
C393,Debit,B123,18430.78,Active,2030-12
C394,Credit,B495,8175.33,Expired,2027-03
C395,Debit,B442,5600.63,Active,2029-02
C396,Debit,B365,1626.52,Expired,2027-07
C397,Credit,B139,3337.26,Expired,2027-06
C398,Debit,B105,15522.31,Blocked,2034-08
C399,Credit,B394,13154.29,Expired,2026-04
C400,Debit,B514,11700.66,Blocked,2030-07
C401,Debit,B423,7875.57,Blocked,2033-12
C402,Credit,B532,7734.95,Blocked,2025-08
C403,Credit,B37,11938.8,Expired,2027-10
C404,Debit,B403,2798.05,Active,2034-10
C405,Credit,B517,9557.7,Expired,2033-07
C406,Credit,B178,6987.05,Blocked,2033-10
C407,Debit,B58,10378.59,Expired,2025-02
C408,Debit,B346,6537.74,Expired,2025-02
C409,Credit,B252,10123.05,Active,2027-04
C410,Credit,B305,5744.55,Blocked,2030-09
C411,Debit,B163,2831.29,Active,2035-11
C412,Debit,B134,15632.84,Expired,2028-06
C413,Credit,B390,9307.53,Active,2030-06
C414,Debit,B342,19473.16,Active,2030-03
C415,Credit,B462,10293.17,Expired,2026-01
C416,Debit,B155,5648.68,Expired,2029-08
C417,Debit,B359,12768.23,Blocked,2030-01
C418,Debit,B353,12691.85,Expired,2035-04
C419,Credit,B14,5413.38,Blocked,2031-11
C420,Debit,B109,2386.99,Expired,2032-10
C421,Debit,B12,8450.83,Active,2030-05
C422,Credit,B268,7719.0,Blocked,2027-06
C423,Credit,B408,1246.83,Blocked,2026-05
C424,Credit,B143,16974.63,Expired,2029-01
C425,Credit,B433,12075.57,Expired,2031-05
C426,Credit,B308,16543.12,Expired,2029-11
C427,Credit,B113,18922.22,Active,2026-02
C428,Debit,B489,3388.34,Blocked,2029-01
C429,Credit,B155,6382.22,Active,2026-07
C430,Credit,B439,9889.17,Active,2029-02
C431,Debit,B58,16351.47,Expired,2026-09
C432,Debit,B197,8735.03,Blocked,2032-06
C433,Credit,B77,5499.45,Expired,2027-02
C434,Debit,B95,14170.78,Active,2025-02
C435,Credit,B588,19030.35,Blocked,2033-02
C436,Debit,B381,8473.06,Blocked,2026-04
C437,Debit,B532,17379.81,Active,2026-02
C438,Credit,B578,15879.48,Active,2028-02
C439,Credit,B6,2781.35,Active,2030-08
C440,Credit,B536,11890.84,Expired,2025-06
C441,Credit,B23,6946.22,Blocked,2032-11
C442,Credit,B491,2101.99,Expired,2034-07
C443,Credit,B205,1758.03,Blocked,2029-03
C444,Debit,B471,16968.26,Expired,2029-06
C445,Debit,B466,3940.69,Expired,2035-12
C446,Credit,B105,2218.36,Active,2027-08
C447,Credit,B567,1560.41,Active,2034-12
C448,Credit,B373,9167.44,Active,2028-08
C449,Debit,B216,1388.28,Active,2030-10
C450,Credit,B18,9383.8,Expired,2034-03
C451,Credit,B467,15247.33,Expired,2030-05
C452,Credit,B75,6421.75,Expired,2032-11
C453,Debit,B26,12898.02,Expired,2033-06
C454,Credit,B223,19718.65,Blocked,2027-09
C455,Credit,B165,9970.24,Blocked,2026-09
C456,Debit,B460,3834.1,Blocked,2026-11
C457,Debit,B58,5515.7,Expired,2032-01
C458,Credit,B324,13610.16,Blocked,2035-10
C459,Credit,B146,7287.71,Blocked,2027-03
C460,Credit,B404,16259.05,Expired,2027-12
C461,Debit,B505,3632.84,Blocked,2031-12
C462,Credit,B405,7077.16,Expired,2031-12
C463,Debit,B505,8654.35,Blocked,2028-06
C464,Debit,B175,7757.81,Blocked,2031-06
C465,Debit,B532,9122.01,Active,2026-08
C466,Credit,B492,5758.15,Blocked,2034-02
C467,Debit,B436,2865.3,Active,2025-08
C468,Debit,B598,12252.89,Active,2035-01
C469,Credit,B412,17317.24,Active,2030-03
C470,Debit,B576,7702.37,Blocked,2034-05
C471,Debit,B550,3228.14,Active,2035-08
C472,Credit,B494,10770.73,Expired,2032-01
C473,Credit,B303,5447.63,Active,2030-04
C474,Credit,B471,4193.71,Blocked,2034-01
C475,Debit,B159,9892.55,Active,2033-07
C476,Debit,B361,5057.69,Active,2031-11
C477,Credit,B425,8042.13,Expired,2029-12
C478,Debit,B394,3104.19,Expired,2026-04
C479,Credit,B19,18583.18,Blocked,2033-06
C480,Debit,B458,13211.59,Expired,2030-06
C481,Debit,B353,14099.72,Active,2027-04
C482,Debit,B256,16248.83,Expired,2026-01
C483,Credit,B156,13353.65,Active,2030-03
C484,Debit,B218,5841.54,Active,2028-09
C485,Debit,B246,8309.03,Active,2033-06
C486,Credit,B519,3425.91,Blocked,2034-09
C487,Credit,B525,15394.72,Blocked,2031-12
C488,Credit,B62,16174.37,Blocked,2033-10
C489,Credit,B348,9374.41,Expired,2027-06
C490,Credit,B431,10560.88,Blocked,2030-10
C491,Debit,B4,6309.09,Active,2035-07
C492,Debit,B596,19602.36,Expired,2030-05
C493,Debit,B136,1450.61,Expired,2035-11
C494,Credit,B15,17126.65,Expired,2026-08
C495,Debit,B171,7561.35,Expired,2027-12
C496,Credit,B51,6517.83,Active,2027-12
C497,Debit,B385,10440.52,Active,2031-06
C498,Credit,B371,7324.53,Expired,2029-09
C499,Credit,B404,15044.42,Active,2027-05
C500,Debit,B46,17088.15,Active,2031-12
C501,Credit,B275,16279.22,Active,2028-06
C502,Credit,B581,7353.67,Blocked,2026-09
C503,Credit,B202,18944.32,Blocked,2025-08
C504,Debit,B122,17012.67,Blocked,2025-06
C505,Credit,B3,18238.9,Blocked,2035-02
C506,Credit,B199,1631.82,Active,2029-04
C507,Credit,B269,1616.35,Expired,2028-09
C508,Debit,B411,16715.41,Active,2025-04
C509,Debit,B46,12338.99,Expired,2033-03
C510,Credit,B97,10384.09,Active,2031-04
C511,Credit,B200,1886.78,Active,2031-11
C512,Debit,B15,14290.97,Active,2034-06
C513,Credit,B224,5900.54,Blocked,2030-12
C514,Credit,B43,15053.41,Active,2025-06
C515,Debit,B465,5159.45,Expired,2027-07
C516,Credit,B59,17863.66,Blocked,2027-06
C517,Credit,B32,17482.62,Blocked,2032-07
C518,Credit,B315,14461.64,Active,2033-10
C519,Credit,B546,8519.97,Expired,2033-01
C520,Credit,B350,11228.26,Expired,2035-08
C521,Credit,B364,16214.37,Expired,2025-08
C522,Credit,B218,13492.43,Blocked,2034-12
C523,Debit,B97,5943.55,Blocked,2031-05
C524,Debit,B582,18566.53,Expired,2027-01
C525,Debit,B253,4610.26,Blocked,2033-03
C526,Credit,B3,6236.35,Expired,2031-03
C527,Debit,B325,17090.95,Expired,2027-11
C528,Credit,B445,16576.93,Blocked,2030-01
C529,Debit,B479,9010.56,Blocked,2032-09
C530,Credit,B160,6572.6,Blocked,2033-07
C531,Debit,B262,11954.57,Active,2035-01
C532,Credit,B15,5215.3,Blocked,2032-01
C533,Credit,B134,11145.76,Active,2032-12
C534,Debit,B504,15889.8,Active,2025-07
C535,Debit,B526,1854.71,Blocked,2029-05
C536,Debit,B145,14679.64,Blocked,2031-01
C537,Credit,B208,3206.19,Active,2027-03
C538,Credit,B531,18520.18,Blocked,2032-04
C539,Debit,B566,13284.51,Expired,2028-11
C540,Credit,B246,10981.69,Blocked,2030-01
C541,Credit,B263,2516.3,Expired,2030-11
C542,Credit,B99,15370.85,Blocked,2029-01
C543,Debit,B120,1199.01,Active,2032-03
C544,Debit,B2,2287.18,Active,2034-04
C545,Credit,B176,2252.93,Expired,2032-02
C546,Credit,B255,9343.22,Blocked,2033-12
C547,Debit,B189,12549.6,Active,2025-06
C548,Debit,B262,13566.78,Expired,2026-03
C549,Debit,B545,2423.45,Expired,2028-08
C550,Debit,B579,4442.26,Active,2027-08
C551,Debit,B340,15320.11,Blocked,2025-03
C552,Debit,B513,6943.85,Blocked,2035-04
C553,Credit,B325,15882.47,Active,2031-05
C554,Credit,B12,17198.11,Active,2030-02
C555,Credit,B288,10032.69,Expired,2031-04
C556,Debit,B464,17445.11,Expired,2034-02
C557,Debit,B74,6394.95,Active,2033-02
C558,Debit,B167,16723.7,Blocked,2028-02
C559,Credit,B383,19622.59,Active,2027-03
C560,Debit,B289,14039.9,Active,2031-09
C561,Debit,B57,2319.72,Expired,2026-04
C562,Debit,B84,19525.88,Active,2025-01
C563,Credit,B500,11899.23,Expired,2026-10
C564,Debit,B377,9764.64,Active,2027-12
C565,Debit,B478,4503.78,Active,2028-02
C566,Debit,B32,6110.47,Active,2025-08
C567,Debit,B545,5929.47,Expired,2025-03
C568,Credit,B23,14607.76,Active,2035-07
C569,Debit,B90,13899.05,Expired,2033-05
C570,Debit,B258,17094.93,Blocked,2033-08
C571,Credit,B148,9993.5,Active,2031-10
C572,Debit,B445,8146.87,Expired,2028-12
C573,Credit,B326,14314.96,Expired,2030-04
C574,Debit,B36,3563.37,Expired,2033-04
C575,Debit,B164,18568.32,Active,2026-07
C576,Debit,B237,2249.64,Active,2027-03
C577,Credit,B206,2347.2,Expired,2032-12
C578,Debit,B264,6361.54,Active,2027-03
C579,Credit,B408,2873.65,Expired,2029-04
C580,Credit,B217,2073.31,Expired,2032-06
C581,Debit,B517,5076.71,Expired,2032-04
C582,Debit,B319,7209.85,Blocked,2029-06
C583,Debit,B557,6081.36,Blocked,2031-12
C584,Credit,B4,10911.3,Active,2035-10
C585,Credit,B341,16919.12,Expired,2027-04
C586,Debit,B454,8735.64,Active,2030-06
C587,Debit,B564,15129.15,Expired,2029-11
C588,Credit,B120,4876.8,Blocked,2029-07
C589,Credit,B455,8323.76,Expired,2025-04
C590,Debit,B285,9151.59,Blocked,2033-09
C591,Debit,B429,18789.06,Expired,2032-02
C592,Debit,B299,18648.52,Expired,2030-04
C593,Debit,B141,10585.27,Active,2031-11
C594,Debit,B76,12501.12,Blocked,2025-04
C595,Credit,B460,11964.3,Blocked,2026-05
C596,Credit,B82,16882.9,Expired,2030-05
C597,Debit,B62,8274.23,Expired,2034-10
C598,Debit,B446,3371.46,Active,2026-02
C599,Credit,B217,18153.91,Active,2030-08
C600,Credit,B369,3108.24,Blocked,2034-02
