startNode,endNode,relationship,since,position,department
C:27,USR:1,EMPLOYS,2020-01-20,Manager,HR
startNode,endNode,relationship,since,position,department
C:270,USR:2,EMPLOYS,2021-02-16,Manager,N/A
startNode,endNode,relationship,since,position,department
C:525,USR:3,EMPLOYS,2015-05-05,Engineer,Sales
startNode,endNode,relationship,since,position,department
C:166,USR:4,EMPLOYS,2019-07-27,Licenciado,IT
startNode,endNode,relationship,since,position,department
C:193,USR:5,EMPLOYS,2021-05-14,Engineer,HR
startNode,endNode,relationship,since,position,department
C:432,USR:6,EMPLOYS,2016-11-22,Engineer,HR
startNode,endNode,relationship,since,position,department
C:166,USR:7,EMPLOYS,2017-11-28,Licenciado,IT
startNode,endNode,relationship,since,position,department
C:220,USR:8,EMPLOYS,2018-11-26,Licenciado,IT
startNode,endNode,relationship,since,position,department
C:329,USR:9,EMPLOYS,2017-02-17,Entrepreneur,N/A
startNode,endNode,relationship,since,position,department
C:121,USR:10,EMPLOYS,2017-08-09,Engineer,Sales
startNode,endNode,relationship,since,position,department
C:320,USR:11,EMPLOYS,2019-08-22,Engineer,Sales
startNode,endNode,relationship,since,position,department
C:187,USR:12,EMPLOYS,2020-04-21,Licenciado,IT
startNode,endNode,relationship,since,position,department
C:174,USR:13,EMPLOYS,2015-09-30,Licenciado,N/A
startNode,endNode,relationship,since,position,department
C:578,USR:14,EMPLOYS,2019-10-05,Manager,HR
startNode,endNode,relationship,since,position,department
C:239,USR:15,EMPLOYS,2023-08-15,Licenciado,HR
startNode,endNode,relationship,since,position,department
C:113,USR:16,EMPLOYS,2022-05-28,Entrepreneur,N/A
startNode,endNode,relationship,since,position,department
C:406,USR:17,EMPLOYS,2019-09-24,Engineer,HR
startNode,endNode,relationship,since,position,department
C:40,USR:18,EMPLOYS,2015-05-27,Entrepreneur,IT
startNode,endNode,relationship,since,position,department
C:536,USR:19,EMPLOYS,2016-09-07,Licenciado,HR
startNode,endNode,relationship,since,position,department
C:91,USR:20,EMPLOYS,2015-12-02,Engineer,N/A
startNode,endNode,relationship,since,position,department
C:2,USR:21,EMPLOYS,2022-01-11,Entrepreneur,HR
startNode,endNode,relationship,since,position,department
C:194,USR:22,EMPLOYS,2022-07-04,Entrepreneur,N/A
startNode,endNode,relationship,since,position,department
C:128,USR:23,EMPLOYS,2016-04-13,Engineer,HR
startNode,endNode,relationship,since,position,department
C:410,USR:24,EMPLOYS,2018-10-25,Entrepreneur,Sales
startNode,endNode,relationship,since,position,department
C:213,USR:25,EMPLOYS,2015-07-26,Licenciado,HR
startNode,endNode,relationship,since,position,department
C:26,USR:26,EMPLOYS,2023-02-06,Engineer,IT
startNode,endNode,relationship,since,position,department
C:559,USR:27,EMPLOYS,2021-09-18,Entrepreneur,HR
startNode,endNode,relationship,since,position,department
C:100,USR:28,EMPLOYS,2022-02-17,Licenciado,IT
startNode,endNode,relationship,since,position,department
C:114,USR:29,EMPLOYS,2020-11-11,Engineer,IT
startNode,endNode,relationship,since,position,department
C:249,USR:30,EMPLOYS,2019-08-13,Licenciado,HR
startNode,endNode,relationship,since,position,department
C:178,USR:31,EMPLOYS,2023-11-27,Engineer,HR
startNode,endNode,relationship,since,position,department
C:179,USR:32,EMPLOYS,2019-10-10,Manager,N/A
startNode,endNode,relationship,since,position,department
C:597,USR:33,EMPLOYS,2023-08-02,Licenciado,Sales
startNode,endNode,relationship,since,position,department
C:543,USR:34,EMPLOYS,2019-09-05,Engineer,HR
startNode,endNode,relationship,since,position,department
C:373,USR:35,EMPLOYS,2020-08-28,Engineer,N/A
startNode,endNode,relationship,since,position,department
C:299,USR:36,EMPLOYS,2020-10-27,Manager,IT
startNode,endNode,relationship,since,position,department
C:65,USR:37,EMPLOYS,2021-09-30,Entrepreneur,HR
startNode,endNode,relationship,since,position,department
C:389,USR:38,EMPLOYS,2015-06-30,Manager,HR
startNode,endNode,relationship,since,position,department
C:82,USR:39,EMPLOYS,2023-01-23,Entrepreneur,IT
startNode,endNode,relationship,since,position,department
C:241,USR:40,EMPLOYS,2017-09-18,Manager,Sales
startNode,endNode,relationship,since,position,department
C:403,USR:41,EMPLOYS,2023-12-26,Manager,N/A
startNode,endNode,relationship,since,position,department
C:318,USR:42,EMPLOYS,2017-05-17,Entrepreneur,IT
startNode,endNode,relationship,since,position,department
C:27,USR:43,EMPLOYS,2022-05-22,Licenciado,IT
startNode,endNode,relationship,since,position,department
C:357,USR:44,EMPLOYS,2020-06-11,Manager,HR
startNode,endNode,relationship,since,position,department
C:259,USR:45,EMPLOYS,2017-05-17,Entrepreneur,IT
startNode,endNode,relationship,since,position,department
C:78,USR:46,EMPLOYS,2021-04-27,Engineer,Sales
startNode,endNode,relationship,since,position,department
C:189,USR:47,EMPLOYS,2017-08-08,Entrepreneur,HR
startNode,endNode,relationship,since,position,department
C:247,USR:48,EMPLOYS,2021-03-03,Engineer,N/A
startNode,endNode,relationship,since,position,department
C:171,USR:49,EMPLOYS,2015-12-03,Licenciado,HR
startNode,endNode,relationship,since,position,department
C:79,USR:50,EMPLOYS,2019-10-23,Licenciado,HR
startNode,endNode,relationship,since,position,department
C:442,USR:51,EMPLOYS,2019-02-07,Licenciado,N/A
startNode,endNode,relationship,since,position,department
C:138,USR:52,EMPLOYS,2020-11-23,Manager,HR
startNode,endNode,relationship,since,position,department
C:283,USR:53,EMPLOYS,2018-04-07,Engineer,Sales
startNode,endNode,relationship,since,position,department
C:252,USR:54,EMPLOYS,2016-01-23,Entrepreneur,IT
startNode,endNode,relationship,since,position,department
C:182,USR:55,EMPLOYS,2018-07-06,Entrepreneur,Sales
startNode,endNode,relationship,since,position,department
C:154,USR:56,EMPLOYS,2018-10-02,Manager,N/A
startNode,endNode,relationship,since,position,department
C:575,USR:57,EMPLOYS,2022-07-21,Engineer,HR
startNode,endNode,relationship,since,position,department
C:269,USR:58,EMPLOYS,2021-06-04,Entrepreneur,Sales
startNode,endNode,relationship,since,position,department
C:231,USR:59,EMPLOYS,2018-01-27,Entrepreneur,Sales
startNode,endNode,relationship,since,position,department
C:368,USR:60,EMPLOYS,2016-12-08,Entrepreneur,Sales
startNode,endNode,relationship,since,position,department
C:150,USR:61,EMPLOYS,2015-03-02,Licenciado,IT
startNode,endNode,relationship,since,position,department
C:323,USR:62,EMPLOYS,2019-10-05,Engineer,N/A
startNode,endNode,relationship,since,position,department
C:527,USR:63,EMPLOYS,2017-06-01,Licenciado,N/A
startNode,endNode,relationship,since,position,department
C:499,USR:64,EMPLOYS,2023-08-23,Manager,N/A
startNode,endNode,relationship,since,position,department
C:345,USR:65,EMPLOYS,2017-01-25,Licenciado,IT
startNode,endNode,relationship,since,position,department
C:350,USR:66,EMPLOYS,2016-02-07,Manager,IT
startNode,endNode,relationship,since,position,department
C:279,USR:67,EMPLOYS,2015-11-23,Licenciado,HR
startNode,endNode,relationship,since,position,department
C:415,USR:68,EMPLOYS,2020-10-30,Manager,IT
startNode,endNode,relationship,since,position,department
C:53,USR:69,EMPLOYS,2016-07-11,Licenciado,N/A
startNode,endNode,relationship,since,position,department
C:339,USR:70,EMPLOYS,2018-11-16,Engineer,Sales
startNode,endNode,relationship,since,position,department
C:479,USR:71,EMPLOYS,2016-10-07,Licenciado,HR
startNode,endNode,relationship,since,position,department
C:208,USR:72,EMPLOYS,2020-01-19,Licenciado,N/A
startNode,endNode,relationship,since,position,department
C:39,USR:73,EMPLOYS,2015-07-29,Licenciado,Sales
startNode,endNode,relationship,since,position,department
C:337,USR:74,EMPLOYS,2021-04-25,Engineer,N/A
startNode,endNode,relationship,since,position,department
C:421,USR:75,EMPLOYS,2023-10-30,Manager,HR
startNode,endNode,relationship,since,position,department
C:157,USR:76,EMPLOYS,2018-11-06,Entrepreneur,IT
startNode,endNode,relationship,since,position,department
C:217,USR:77,EMPLOYS,2022-01-04,Engineer,HR
startNode,endNode,relationship,since,position,department
C:471,USR:78,EMPLOYS,2021-03-09,Entrepreneur,IT
startNode,endNode,relationship,since,position,department
C:146,USR:79,EMPLOYS,2022-03-26,Manager,IT
startNode,endNode,relationship,since,position,department
C:235,USR:80,EMPLOYS,2020-12-14,Entrepreneur,Sales
startNode,endNode,relationship,since,position,department
C:249,USR:81,EMPLOYS,2017-11-21,Manager,IT
startNode,endNode,relationship,since,position,department
C:542,USR:82,EMPLOYS,2019-04-19,Manager,HR
startNode,endNode,relationship,since,position,department
C:215,USR:83,EMPLOYS,2022-01-20,Engineer,N/A
startNode,endNode,relationship,since,position,department
C:223,USR:84,EMPLOYS,2018-05-28,Manager,HR
startNode,endNode,relationship,since,position,department
C:176,USR:85,EMPLOYS,2017-04-10,Licenciado,IT
startNode,endNode,relationship,since,position,department
C:461,USR:86,EMPLOYS,2023-11-28,Engineer,Sales
startNode,endNode,relationship,since,position,department
C:469,USR:87,EMPLOYS,2018-10-24,Manager,HR
startNode,endNode,relationship,since,position,department
C:524,USR:88,EMPLOYS,2016-02-20,Manager,IT
startNode,endNode,relationship,since,position,department
C:572,USR:89,EMPLOYS,2018-06-24,Manager,N/A
startNode,endNode,relationship,since,position,department
C:196,USR:90,EMPLOYS,2021-05-03,Manager,IT
startNode,endNode,relationship,since,position,department
C:103,USR:91,EMPLOYS,2020-09-16,Engineer,N/A
startNode,endNode,relationship,since,position,department
C:143,USR:92,EMPLOYS,2018-12-25,Manager,HR
startNode,endNode,relationship,since,position,department
C:199,USR:93,EMPLOYS,2020-06-12,Engineer,HR
startNode,endNode,relationship,since,position,department
C:419,USR:94,EMPLOYS,2019-08-26,Entrepreneur,N/A
startNode,endNode,relationship,since,position,department
C:133,USR:95,EMPLOYS,2022-10-06,Manager,Sales
startNode,endNode,relationship,since,position,department
C:117,USR:96,EMPLOYS,2016-11-25,Licenciado,Sales
startNode,endNode,relationship,since,position,department
C:174,USR:97,EMPLOYS,2016-11-30,Licenciado,HR
startNode,endNode,relationship,since,position,department
C:297,USR:98,EMPLOYS,2018-03-23,Entrepreneur,IT
startNode,endNode,relationship,since,position,department
C:382,USR:99,EMPLOYS,2018-12-09,Entrepreneur,HR
startNode,endNode,relationship,since,position,department
C:340,USR:100,EMPLOYS,2019-12-12,Engineer,Sales
startNode,endNode,relationship,since,position,department
C:528,USR:101,EMPLOYS,2018-01-24,Entrepreneur,HR
startNode,endNode,relationship,since,position,department
C:582,USR:102,EMPLOYS,2021-04-29,Manager,N/A
startNode,endNode,relationship,since,position,department
C:14,USR:103,EMPLOYS,2019-03-19,Manager,N/A
startNode,endNode,relationship,since,position,department
C:241,USR:104,EMPLOYS,2018-05-17,Licenciado,N/A
startNode,endNode,relationship,since,position,department
C:385,USR:105,EMPLOYS,2017-05-24,Entrepreneur,N/A
startNode,endNode,relationship,since,position,department
C:298,USR:106,EMPLOYS,2021-08-15,Licenciado,N/A
startNode,endNode,relationship,since,position,department
C:597,USR:107,EMPLOYS,2022-09-12,Engineer,N/A
startNode,endNode,relationship,since,position,department
C:466,USR:108,EMPLOYS,2022-02-20,Licenciado,IT
startNode,endNode,relationship,since,position,department
C:95,USR:109,EMPLOYS,2016-02-23,Licenciado,HR
startNode,endNode,relationship,since,position,department
C:163,USR:110,EMPLOYS,2015-03-28,Licenciado,IT
startNode,endNode,relationship,since,position,department
C:312,USR:111,EMPLOYS,2017-04-02,Licenciado,N/A
startNode,endNode,relationship,since,position,department
C:480,USR:112,EMPLOYS,2017-01-20,Engineer,IT
startNode,endNode,relationship,since,position,department
C:169,USR:113,EMPLOYS,2018-04-13,Manager,HR
startNode,endNode,relationship,since,position,department
C:143,USR:114,EMPLOYS,2021-04-23,Licenciado,Sales
startNode,endNode,relationship,since,position,department
C:302,USR:115,EMPLOYS,2015-03-23,Manager,N/A
startNode,endNode,relationship,since,position,department
C:249,USR:116,EMPLOYS,2015-12-18,Licenciado,Sales
startNode,endNode,relationship,since,position,department
C:224,USR:117,EMPLOYS,2015-01-18,Engineer,IT
startNode,endNode,relationship,since,position,department
C:494,USR:118,EMPLOYS,2020-02-15,Manager,Sales
startNode,endNode,relationship,since,position,department
C:539,USR:119,EMPLOYS,2015-03-01,Engineer,N/A
startNode,endNode,relationship,since,position,department
C:247,USR:120,EMPLOYS,2019-11-05,Manager,HR
startNode,endNode,relationship,since,position,department
C:242,USR:121,EMPLOYS,2020-03-25,Licenciado,Sales
startNode,endNode,relationship,since,position,department
C:583,USR:122,EMPLOYS,2019-07-08,Manager,Sales
startNode,endNode,relationship,since,position,department
C:578,USR:123,EMPLOYS,2019-01-27,Manager,HR
startNode,endNode,relationship,since,position,department
C:237,USR:124,EMPLOYS,2017-09-19,Licenciado,HR
startNode,endNode,relationship,since,position,department
C:243,USR:125,EMPLOYS,2023-08-21,Entrepreneur,IT
startNode,endNode,relationship,since,position,department
C:590,USR:126,EMPLOYS,2016-04-28,Engineer,HR
startNode,endNode,relationship,since,position,department
C:545,USR:127,EMPLOYS,2021-11-06,Licenciado,Sales
startNode,endNode,relationship,since,position,department
C:361,USR:128,EMPLOYS,2022-05-21,Manager,Sales
startNode,endNode,relationship,since,position,department
C:18,USR:129,EMPLOYS,2020-12-12,Manager,IT
startNode,endNode,relationship,since,position,department
C:338,USR:130,EMPLOYS,2016-02-19,Licenciado,HR
startNode,endNode,relationship,since,position,department
C:522,USR:131,EMPLOYS,2017-07-27,Entrepreneur,N/A
startNode,endNode,relationship,since,position,department
C:385,USR:132,EMPLOYS,2020-08-15,Licenciado,N/A
startNode,endNode,relationship,since,position,department
C:260,USR:133,EMPLOYS,2019-10-22,Entrepreneur,IT
startNode,endNode,relationship,since,position,department
C:558,USR:134,EMPLOYS,2021-08-04,Manager,HR
startNode,endNode,relationship,since,position,department
C:34,USR:135,EMPLOYS,2015-03-05,Licenciado,IT
startNode,endNode,relationship,since,position,department
C:344,USR:136,EMPLOYS,2022-11-09,Licenciado,Sales
startNode,endNode,relationship,since,position,department
C:235,USR:137,EMPLOYS,2015-10-14,Licenciado,HR
startNode,endNode,relationship,since,position,department
C:93,USR:138,EMPLOYS,2015-11-19,Manager,N/A
startNode,endNode,relationship,since,position,department
C:440,USR:139,EMPLOYS,2015-11-18,Manager,Sales
startNode,endNode,relationship,since,position,department
C:20,USR:140,EMPLOYS,2022-08-05,Engineer,Sales
startNode,endNode,relationship,since,position,department
C:391,USR:141,EMPLOYS,2022-05-16,Licenciado,IT
startNode,endNode,relationship,since,position,department
C:266,USR:142,EMPLOYS,2019-03-06,Engineer,IT
startNode,endNode,relationship,since,position,department
C:359,USR:143,EMPLOYS,2017-03-03,Licenciado,IT
startNode,endNode,relationship,since,position,department
C:227,USR:144,EMPLOYS,2015-12-03,Manager,IT
startNode,endNode,relationship,since,position,department
C:327,USR:145,EMPLOYS,2018-01-01,Engineer,HR
startNode,endNode,relationship,since,position,department
C:394,USR:146,EMPLOYS,2023-01-16,Entrepreneur,Sales
startNode,endNode,relationship,since,position,department
C:581,USR:147,EMPLOYS,2022-06-18,Entrepreneur,N/A
startNode,endNode,relationship,since,position,department
C:61,USR:148,EMPLOYS,2020-09-06,Manager,HR
startNode,endNode,relationship,since,position,department
C:406,USR:149,EMPLOYS,2018-02-02,Manager,IT
startNode,endNode,relationship,since,position,department
C:270,USR:150,EMPLOYS,2015-12-23,Engineer,N/A
startNode,endNode,relationship,since,position,department
C:78,USR:151,EMPLOYS,2022-11-12,Licenciado,IT
startNode,endNode,relationship,since,position,department
C:443,USR:152,EMPLOYS,2022-06-09,Engineer,IT
startNode,endNode,relationship,since,position,department
C:463,USR:153,EMPLOYS,2021-05-21,Manager,N/A
startNode,endNode,relationship,since,position,department
C:188,USR:154,EMPLOYS,2021-02-23,Entrepreneur,N/A
startNode,endNode,relationship,since,position,department
C:448,USR:155,EMPLOYS,2020-01-06,Manager,HR
startNode,endNode,relationship,since,position,department
C:214,USR:156,EMPLOYS,2016-07-22,Engineer,Sales
startNode,endNode,relationship,since,position,department
C:186,USR:157,EMPLOYS,2020-09-01,Manager,HR
startNode,endNode,relationship,since,position,department
C:192,USR:158,EMPLOYS,2017-04-10,Licenciado,N/A
startNode,endNode,relationship,since,position,department
C:420,USR:159,EMPLOYS,2016-08-09,Engineer,IT
startNode,endNode,relationship,since,position,department
C:489,USR:160,EMPLOYS,2016-07-09,Entrepreneur,IT
startNode,endNode,relationship,since,position,department
C:136,USR:161,EMPLOYS,2017-04-25,Engineer,N/A
startNode,endNode,relationship,since,position,department
C:558,USR:162,EMPLOYS,2017-12-26,Engineer,HR
startNode,endNode,relationship,since,position,department
C:130,USR:163,EMPLOYS,2019-08-06,Engineer,HR
startNode,endNode,relationship,since,position,department
C:401,USR:164,EMPLOYS,2022-02-21,Engineer,IT
startNode,endNode,relationship,since,position,department
C:281,USR:165,EMPLOYS,2019-10-17,Engineer,Sales
startNode,endNode,relationship,since,position,department
C:541,USR:166,EMPLOYS,2019-04-19,Entrepreneur,HR
startNode,endNode,relationship,since,position,department
C:64,USR:167,EMPLOYS,2018-06-22,Licenciado,IT
startNode,endNode,relationship,since,position,department
C:51,USR:168,EMPLOYS,2020-04-10,Licenciado,Sales
startNode,endNode,relationship,since,position,department
C:299,USR:169,EMPLOYS,2016-05-09,Licenciado,IT
startNode,endNode,relationship,since,position,department
C:244,USR:170,EMPLOYS,2017-05-07,Engineer,N/A
startNode,endNode,relationship,since,position,department
C:133,USR:171,EMPLOYS,2019-10-15,Licenciado,Sales
startNode,endNode,relationship,since,position,department
C:35,USR:172,EMPLOYS,2017-08-14,Entrepreneur,HR
startNode,endNode,relationship,since,position,department
C:197,USR:173,EMPLOYS,2015-06-04,Manager,N/A
startNode,endNode,relationship,since,position,department
C:263,USR:174,EMPLOYS,2021-05-01,Manager,N/A
startNode,endNode,relationship,since,position,department
C:357,USR:175,EMPLOYS,2017-01-11,Manager,HR
startNode,endNode,relationship,since,position,department
C:242,USR:176,EMPLOYS,2021-10-28,Engineer,HR
startNode,endNode,relationship,since,position,department
C:315,USR:177,EMPLOYS,2020-01-29,Manager,N/A
startNode,endNode,relationship,since,position,department
C:344,USR:178,EMPLOYS,2020-10-19,Entrepreneur,N/A
startNode,endNode,relationship,since,position,department
C:60,USR:179,EMPLOYS,2022-05-16,Manager,Sales
startNode,endNode,relationship,since,position,department
C:194,USR:180,EMPLOYS,2018-02-04,Licenciado,IT
startNode,endNode,relationship,since,position,department
C:72,USR:181,EMPLOYS,2020-06-23,Entrepreneur,Sales
startNode,endNode,relationship,since,position,department
C:92,USR:182,EMPLOYS,2017-01-18,Entrepreneur,Sales
startNode,endNode,relationship,since,position,department
C:20,USR:183,EMPLOYS,2016-12-09,Engineer,Sales
startNode,endNode,relationship,since,position,department
C:576,USR:184,EMPLOYS,2022-10-11,Engineer,N/A
startNode,endNode,relationship,since,position,department
C:459,USR:185,EMPLOYS,2015-10-29,Licenciado,IT
startNode,endNode,relationship,since,position,department
C:441,USR:186,EMPLOYS,2021-02-22,Engineer,IT
startNode,endNode,relationship,since,position,department
C:409,USR:187,EMPLOYS,2023-03-18,Manager,Sales
startNode,endNode,relationship,since,position,department
C:20,USR:188,EMPLOYS,2023-03-16,Entrepreneur,IT
startNode,endNode,relationship,since,position,department
C:562,USR:189,EMPLOYS,2017-12-13,Licenciado,HR
startNode,endNode,relationship,since,position,department
C:588,USR:190,EMPLOYS,2016-04-09,Licenciado,IT
startNode,endNode,relationship,since,position,department
C:238,USR:191,EMPLOYS,2022-03-24,Engineer,Sales
startNode,endNode,relationship,since,position,department
C:464,USR:192,EMPLOYS,2020-07-02,Engineer,N/A
startNode,endNode,relationship,since,position,department
C:35,USR:193,EMPLOYS,2020-04-27,Manager,IT
startNode,endNode,relationship,since,position,department
C:357,USR:194,EMPLOYS,2017-03-14,Licenciado,IT
startNode,endNode,relationship,since,position,department
C:366,USR:195,EMPLOYS,2021-09-08,Entrepreneur,IT
startNode,endNode,relationship,since,position,department
C:252,USR:196,EMPLOYS,2016-09-17,Engineer,N/A
startNode,endNode,relationship,since,position,department
C:424,USR:197,EMPLOYS,2021-11-04,Engineer,IT
startNode,endNode,relationship,since,position,department
C:153,USR:198,EMPLOYS,2023-04-22,Licenciado,Sales
startNode,endNode,relationship,since,position,department
C:587,USR:199,EMPLOYS,2022-11-03,Manager,Sales
startNode,endNode,relationship,since,position,department
C:332,USR:200,EMPLOYS,2023-04-27,Manager,IT
startNode,endNode,relationship,since,position,department
C:421,USR:201,EMPLOYS,2015-08-14,Entrepreneur,Sales
startNode,endNode,relationship,since,position,department
C:417,USR:202,EMPLOYS,2019-09-04,Licenciado,Sales
startNode,endNode,relationship,since,position,department
C:200,USR:203,EMPLOYS,2020-12-09,Engineer,Sales
startNode,endNode,relationship,since,position,department
C:108,USR:204,EMPLOYS,2023-09-14,Licenciado,HR
startNode,endNode,relationship,since,position,department
C:71,USR:205,EMPLOYS,2015-10-20,Licenciado,IT
startNode,endNode,relationship,since,position,department
C:365,USR:206,EMPLOYS,2016-03-19,Licenciado,N/A
startNode,endNode,relationship,since,position,department
C:558,USR:207,EMPLOYS,2018-11-03,Entrepreneur,IT
startNode,endNode,relationship,since,position,department
C:229,USR:208,EMPLOYS,2017-05-11,Entrepreneur,HR
startNode,endNode,relationship,since,position,department
C:529,USR:209,EMPLOYS,2023-11-17,Engineer,N/A
startNode,endNode,relationship,since,position,department
C:448,USR:210,EMPLOYS,2021-04-20,Manager,N/A
startNode,endNode,relationship,since,position,department
C:110,USR:211,EMPLOYS,2016-10-17,Manager,Sales
startNode,endNode,relationship,since,position,department
C:291,USR:212,EMPLOYS,2020-05-12,Manager,HR
startNode,endNode,relationship,since,position,department
C:187,USR:213,EMPLOYS,2018-10-12,Manager,Sales
startNode,endNode,relationship,since,position,department
C:387,USR:214,EMPLOYS,2018-07-04,Engineer,N/A
startNode,endNode,relationship,since,position,department
C:285,USR:215,EMPLOYS,2016-03-13,Entrepreneur,IT
startNode,endNode,relationship,since,position,department
C:351,USR:216,EMPLOYS,2018-04-16,Entrepreneur,Sales
startNode,endNode,relationship,since,position,department
C:203,USR:217,EMPLOYS,2020-09-19,Entrepreneur,HR
startNode,endNode,relationship,since,position,department
C:524,USR:218,EMPLOYS,2017-10-24,Engineer,N/A
startNode,endNode,relationship,since,position,department
C:150,USR:219,EMPLOYS,2020-02-05,Manager,N/A
startNode,endNode,relationship,since,position,department
C:295,USR:220,EMPLOYS,2019-04-05,Licenciado,IT
startNode,endNode,relationship,since,position,department
C:102,USR:221,EMPLOYS,2018-11-28,Licenciado,IT
startNode,endNode,relationship,since,position,department
C:552,USR:222,EMPLOYS,2018-06-14,Licenciado,HR
startNode,endNode,relationship,since,position,department
C:271,USR:223,EMPLOYS,2017-02-02,Engineer,Sales
startNode,endNode,relationship,since,position,department
C:528,USR:224,EMPLOYS,2020-07-02,Licenciado,HR
startNode,endNode,relationship,since,position,department
C:381,USR:225,EMPLOYS,2019-10-13,Manager,IT
startNode,endNode,relationship,since,position,department
C:1,USR:226,EMPLOYS,2016-12-24,Entrepreneur,HR
startNode,endNode,relationship,since,position,department
C:171,USR:227,EMPLOYS,2022-06-26,Manager,N/A
startNode,endNode,relationship,since,position,department
C:116,USR:228,EMPLOYS,2019-09-30,Entrepreneur,IT
startNode,endNode,relationship,since,position,department
C:166,USR:229,EMPLOYS,2023-10-05,Entrepreneur,HR
startNode,endNode,relationship,since,position,department
C:227,USR:230,EMPLOYS,2016-03-10,Manager,IT
startNode,endNode,relationship,since,position,department
C:478,USR:231,EMPLOYS,2023-08-13,Engineer,HR
startNode,endNode,relationship,since,position,department
C:401,USR:232,EMPLOYS,2020-09-06,Licenciado,N/A
startNode,endNode,relationship,since,position,department
C:116,USR:233,EMPLOYS,2022-05-26,Manager,N/A
startNode,endNode,relationship,since,position,department
C:61,USR:234,EMPLOYS,2023-04-04,Licenciado,HR
startNode,endNode,relationship,since,position,department
C:202,USR:235,EMPLOYS,2020-02-02,Manager,N/A
startNode,endNode,relationship,since,position,department
C:554,USR:236,EMPLOYS,2016-08-30,Entrepreneur,HR
startNode,endNode,relationship,since,position,department
C:56,USR:237,EMPLOYS,2015-12-25,Licenciado,HR
startNode,endNode,relationship,since,position,department
C:455,USR:238,EMPLOYS,2021-05-10,Engineer,IT
startNode,endNode,relationship,since,position,department
C:335,USR:239,EMPLOYS,2020-10-20,Entrepreneur,IT
startNode,endNode,relationship,since,position,department
C:411,USR:240,EMPLOYS,2018-05-25,Manager,HR
startNode,endNode,relationship,since,position,department
C:582,USR:241,EMPLOYS,2022-10-24,Entrepreneur,N/A
startNode,endNode,relationship,since,position,department
C:60,USR:242,EMPLOYS,2020-01-06,Manager,HR
startNode,endNode,relationship,since,position,department
C:563,USR:243,EMPLOYS,2017-01-25,Entrepreneur,N/A
startNode,endNode,relationship,since,position,department
C:420,USR:244,EMPLOYS,2022-03-05,Engineer,IT
startNode,endNode,relationship,since,position,department
C:163,USR:245,EMPLOYS,2023-01-02,Manager,IT
startNode,endNode,relationship,since,position,department
C:231,USR:246,EMPLOYS,2018-07-27,Engineer,Sales
startNode,endNode,relationship,since,position,department
C:287,USR:247,EMPLOYS,2021-02-04,Licenciado,Sales
startNode,endNode,relationship,since,position,department
C:367,USR:248,EMPLOYS,2018-10-13,Manager,IT
startNode,endNode,relationship,since,position,department
C:170,USR:249,EMPLOYS,2020-06-18,Manager,N/A
startNode,endNode,relationship,since,position,department
C:216,USR:250,EMPLOYS,2018-07-06,Licenciado,Sales
startNode,endNode,relationship,since,position,department
C:403,USR:251,EMPLOYS,2017-10-11,Engineer,IT
startNode,endNode,relationship,since,position,department
C:350,USR:252,EMPLOYS,2021-08-09,Licenciado,Sales
startNode,endNode,relationship,since,position,department
C:429,USR:253,EMPLOYS,2023-11-29,Licenciado,IT
startNode,endNode,relationship,since,position,department
C:304,USR:254,EMPLOYS,2020-09-17,Licenciado,N/A
startNode,endNode,relationship,since,position,department
C:61,USR:255,EMPLOYS,2015-09-14,Licenciado,Sales
startNode,endNode,relationship,since,position,department
C:361,USR:256,EMPLOYS,2016-01-19,Manager,Sales
startNode,endNode,relationship,since,position,department
C:449,USR:257,EMPLOYS,2019-06-26,Licenciado,HR
startNode,endNode,relationship,since,position,department
C:477,USR:258,EMPLOYS,2017-02-02,Manager,N/A
startNode,endNode,relationship,since,position,department
C:544,USR:259,EMPLOYS,2016-02-25,Engineer,Sales
startNode,endNode,relationship,since,position,department
C:216,USR:260,EMPLOYS,2022-10-31,Manager,N/A
startNode,endNode,relationship,since,position,department
C:538,USR:261,EMPLOYS,2019-07-18,Entrepreneur,IT
startNode,endNode,relationship,since,position,department
C:238,USR:262,EMPLOYS,2019-09-13,Licenciado,HR
startNode,endNode,relationship,since,position,department
C:1,USR:263,EMPLOYS,2018-10-24,Manager,HR
startNode,endNode,relationship,since,position,department
C:489,USR:264,EMPLOYS,2023-02-26,Licenciado,HR
startNode,endNode,relationship,since,position,department
C:250,USR:265,EMPLOYS,2017-04-27,Manager,N/A
startNode,endNode,relationship,since,position,department
C:352,USR:266,EMPLOYS,2016-03-15,Manager,IT
startNode,endNode,relationship,since,position,department
C:179,USR:267,EMPLOYS,2021-04-30,Engineer,Sales
startNode,endNode,relationship,since,position,department
C:435,USR:268,EMPLOYS,2019-08-31,Engineer,Sales
startNode,endNode,relationship,since,position,department
C:414,USR:269,EMPLOYS,2021-12-14,Engineer,Sales
startNode,endNode,relationship,since,position,department
C:166,USR:270,EMPLOYS,2015-01-15,Manager,N/A
startNode,endNode,relationship,since,position,department
C:237,USR:271,EMPLOYS,2019-12-21,Engineer,Sales
startNode,endNode,relationship,since,position,department
C:441,USR:272,EMPLOYS,2016-05-16,Licenciado,HR
startNode,endNode,relationship,since,position,department
C:43,USR:273,EMPLOYS,2023-05-25,Entrepreneur,N/A
startNode,endNode,relationship,since,position,department
C:490,USR:274,EMPLOYS,2018-06-10,Manager,HR
startNode,endNode,relationship,since,position,department
C:388,USR:275,EMPLOYS,2017-01-02,Licenciado,Sales
startNode,endNode,relationship,since,position,department
C:118,USR:276,EMPLOYS,2016-08-02,Entrepreneur,HR
startNode,endNode,relationship,since,position,department
C:505,USR:277,EMPLOYS,2021-04-25,Engineer,Sales
startNode,endNode,relationship,since,position,department
C:258,USR:278,EMPLOYS,2016-07-08,Licenciado,N/A
startNode,endNode,relationship,since,position,department
C:83,USR:279,EMPLOYS,2020-09-17,Engineer,HR
startNode,endNode,relationship,since,position,department
C:24,USR:280,EMPLOYS,2015-02-23,Entrepreneur,HR
startNode,endNode,relationship,since,position,department
C:278,USR:281,EMPLOYS,2016-04-11,Licenciado,N/A
startNode,endNode,relationship,since,position,department
C:536,USR:282,EMPLOYS,2022-05-22,Engineer,Sales
startNode,endNode,relationship,since,position,department
C:162,USR:283,EMPLOYS,2016-01-30,Manager,HR
startNode,endNode,relationship,since,position,department
C:458,USR:284,EMPLOYS,2021-02-21,Manager,IT
startNode,endNode,relationship,since,position,department
C:116,USR:285,EMPLOYS,2019-02-10,Entrepreneur,N/A
startNode,endNode,relationship,since,position,department
C:524,USR:286,EMPLOYS,2018-07-09,Licenciado,IT
startNode,endNode,relationship,since,position,department
C:541,USR:287,EMPLOYS,2021-11-20,Manager,IT
startNode,endNode,relationship,since,position,department
C:386,USR:288,EMPLOYS,2017-01-19,Entrepreneur,HR
startNode,endNode,relationship,since,position,department
C:398,USR:289,EMPLOYS,2023-11-13,Licenciado,N/A
startNode,endNode,relationship,since,position,department
C:405,USR:290,EMPLOYS,2020-05-10,Manager,HR
startNode,endNode,relationship,since,position,department
C:573,USR:291,EMPLOYS,2015-06-12,Licenciado,IT
startNode,endNode,relationship,since,position,department
C:543,USR:292,EMPLOYS,2016-03-15,Licenciado,IT
startNode,endNode,relationship,since,position,department
C:382,USR:293,EMPLOYS,2017-10-13,Entrepreneur,HR
startNode,endNode,relationship,since,position,department
C:366,USR:294,EMPLOYS,2019-03-17,Entrepreneur,IT
startNode,endNode,relationship,since,position,department
C:557,USR:295,EMPLOYS,2022-08-17,Manager,IT
startNode,endNode,relationship,since,position,department
C:264,USR:296,EMPLOYS,2020-07-15,Manager,IT
startNode,endNode,relationship,since,position,department
C:458,USR:297,EMPLOYS,2022-09-10,Licenciado,HR
startNode,endNode,relationship,since,position,department
C:580,USR:298,EMPLOYS,2019-10-02,Licenciado,Sales
startNode,endNode,relationship,since,position,department
C:446,USR:299,EMPLOYS,2022-09-12,Entrepreneur,HR
startNode,endNode,relationship,since,position,department
C:189,USR:300,EMPLOYS,2016-10-31,Manager,N/A
startNode,endNode,relationship,since,position,department
C:436,USR:301,EMPLOYS,2016-11-25,Entrepreneur,IT
startNode,endNode,relationship,since,position,department
C:326,USR:302,EMPLOYS,2020-09-22,Entrepreneur,Sales
startNode,endNode,relationship,since,position,department
C:562,USR:303,EMPLOYS,2019-08-26,Engineer,HR
startNode,endNode,relationship,since,position,department
C:186,USR:304,EMPLOYS,2015-03-16,Licenciado,Sales
startNode,endNode,relationship,since,position,department
C:442,USR:305,EMPLOYS,2015-05-17,Engineer,IT
startNode,endNode,relationship,since,position,department
C:164,USR:306,EMPLOYS,2017-06-11,Licenciado,IT
startNode,endNode,relationship,since,position,department
C:288,USR:307,EMPLOYS,2016-10-03,Entrepreneur,HR
startNode,endNode,relationship,since,position,department
C:452,USR:308,EMPLOYS,2023-01-16,Engineer,IT
startNode,endNode,relationship,since,position,department
C:196,USR:309,EMPLOYS,2016-11-04,Engineer,IT
startNode,endNode,relationship,since,position,department
C:414,USR:310,EMPLOYS,2015-12-09,Entrepreneur,Sales
startNode,endNode,relationship,since,position,department
C:277,USR:311,EMPLOYS,2022-07-25,Entrepreneur,N/A
startNode,endNode,relationship,since,position,department
C:415,USR:312,EMPLOYS,2022-08-23,Engineer,Sales
startNode,endNode,relationship,since,position,department
C:33,USR:313,EMPLOYS,2022-10-12,Engineer,N/A
startNode,endNode,relationship,since,position,department
C:414,USR:314,EMPLOYS,2017-04-04,Engineer,N/A
startNode,endNode,relationship,since,position,department
C:568,USR:315,EMPLOYS,2016-09-26,Entrepreneur,IT
startNode,endNode,relationship,since,position,department
C:398,USR:316,EMPLOYS,2020-01-05,Engineer,Sales
startNode,endNode,relationship,since,position,department
C:324,USR:317,EMPLOYS,2019-05-20,Engineer,HR
startNode,endNode,relationship,since,position,department
C:433,USR:318,EMPLOYS,2020-09-18,Engineer,IT
startNode,endNode,relationship,since,position,department
C:581,USR:319,EMPLOYS,2020-02-23,Engineer,HR
startNode,endNode,relationship,since,position,department
C:593,USR:320,EMPLOYS,2018-07-12,Engineer,N/A
startNode,endNode,relationship,since,position,department
C:289,USR:321,EMPLOYS,2018-02-22,Engineer,HR
startNode,endNode,relationship,since,position,department
C:61,USR:322,EMPLOYS,2022-09-28,Licenciado,Sales
startNode,endNode,relationship,since,position,department
C:17,USR:323,EMPLOYS,2016-10-21,Entrepreneur,Sales
startNode,endNode,relationship,since,position,department
C:467,USR:324,EMPLOYS,2016-07-17,Entrepreneur,HR
startNode,endNode,relationship,since,position,department
C:331,USR:325,EMPLOYS,2022-10-30,Engineer,N/A
startNode,endNode,relationship,since,position,department
C:509,USR:326,EMPLOYS,2019-09-12,Engineer,N/A
startNode,endNode,relationship,since,position,department
C:595,USR:327,EMPLOYS,2017-12-03,Manager,N/A
startNode,endNode,relationship,since,position,department
C:414,USR:328,EMPLOYS,2020-08-12,Manager,HR
startNode,endNode,relationship,since,position,department
C:36,USR:329,EMPLOYS,2022-05-12,Manager,Sales
startNode,endNode,relationship,since,position,department
C:456,USR:330,EMPLOYS,2020-08-28,Engineer,IT
startNode,endNode,relationship,since,position,department
C:356,USR:331,EMPLOYS,2018-03-01,Entrepreneur,N/A
startNode,endNode,relationship,since,position,department
C:261,USR:332,EMPLOYS,2023-05-17,Manager,Sales
startNode,endNode,relationship,since,position,department
C:538,USR:333,EMPLOYS,2017-01-11,Entrepreneur,N/A
startNode,endNode,relationship,since,position,department
C:96,USR:334,EMPLOYS,2018-08-11,Engineer,Sales
startNode,endNode,relationship,since,position,department
C:566,USR:335,EMPLOYS,2016-11-16,Licenciado,HR
startNode,endNode,relationship,since,position,department
C:246,USR:336,EMPLOYS,2022-07-11,Engineer,Sales
startNode,endNode,relationship,since,position,department
C:154,USR:337,EMPLOYS,2018-09-18,Licenciado,Sales
startNode,endNode,relationship,since,position,department
C:544,USR:338,EMPLOYS,2020-03-20,Entrepreneur,N/A
startNode,endNode,relationship,since,position,department
C:315,USR:339,EMPLOYS,2017-06-15,Entrepreneur,IT
startNode,endNode,relationship,since,position,department
C:16,USR:340,EMPLOYS,2021-06-24,Manager,Sales
startNode,endNode,relationship,since,position,department
C:385,USR:341,EMPLOYS,2021-01-28,Licenciado,N/A
startNode,endNode,relationship,since,position,department
C:375,USR:342,EMPLOYS,2022-11-22,Manager,IT
startNode,endNode,relationship,since,position,department
C:335,USR:343,EMPLOYS,2023-06-29,Entrepreneur,HR
startNode,endNode,relationship,since,position,department
C:1,USR:344,EMPLOYS,2023-02-08,Manager,Sales
startNode,endNode,relationship,since,position,department
C:249,USR:345,EMPLOYS,2016-07-01,Manager,HR
startNode,endNode,relationship,since,position,department
C:26,USR:346,EMPLOYS,2019-09-15,Engineer,N/A
startNode,endNode,relationship,since,position,department
C:1,USR:347,EMPLOYS,2023-02-02,Entrepreneur,IT
startNode,endNode,relationship,since,position,department
C:67,USR:348,EMPLOYS,2018-09-02,Licenciado,Sales
startNode,endNode,relationship,since,position,department
C:496,USR:349,EMPLOYS,2020-01-11,Manager,HR
startNode,endNode,relationship,since,position,department
C:227,USR:350,EMPLOYS,2023-08-15,Engineer,Sales
startNode,endNode,relationship,since,position,department
C:47,USR:351,EMPLOYS,2020-09-13,Licenciado,IT
startNode,endNode,relationship,since,position,department
C:462,USR:352,EMPLOYS,2017-10-30,Engineer,N/A
startNode,endNode,relationship,since,position,department
C:249,USR:353,EMPLOYS,2018-01-13,Licenciado,HR
startNode,endNode,relationship,since,position,department
C:74,USR:354,EMPLOYS,2022-07-21,Licenciado,IT
startNode,endNode,relationship,since,position,department
C:30,USR:355,EMPLOYS,2022-08-02,Manager,HR
startNode,endNode,relationship,since,position,department
C:376,USR:356,EMPLOYS,2015-07-10,Entrepreneur,HR
startNode,endNode,relationship,since,position,department
C:5,USR:357,EMPLOYS,2019-10-08,Engineer,Sales
startNode,endNode,relationship,since,position,department
C:397,USR:358,EMPLOYS,2016-08-18,Manager,IT
startNode,endNode,relationship,since,position,department
C:27,USR:359,EMPLOYS,2021-06-17,Manager,HR
startNode,endNode,relationship,since,position,department
C:92,USR:360,EMPLOYS,2015-03-03,Entrepreneur,Sales
startNode,endNode,relationship,since,position,department
C:92,USR:361,EMPLOYS,2022-03-31,Entrepreneur,IT
startNode,endNode,relationship,since,position,department
C:93,USR:362,EMPLOYS,2019-03-19,Engineer,IT
startNode,endNode,relationship,since,position,department
C:34,USR:363,EMPLOYS,2022-08-10,Engineer,HR
startNode,endNode,relationship,since,position,department
C:76,USR:364,EMPLOYS,2019-10-23,Licenciado,IT
startNode,endNode,relationship,since,position,department
C:148,USR:365,EMPLOYS,2016-10-25,Entrepreneur,IT
startNode,endNode,relationship,since,position,department
C:117,USR:366,EMPLOYS,2016-05-01,Engineer,HR
startNode,endNode,relationship,since,position,department
C:369,USR:367,EMPLOYS,2015-04-03,Manager,HR
startNode,endNode,relationship,since,position,department
C:253,USR:368,EMPLOYS,2016-12-17,Engineer,Sales
startNode,endNode,relationship,since,position,department
C:41,USR:369,EMPLOYS,2018-01-19,Entrepreneur,IT
startNode,endNode,relationship,since,position,department
C:205,USR:370,EMPLOYS,2016-07-26,Manager,IT
startNode,endNode,relationship,since,position,department
C:232,USR:371,EMPLOYS,2022-06-04,Licenciado,N/A
startNode,endNode,relationship,since,position,department
C:227,USR:372,EMPLOYS,2022-07-25,Engineer,N/A
startNode,endNode,relationship,since,position,department
C:83,USR:373,EMPLOYS,2022-04-26,Engineer,HR
startNode,endNode,relationship,since,position,department
C:423,USR:374,EMPLOYS,2016-09-28,Manager,IT
startNode,endNode,relationship,since,position,department
C:84,USR:375,EMPLOYS,2020-08-25,Engineer,N/A
startNode,endNode,relationship,since,position,department
C:393,USR:376,EMPLOYS,2016-05-29,Licenciado,IT
startNode,endNode,relationship,since,position,department
C:255,USR:377,EMPLOYS,2015-03-15,Licenciado,N/A
startNode,endNode,relationship,since,position,department
C:267,USR:378,EMPLOYS,2016-07-29,Manager,Sales
startNode,endNode,relationship,since,position,department
C:524,USR:379,EMPLOYS,2016-04-18,Engineer,HR
startNode,endNode,relationship,since,position,department
C:236,USR:380,EMPLOYS,2021-01-17,Licenciado,N/A
startNode,endNode,relationship,since,position,department
C:423,USR:381,EMPLOYS,2015-09-19,Manager,Sales
startNode,endNode,relationship,since,position,department
C:456,USR:382,EMPLOYS,2021-09-29,Licenciado,IT
startNode,endNode,relationship,since,position,department
C:445,USR:383,EMPLOYS,2023-11-28,Manager,Sales
startNode,endNode,relationship,since,position,department
C:535,USR:384,EMPLOYS,2022-12-05,Engineer,HR
startNode,endNode,relationship,since,position,department
C:406,USR:385,EMPLOYS,2016-01-22,Licenciado,N/A
startNode,endNode,relationship,since,position,department
C:16,USR:386,EMPLOYS,2016-01-04,Entrepreneur,Sales
startNode,endNode,relationship,since,position,department
C:294,USR:387,EMPLOYS,2020-12-13,Entrepreneur,Sales
startNode,endNode,relationship,since,position,department
C:103,USR:388,EMPLOYS,2023-08-10,Entrepreneur,Sales
startNode,endNode,relationship,since,position,department
C:525,USR:389,EMPLOYS,2016-06-25,Entrepreneur,N/A
startNode,endNode,relationship,since,position,department
C:60,USR:390,EMPLOYS,2020-08-03,Engineer,IT
startNode,endNode,relationship,since,position,department
C:268,USR:391,EMPLOYS,2017-09-19,Licenciado,HR
startNode,endNode,relationship,since,position,department
C:214,USR:392,EMPLOYS,2023-05-06,Manager,IT
startNode,endNode,relationship,since,position,department
C:533,USR:393,EMPLOYS,2022-02-27,Engineer,HR
startNode,endNode,relationship,since,position,department
C:562,USR:394,EMPLOYS,2020-09-25,Engineer,Sales
startNode,endNode,relationship,since,position,department
C:600,USR:395,EMPLOYS,2021-02-22,Entrepreneur,N/A
startNode,endNode,relationship,since,position,department
C:589,USR:396,EMPLOYS,2020-02-08,Manager,HR
startNode,endNode,relationship,since,position,department
C:590,USR:397,EMPLOYS,2017-03-14,Entrepreneur,N/A
startNode,endNode,relationship,since,position,department
C:519,USR:398,EMPLOYS,2022-05-22,Entrepreneur,HR
startNode,endNode,relationship,since,position,department
C:459,USR:399,EMPLOYS,2018-01-09,Licenciado,Sales
startNode,endNode,relationship,since,position,department
C:252,USR:400,EMPLOYS,2022-01-20,Licenciado,HR
startNode,endNode,relationship,since,position,department
C:107,USR:401,EMPLOYS,2018-04-30,Licenciado,IT
startNode,endNode,relationship,since,position,department
C:283,USR:402,EMPLOYS,2018-01-12,Engineer,Sales
startNode,endNode,relationship,since,position,department
C:202,USR:403,EMPLOYS,2022-06-05,Entrepreneur,IT
startNode,endNode,relationship,since,position,department
C:468,USR:404,EMPLOYS,2017-05-13,Manager,HR
startNode,endNode,relationship,since,position,department
C:485,USR:405,EMPLOYS,2016-11-09,Licenciado,N/A
startNode,endNode,relationship,since,position,department
C:88,USR:406,EMPLOYS,2020-06-27,Licenciado,HR
startNode,endNode,relationship,since,position,department
C:146,USR:407,EMPLOYS,2018-12-01,Engineer,HR
startNode,endNode,relationship,since,position,department
C:559,USR:408,EMPLOYS,2021-06-17,Engineer,Sales
startNode,endNode,relationship,since,position,department
C:522,USR:409,EMPLOYS,2019-11-30,Engineer,IT
startNode,endNode,relationship,since,position,department
C:435,USR:410,EMPLOYS,2018-06-14,Entrepreneur,N/A
startNode,endNode,relationship,since,position,department
C:189,USR:411,EMPLOYS,2023-11-18,Engineer,N/A
startNode,endNode,relationship,since,position,department
C:68,USR:412,EMPLOYS,2022-09-09,Engineer,IT
startNode,endNode,relationship,since,position,department
C:565,USR:413,EMPLOYS,2019-05-24,Licenciado,HR
startNode,endNode,relationship,since,position,department
C:383,USR:414,EMPLOYS,2017-09-22,Manager,N/A
startNode,endNode,relationship,since,position,department
C:441,USR:415,EMPLOYS,2018-07-15,Engineer,Sales
startNode,endNode,relationship,since,position,department
C:101,USR:416,EMPLOYS,2018-09-29,Licenciado,IT
startNode,endNode,relationship,since,position,department
C:549,USR:417,EMPLOYS,2021-03-23,Licenciado,N/A
startNode,endNode,relationship,since,position,department
C:525,USR:418,EMPLOYS,2022-10-07,Manager,IT
startNode,endNode,relationship,since,position,department
C:312,USR:419,EMPLOYS,2017-12-13,Licenciado,Sales
startNode,endNode,relationship,since,position,department
C:202,USR:420,EMPLOYS,2022-11-21,Licenciado,HR
startNode,endNode,relationship,since,position,department
C:237,USR:421,EMPLOYS,2016-06-23,Entrepreneur,N/A
startNode,endNode,relationship,since,position,department
C:234,USR:422,EMPLOYS,2018-02-14,Engineer,Sales
startNode,endNode,relationship,since,position,department
C:252,USR:423,EMPLOYS,2020-01-22,Manager,N/A
startNode,endNode,relationship,since,position,department
C:148,USR:424,EMPLOYS,2020-06-14,Entrepreneur,HR
startNode,endNode,relationship,since,position,department
C:476,USR:425,EMPLOYS,2017-09-15,Engineer,IT
startNode,endNode,relationship,since,position,department
C:395,USR:426,EMPLOYS,2020-10-26,Engineer,HR
startNode,endNode,relationship,since,position,department
C:413,USR:427,EMPLOYS,2023-04-02,Entrepreneur,Sales
startNode,endNode,relationship,since,position,department
C:18,USR:428,EMPLOYS,2017-12-04,Engineer,IT
startNode,endNode,relationship,since,position,department
C:36,USR:429,EMPLOYS,2017-05-23,Engineer,N/A
startNode,endNode,relationship,since,position,department
C:584,USR:430,EMPLOYS,2015-08-26,Engineer,N/A
startNode,endNode,relationship,since,position,department
C:487,USR:431,EMPLOYS,2021-07-23,Entrepreneur,IT
startNode,endNode,relationship,since,position,department
C:19,USR:432,EMPLOYS,2017-01-25,Engineer,IT
startNode,endNode,relationship,since,position,department
C:383,USR:433,EMPLOYS,2016-08-23,Manager,HR
startNode,endNode,relationship,since,position,department
C:76,USR:434,EMPLOYS,2015-08-21,Engineer,Sales
startNode,endNode,relationship,since,position,department
C:41,USR:435,EMPLOYS,2023-08-16,Manager,IT
startNode,endNode,relationship,since,position,department
C:271,USR:436,EMPLOYS,2018-11-06,Manager,IT
startNode,endNode,relationship,since,position,department
C:314,USR:437,EMPLOYS,2023-11-30,Entrepreneur,N/A
startNode,endNode,relationship,since,position,department
C:139,USR:438,EMPLOYS,2021-07-11,Entrepreneur,Sales
startNode,endNode,relationship,since,position,department
C:327,USR:439,EMPLOYS,2019-11-14,Manager,Sales
startNode,endNode,relationship,since,position,department
C:421,USR:440,EMPLOYS,2022-08-21,Engineer,Sales
startNode,endNode,relationship,since,position,department
C:424,USR:441,EMPLOYS,2018-01-20,Engineer,IT
startNode,endNode,relationship,since,position,department
C:30,USR:442,EMPLOYS,2023-08-20,Licenciado,Sales
startNode,endNode,relationship,since,position,department
C:496,USR:443,EMPLOYS,2015-09-05,Engineer,HR
startNode,endNode,relationship,since,position,department
C:513,USR:444,EMPLOYS,2017-11-19,Licenciado,N/A
startNode,endNode,relationship,since,position,department
C:52,USR:445,EMPLOYS,2016-12-28,Licenciado,HR
startNode,endNode,relationship,since,position,department
C:270,USR:446,EMPLOYS,2023-01-25,Entrepreneur,HR
startNode,endNode,relationship,since,position,department
C:322,USR:447,EMPLOYS,2015-10-22,Engineer,HR
startNode,endNode,relationship,since,position,department
C:72,USR:448,EMPLOYS,2023-09-20,Manager,Sales
startNode,endNode,relationship,since,position,department
C:87,USR:449,EMPLOYS,2023-04-29,Entrepreneur,IT
startNode,endNode,relationship,since,position,department
C:30,USR:450,EMPLOYS,2021-04-16,Engineer,N/A
startNode,endNode,relationship,since,position,department
C:478,USR:451,EMPLOYS,2016-05-02,Engineer,N/A
startNode,endNode,relationship,since,position,department
C:52,USR:452,EMPLOYS,2020-07-07,Manager,HR
startNode,endNode,relationship,since,position,department
C:574,USR:453,EMPLOYS,2015-05-30,Engineer,Sales
startNode,endNode,relationship,since,position,department
C:481,USR:454,EMPLOYS,2015-03-22,Licenciado,HR
startNode,endNode,relationship,since,position,department
C:422,USR:455,EMPLOYS,2023-08-01,Entrepreneur,Sales
startNode,endNode,relationship,since,position,department
C:452,USR:456,EMPLOYS,2018-10-06,Licenciado,N/A
startNode,endNode,relationship,since,position,department
C:341,USR:457,EMPLOYS,2020-07-14,Engineer,HR
startNode,endNode,relationship,since,position,department
C:441,USR:458,EMPLOYS,2015-12-17,Entrepreneur,N/A
startNode,endNode,relationship,since,position,department
C:166,USR:459,EMPLOYS,2022-05-29,Engineer,N/A
startNode,endNode,relationship,since,position,department
C:542,USR:460,EMPLOYS,2021-01-11,Manager,IT
startNode,endNode,relationship,since,position,department
C:314,USR:461,EMPLOYS,2017-04-28,Entrepreneur,N/A
startNode,endNode,relationship,since,position,department
C:332,USR:462,EMPLOYS,2023-03-14,Entrepreneur,HR
startNode,endNode,relationship,since,position,department
C:83,USR:463,EMPLOYS,2020-01-28,Engineer,Sales
startNode,endNode,relationship,since,position,department
C:63,USR:464,EMPLOYS,2018-02-09,Entrepreneur,HR
startNode,endNode,relationship,since,position,department
C:303,USR:465,EMPLOYS,2015-06-15,Manager,IT
startNode,endNode,relationship,since,position,department
C:22,USR:466,EMPLOYS,2015-02-05,Licenciado,N/A
startNode,endNode,relationship,since,position,department
C:334,USR:467,EMPLOYS,2022-06-26,Manager,IT
startNode,endNode,relationship,since,position,department
C:384,USR:468,EMPLOYS,2017-05-03,Engineer,HR
startNode,endNode,relationship,since,position,department
C:90,USR:469,EMPLOYS,2022-01-30,Engineer,N/A
startNode,endNode,relationship,since,position,department
C:196,USR:470,EMPLOYS,2022-03-10,Engineer,IT
startNode,endNode,relationship,since,position,department
C:169,USR:471,EMPLOYS,2016-05-05,Entrepreneur,N/A
startNode,endNode,relationship,since,position,department
C:201,USR:472,EMPLOYS,2020-11-15,Entrepreneur,N/A
startNode,endNode,relationship,since,position,department
C:162,USR:473,EMPLOYS,2020-03-20,Engineer,IT
startNode,endNode,relationship,since,position,department
C:143,USR:474,EMPLOYS,2019-07-31,Manager,N/A
startNode,endNode,relationship,since,position,department
C:231,USR:475,EMPLOYS,2019-07-12,Licenciado,N/A
startNode,endNode,relationship,since,position,department
C:204,USR:476,EMPLOYS,2015-12-04,Entrepreneur,Sales
startNode,endNode,relationship,since,position,department
C:162,USR:477,EMPLOYS,2022-01-19,Manager,N/A
startNode,endNode,relationship,since,position,department
C:66,USR:478,EMPLOYS,2019-06-01,Entrepreneur,IT
startNode,endNode,relationship,since,position,department
C:466,USR:479,EMPLOYS,2019-10-23,Entrepreneur,IT
startNode,endNode,relationship,since,position,department
C:393,USR:480,EMPLOYS,2021-06-23,Licenciado,HR
startNode,endNode,relationship,since,position,department
C:127,USR:481,EMPLOYS,2016-08-26,Entrepreneur,Sales
startNode,endNode,relationship,since,position,department
C:490,USR:482,EMPLOYS,2021-07-09,Manager,Sales
startNode,endNode,relationship,since,position,department
C:507,USR:483,EMPLOYS,2018-03-13,Entrepreneur,N/A
startNode,endNode,relationship,since,position,department
C:260,USR:484,EMPLOYS,2016-03-06,Manager,Sales
startNode,endNode,relationship,since,position,department
C:263,USR:485,EMPLOYS,2018-08-12,Entrepreneur,Sales
startNode,endNode,relationship,since,position,department
C:122,USR:486,EMPLOYS,2017-02-25,Engineer,HR
startNode,endNode,relationship,since,position,department
C:20,USR:487,EMPLOYS,2015-07-03,Entrepreneur,HR
startNode,endNode,relationship,since,position,department
C:219,USR:488,EMPLOYS,2020-01-11,Manager,HR
startNode,endNode,relationship,since,position,department
C:180,USR:489,EMPLOYS,2015-05-14,Engineer,IT
startNode,endNode,relationship,since,position,department
C:226,USR:490,EMPLOYS,2018-06-08,Entrepreneur,N/A
startNode,endNode,relationship,since,position,department
C:68,USR:491,EMPLOYS,2018-06-20,Licenciado,Sales
startNode,endNode,relationship,since,position,department
C:282,USR:492,EMPLOYS,2022-08-03,Manager,IT
startNode,endNode,relationship,since,position,department
C:96,USR:493,EMPLOYS,2022-12-03,Manager,HR
startNode,endNode,relationship,since,position,department
C:391,USR:494,EMPLOYS,2018-09-22,Engineer,N/A
startNode,endNode,relationship,since,position,department
C:474,USR:495,EMPLOYS,2021-04-25,Licenciado,IT
startNode,endNode,relationship,since,position,department
C:382,USR:496,EMPLOYS,2019-02-16,Manager,HR
startNode,endNode,relationship,since,position,department
C:527,USR:497,EMPLOYS,2017-01-18,Licenciado,IT
startNode,endNode,relationship,since,position,department
C:77,USR:498,EMPLOYS,2015-09-30,Entrepreneur,Sales
startNode,endNode,relationship,since,position,department
C:218,USR:499,EMPLOYS,2016-01-22,Entrepreneur,Sales
startNode,endNode,relationship,since,position,department
C:420,USR:500,EMPLOYS,2023-11-26,Engineer,N/A
startNode,endNode,relationship,since,position,department
C:107,USR:501,EMPLOYS,2020-10-19,Licenciado,N/A
startNode,endNode,relationship,since,position,department
C:24,USR:502,EMPLOYS,2023-12-24,Entrepreneur,Sales
startNode,endNode,relationship,since,position,department
C:306,USR:503,EMPLOYS,2015-11-18,Engineer,Sales
startNode,endNode,relationship,since,position,department
C:254,USR:504,EMPLOYS,2019-04-16,Licenciado,IT
startNode,endNode,relationship,since,position,department
C:301,USR:505,EMPLOYS,2020-03-01,Licenciado,HR
startNode,endNode,relationship,since,position,department
C:442,USR:506,EMPLOYS,2020-11-02,Manager,HR
startNode,endNode,relationship,since,position,department
C:549,USR:507,EMPLOYS,2019-02-17,Engineer,Sales
startNode,endNode,relationship,since,position,department
C:483,USR:508,EMPLOYS,2021-01-20,Engineer,IT
startNode,endNode,relationship,since,position,department
C:75,USR:509,EMPLOYS,2017-05-14,Engineer,IT
startNode,endNode,relationship,since,position,department
C:394,USR:510,EMPLOYS,2020-12-02,Engineer,N/A
startNode,endNode,relationship,since,position,department
C:256,USR:511,EMPLOYS,2018-02-06,Manager,Sales
startNode,endNode,relationship,since,position,department
C:230,USR:512,EMPLOYS,2022-12-24,Entrepreneur,HR
startNode,endNode,relationship,since,position,department
C:550,USR:513,EMPLOYS,2016-10-07,Entrepreneur,Sales
startNode,endNode,relationship,since,position,department
C:89,USR:514,EMPLOYS,2022-01-23,Engineer,IT
startNode,endNode,relationship,since,position,department
C:171,USR:515,EMPLOYS,2019-08-11,Manager,HR
startNode,endNode,relationship,since,position,department
C:506,USR:516,EMPLOYS,2016-10-19,Manager,IT
startNode,endNode,relationship,since,position,department
C:89,USR:517,EMPLOYS,2015-11-02,Engineer,HR
startNode,endNode,relationship,since,position,department
C:552,USR:518,EMPLOYS,2021-12-15,Manager,IT
startNode,endNode,relationship,since,position,department
C:419,USR:519,EMPLOYS,2023-06-15,Entrepreneur,Sales
startNode,endNode,relationship,since,position,department
C:419,USR:520,EMPLOYS,2022-02-03,Engineer,N/A
startNode,endNode,relationship,since,position,department
C:255,USR:521,EMPLOYS,2018-12-06,Manager,N/A
startNode,endNode,relationship,since,position,department
C:375,USR:522,EMPLOYS,2015-04-22,Licenciado,HR
startNode,endNode,relationship,since,position,department
C:373,USR:523,EMPLOYS,2023-05-30,Engineer,N/A
startNode,endNode,relationship,since,position,department
C:113,USR:524,EMPLOYS,2017-02-14,Engineer,Sales
startNode,endNode,relationship,since,position,department
C:552,USR:525,EMPLOYS,2020-10-24,Entrepreneur,Sales
startNode,endNode,relationship,since,position,department
C:321,USR:526,EMPLOYS,2020-03-06,Entrepreneur,Sales
startNode,endNode,relationship,since,position,department
C:583,USR:527,EMPLOYS,2015-10-19,Entrepreneur,IT
startNode,endNode,relationship,since,position,department
C:316,USR:528,EMPLOYS,2017-02-04,Manager,Sales
startNode,endNode,relationship,since,position,department
C:560,USR:529,EMPLOYS,2018-03-13,Engineer,N/A
startNode,endNode,relationship,since,position,department
C:404,USR:530,EMPLOYS,2017-09-13,Engineer,N/A
startNode,endNode,relationship,since,position,department
C:323,USR:531,EMPLOYS,2023-10-10,Engineer,HR
startNode,endNode,relationship,since,position,department
C:599,USR:532,EMPLOYS,2021-11-29,Manager,N/A
startNode,endNode,relationship,since,position,department
C:319,USR:533,EMPLOYS,2015-05-27,Manager,Sales
startNode,endNode,relationship,since,position,department
C:347,USR:534,EMPLOYS,2022-08-03,Licenciado,N/A
startNode,endNode,relationship,since,position,department
C:303,USR:535,EMPLOYS,2019-08-31,Entrepreneur,HR
startNode,endNode,relationship,since,position,department
C:384,USR:536,EMPLOYS,2018-11-23,Entrepreneur,Sales
startNode,endNode,relationship,since,position,department
C:141,USR:537,EMPLOYS,2017-01-22,Entrepreneur,IT
startNode,endNode,relationship,since,position,department
C:175,USR:538,EMPLOYS,2019-03-12,Entrepreneur,IT
startNode,endNode,relationship,since,position,department
C:472,USR:539,EMPLOYS,2021-11-01,Entrepreneur,HR
startNode,endNode,relationship,since,position,department
C:536,USR:540,EMPLOYS,2023-01-13,Engineer,IT
startNode,endNode,relationship,since,position,department
C:587,USR:541,EMPLOYS,2021-01-03,Licenciado,IT
startNode,endNode,relationship,since,position,department
C:73,USR:542,EMPLOYS,2017-10-03,Engineer,Sales
startNode,endNode,relationship,since,position,department
C:317,USR:543,EMPLOYS,2022-03-09,Manager,Sales
startNode,endNode,relationship,since,position,department
C:500,USR:544,EMPLOYS,2022-07-14,Manager,IT
startNode,endNode,relationship,since,position,department
C:22,USR:545,EMPLOYS,2015-05-30,Licenciado,IT
startNode,endNode,relationship,since,position,department
C:493,USR:546,EMPLOYS,2015-06-25,Entrepreneur,IT
startNode,endNode,relationship,since,position,department
C:223,USR:547,EMPLOYS,2018-05-11,Entrepreneur,N/A
startNode,endNode,relationship,since,position,department
C:477,USR:548,EMPLOYS,2020-12-10,Entrepreneur,HR
startNode,endNode,relationship,since,position,department
C:48,USR:549,EMPLOYS,2019-07-22,Engineer,N/A
startNode,endNode,relationship,since,position,department
C:276,USR:550,EMPLOYS,2015-03-09,Licenciado,Sales
startNode,endNode,relationship,since,position,department
C:382,USR:551,EMPLOYS,2017-01-06,Entrepreneur,Sales
startNode,endNode,relationship,since,position,department
C:495,USR:552,EMPLOYS,2019-06-21,Licenciado,N/A
startNode,endNode,relationship,since,position,department
C:190,USR:553,EMPLOYS,2015-01-24,Entrepreneur,Sales
startNode,endNode,relationship,since,position,department
C:258,USR:554,EMPLOYS,2015-04-26,Licenciado,N/A
startNode,endNode,relationship,since,position,department
C:426,USR:555,EMPLOYS,2019-10-03,Manager,N/A
startNode,endNode,relationship,since,position,department
C:407,USR:556,EMPLOYS,2015-01-09,Entrepreneur,Sales
startNode,endNode,relationship,since,position,department
C:556,USR:557,EMPLOYS,2020-04-16,Entrepreneur,Sales
startNode,endNode,relationship,since,position,department
C:310,USR:558,EMPLOYS,2021-07-04,Licenciado,IT
startNode,endNode,relationship,since,position,department
C:521,USR:559,EMPLOYS,2016-09-01,Engineer,HR
startNode,endNode,relationship,since,position,department
C:112,USR:560,EMPLOYS,2020-01-26,Manager,IT
startNode,endNode,relationship,since,position,department
C:533,USR:561,EMPLOYS,2023-10-08,Engineer,IT
startNode,endNode,relationship,since,position,department
C:440,USR:562,EMPLOYS,2021-06-17,Engineer,HR
startNode,endNode,relationship,since,position,department
C:577,USR:563,EMPLOYS,2019-01-07,Engineer,HR
startNode,endNode,relationship,since,position,department
C:67,USR:564,EMPLOYS,2020-02-16,Manager,Sales
startNode,endNode,relationship,since,position,department
C:197,USR:565,EMPLOYS,2018-12-20,Entrepreneur,N/A
startNode,endNode,relationship,since,position,department
C:330,USR:566,EMPLOYS,2017-11-13,Engineer,IT
startNode,endNode,relationship,since,position,department
C:188,USR:567,EMPLOYS,2017-12-01,Manager,Sales
startNode,endNode,relationship,since,position,department
C:490,USR:568,EMPLOYS,2022-12-03,Entrepreneur,N/A
startNode,endNode,relationship,since,position,department
C:397,USR:569,EMPLOYS,2022-08-15,Entrepreneur,Sales
startNode,endNode,relationship,since,position,department
C:30,USR:570,EMPLOYS,2019-04-12,Entrepreneur,HR
startNode,endNode,relationship,since,position,department
C:414,USR:571,EMPLOYS,2020-11-09,Licenciado,IT
startNode,endNode,relationship,since,position,department
C:386,USR:572,EMPLOYS,2017-07-28,Entrepreneur,HR
startNode,endNode,relationship,since,position,department
C:563,USR:573,EMPLOYS,2019-02-09,Licenciado,HR
startNode,endNode,relationship,since,position,department
C:305,USR:574,EMPLOYS,2021-09-14,Manager,HR
startNode,endNode,relationship,since,position,department
C:9,USR:575,EMPLOYS,2018-05-30,Licenciado,IT
startNode,endNode,relationship,since,position,department
C:473,USR:576,EMPLOYS,2019-02-15,Engineer,Sales
startNode,endNode,relationship,since,position,department
C:279,USR:577,EMPLOYS,2020-07-29,Licenciado,N/A
startNode,endNode,relationship,since,position,department
C:545,USR:578,EMPLOYS,2023-03-13,Engineer,N/A
startNode,endNode,relationship,since,position,department
C:352,USR:579,EMPLOYS,2017-09-28,Engineer,N/A
startNode,endNode,relationship,since,position,department
C:201,USR:580,EMPLOYS,2019-11-28,Manager,IT
startNode,endNode,relationship,since,position,department
C:532,USR:581,EMPLOYS,2022-11-05,Engineer,IT
startNode,endNode,relationship,since,position,department
C:197,USR:582,EMPLOYS,2023-01-06,Licenciado,IT
startNode,endNode,relationship,since,position,department
C:381,USR:583,EMPLOYS,2015-09-08,Entrepreneur,N/A
startNode,endNode,relationship,since,position,department
C:227,USR:584,EMPLOYS,2017-02-01,Licenciado,Sales
startNode,endNode,relationship,since,position,department
C:223,USR:585,EMPLOYS,2015-01-10,Licenciado,IT
startNode,endNode,relationship,since,position,department
C:442,USR:586,EMPLOYS,2022-01-15,Entrepreneur,N/A
startNode,endNode,relationship,since,position,department
C:531,USR:587,EMPLOYS,2019-11-10,Manager,HR
startNode,endNode,relationship,since,position,department
C:513,USR:588,EMPLOYS,2022-12-26,Manager,N/A
startNode,endNode,relationship,since,position,department
C:143,USR:589,EMPLOYS,2019-08-12,Manager,HR
startNode,endNode,relationship,since,position,department
C:505,USR:590,EMPLOYS,2022-06-27,Engineer,HR
startNode,endNode,relationship,since,position,department
C:199,USR:591,EMPLOYS,2022-11-03,Entrepreneur,N/A
startNode,endNode,relationship,since,position,department
C:32,USR:592,EMPLOYS,2022-12-11,Licenciado,N/A
startNode,endNode,relationship,since,position,department
C:13,USR:593,EMPLOYS,2015-02-06,Entrepreneur,N/A
startNode,endNode,relationship,since,position,department
C:132,USR:594,EMPLOYS,2021-11-11,Entrepreneur,N/A
startNode,endNode,relationship,since,position,department
C:309,USR:595,EMPLOYS,2019-04-30,Manager,Sales
startNode,endNode,relationship,since,position,department
C:162,USR:596,EMPLOYS,2020-12-27,Manager,IT
startNode,endNode,relationship,since,position,department
C:93,USR:597,EMPLOYS,2023-06-10,Manager,Sales
startNode,endNode,relationship,since,position,department
C:441,USR:598,EMPLOYS,2015-11-14,Engineer,IT
startNode,endNode,relationship,since,position,department
C:361,USR:599,EMPLOYS,2019-02-11,Manager,IT
startNode,endNode,relationship,since,position,department
C:186,USR:600,EMPLOYS,2022-04-16,Entrepreneur,Sales
