startNode,endNode,relationship,timestamp,amount,origin
USR:584,ACC:1,DEPOSITS,2025-04-03T00:00:00,4094.61,Cash Deposits
startNode,endNode,relationship,timestamp,amount,origin
USR:372,ACC:2,DEPOSITS,2023-07-30T00:00:00,4697.91,Cash Deposits
startNode,endNode,relationship,timestamp,amount,origin
USR:494,ACC:3,DEPOSITS,2023-04-08T00:00:00,1151.04,Cash Deposits
startNode,endNode,relationship,timestamp,amount,origin
USR:77,ACC:4,DEPOSITS,2020-02-04T00:00:00,3003.65,Cash Deposits
startNode,endNode,relationship,timestamp,amount,origin
USR:134,ACC:5,DEPOSITS,2022-08-30T00:00:00,3144.45,Cash Deposits
startNode,endNode,relationship,timestamp,amount,origin
USR:112,ACC:6,DEPOSITS,2020-09-21T00:00:00,2062.47,Tax Returns
startNode,endNode,relationship,timestamp,amount,origin
USR:309,ACC:7,DEPOSITS,2020-10-13T00:00:00,1870.84,Tax Returns
startNode,endNode,relationship,timestamp,amount,origin
USR:273,ACC:8,DEPOSITS,2023-11-22T00:00:00,4766.94,Tax Returns
startNode,endNode,relationship,timestamp,amount,origin
USR:426,ACC:9,DEPOSITS,2020-03-10T00:00:00,3314.24,Tax Returns
startNode,endNode,relationship,timestamp,amount,origin
USR:377,ACC:10,DEPOSITS,2022-08-09T00:00:00,4416.02,Dividends
startNode,endNode,relationship,timestamp,amount,origin
USR:414,ACC:11,DEPOSITS,2023-11-05T00:00:00,2919.78,Cash Deposits
startNode,endNode,relationship,timestamp,amount,origin
USR:152,ACC:12,DEPOSITS,2020-11-09T00:00:00,316.96,Cash Deposits
startNode,endNode,relationship,timestamp,amount,origin
USR:187,ACC:13,DEPOSITS,2025-01-01T00:00:00,4945.45,Tax Returns
startNode,endNode,relationship,timestamp,amount,origin
USR:18,ACC:14,DEPOSITS,2021-09-20T00:00:00,1305.58,Dividends
startNode,endNode,relationship,timestamp,amount,origin
USR:299,ACC:15,DEPOSITS,2020-09-26T00:00:00,3104.39,Cash Deposits
startNode,endNode,relationship,timestamp,amount,origin
USR:38,ACC:16,DEPOSITS,2020-10-28T00:00:00,4920.27,Cash Deposits
startNode,endNode,relationship,timestamp,amount,origin
USR:41,ACC:17,DEPOSITS,2023-05-04T00:00:00,1805.13,Tax Returns
startNode,endNode,relationship,timestamp,amount,origin
USR:214,ACC:18,DEPOSITS,2021-05-16T00:00:00,1678.46,Cash Deposits
startNode,endNode,relationship,timestamp,amount,origin
USR:130,ACC:19,DEPOSITS,2023-02-06T00:00:00,2974.6,Tax Returns
startNode,endNode,relationship,timestamp,amount,origin
USR:118,ACC:20,DEPOSITS,2025-10-18T00:00:00,202.14,Dividends
startNode,endNode,relationship,timestamp,amount,origin
USR:310,ACC:21,DEPOSITS,2022-01-06T00:00:00,4677.81,Cash Deposits
startNode,endNode,relationship,timestamp,amount,origin
USR:555,ACC:22,DEPOSITS,2024-07-02T00:00:00,4689.08,Dividends
startNode,endNode,relationship,timestamp,amount,origin
USR:361,ACC:23,DEPOSITS,2024-01-04T00:00:00,2959.61,Tax Returns
startNode,endNode,relationship,timestamp,amount,origin
USR:328,ACC:24,DEPOSITS,2023-11-12T00:00:00,823.71,Cash Deposits
startNode,endNode,relationship,timestamp,amount,origin
USR:563,ACC:25,DEPOSITS,2021-03-22T00:00:00,2729.8,Tax Returns
startNode,endNode,relationship,timestamp,amount,origin
USR:474,ACC:26,DEPOSITS,2024-02-12T00:00:00,290.33,Tax Returns
startNode,endNode,relationship,timestamp,amount,origin
USR:75,ACC:27,DEPOSITS,2021-10-11T00:00:00,3828.94,Dividends
startNode,endNode,relationship,timestamp,amount,origin
USR:123,ACC:28,DEPOSITS,2023-01-22T00:00:00,2288.71,Cash Deposits
startNode,endNode,relationship,timestamp,amount,origin
USR:431,ACC:29,DEPOSITS,2024-07-30T00:00:00,1111.23,Tax Returns
startNode,endNode,relationship,timestamp,amount,origin
USR:573,ACC:30,DEPOSITS,2023-08-04T00:00:00,4275.45,Dividends
startNode,endNode,relationship,timestamp,amount,origin
USR:2,ACC:31,DEPOSITS,2025-04-30T00:00:00,3922.73,Dividends
startNode,endNode,relationship,timestamp,amount,origin
USR:587,ACC:32,DEPOSITS,2020-12-18T00:00:00,4538.23,Dividends
startNode,endNode,relationship,timestamp,amount,origin
USR:403,ACC:33,DEPOSITS,2023-06-23T00:00:00,3677.52,Tax Returns
startNode,endNode,relationship,timestamp,amount,origin
USR:404,ACC:34,DEPOSITS,2022-01-20T00:00:00,3234.82,Cash Deposits
startNode,endNode,relationship,timestamp,amount,origin
USR:339,ACC:35,DEPOSITS,2022-04-13T00:00:00,753.96,Tax Returns
startNode,endNode,relationship,timestamp,amount,origin
USR:285,ACC:36,DEPOSITS,2025-02-07T00:00:00,293.7,Dividends
startNode,endNode,relationship,timestamp,amount,origin
USR:344,ACC:37,DEPOSITS,2025-09-23T00:00:00,3022.6,Tax Returns
startNode,endNode,relationship,timestamp,amount,origin
USR:2,ACC:38,DEPOSITS,2023-09-01T00:00:00,551.22,Dividends
startNode,endNode,relationship,timestamp,amount,origin
USR:69,ACC:39,DEPOSITS,2023-01-13T00:00:00,2632.12,Cash Deposits
startNode,endNode,relationship,timestamp,amount,origin
USR:554,ACC:40,DEPOSITS,2025-04-19T00:00:00,2022.39,Cash Deposits
startNode,endNode,relationship,timestamp,amount,origin
USR:341,ACC:41,DEPOSITS,2023-09-22T00:00:00,556.03,Tax Returns
startNode,endNode,relationship,timestamp,amount,origin
USR:137,ACC:42,DEPOSITS,2024-11-01T00:00:00,3907.92,Tax Returns
startNode,endNode,relationship,timestamp,amount,origin
USR:110,ACC:43,DEPOSITS,2020-11-12T00:00:00,4122.86,Dividends
startNode,endNode,relationship,timestamp,amount,origin
USR:219,ACC:44,DEPOSITS,2024-12-04T00:00:00,1046.76,Dividends
startNode,endNode,relationship,timestamp,amount,origin
USR:583,ACC:45,DEPOSITS,2020-06-13T00:00:00,1924.23,Dividends
startNode,endNode,relationship,timestamp,amount,origin
USR:59,ACC:46,DEPOSITS,2024-06-12T00:00:00,688.51,Tax Returns
startNode,endNode,relationship,timestamp,amount,origin
USR:350,ACC:47,DEPOSITS,2025-02-26T00:00:00,2161.76,Dividends
startNode,endNode,relationship,timestamp,amount,origin
USR:335,ACC:48,DEPOSITS,2024-02-25T00:00:00,2164.53,Cash Deposits
startNode,endNode,relationship,timestamp,amount,origin
USR:578,ACC:49,DEPOSITS,2021-05-27T00:00:00,3130.01,Cash Deposits
startNode,endNode,relationship,timestamp,amount,origin
USR:16,ACC:50,DEPOSITS,2020-05-01T00:00:00,815.23,Dividends
startNode,endNode,relationship,timestamp,amount,origin
USR:69,ACC:51,DEPOSITS,2021-10-10T00:00:00,1375.45,Dividends
startNode,endNode,relationship,timestamp,amount,origin
USR:570,ACC:52,DEPOSITS,2025-12-22T00:00:00,3699.89,Tax Returns
startNode,endNode,relationship,timestamp,amount,origin
USR:53,ACC:53,DEPOSITS,2022-08-14T00:00:00,2055.07,Cash Deposits
startNode,endNode,relationship,timestamp,amount,origin
USR:419,ACC:54,DEPOSITS,2022-05-22T00:00:00,829.47,Cash Deposits
startNode,endNode,relationship,timestamp,amount,origin
USR:16,ACC:55,DEPOSITS,2024-11-29T00:00:00,4540.2,Dividends
startNode,endNode,relationship,timestamp,amount,origin
USR:44,ACC:56,DEPOSITS,2023-09-09T00:00:00,2660.11,Tax Returns
startNode,endNode,relationship,timestamp,amount,origin
USR:462,ACC:57,DEPOSITS,2024-10-12T00:00:00,3124.67,Tax Returns
startNode,endNode,relationship,timestamp,amount,origin
USR:538,ACC:58,DEPOSITS,2021-10-19T00:00:00,4331.53,Cash Deposits
startNode,endNode,relationship,timestamp,amount,origin
USR:472,ACC:59,DEPOSITS,2025-08-28T00:00:00,1947.47,Dividends
startNode,endNode,relationship,timestamp,amount,origin
USR:202,ACC:60,DEPOSITS,2020-04-19T00:00:00,4477.7,Cash Deposits
startNode,endNode,relationship,timestamp,amount,origin
USR:227,ACC:61,DEPOSITS,2020-06-23T00:00:00,2035.05,Tax Returns
startNode,endNode,relationship,timestamp,amount,origin
USR:561,ACC:62,DEPOSITS,2022-02-03T00:00:00,3190.68,Tax Returns
startNode,endNode,relationship,timestamp,amount,origin
USR:159,ACC:63,DEPOSITS,2022-04-04T00:00:00,2618.47,Cash Deposits
startNode,endNode,relationship,timestamp,amount,origin
USR:313,ACC:64,DEPOSITS,2021-03-04T00:00:00,4226.01,Dividends
startNode,endNode,relationship,timestamp,amount,origin
USR:196,ACC:65,DEPOSITS,2023-07-17T00:00:00,4038.06,Cash Deposits
startNode,endNode,relationship,timestamp,amount,origin
USR:217,ACC:66,DEPOSITS,2025-11-11T00:00:00,387.05,Cash Deposits
startNode,endNode,relationship,timestamp,amount,origin
USR:361,ACC:67,DEPOSITS,2021-04-20T00:00:00,1663.25,Cash Deposits
startNode,endNode,relationship,timestamp,amount,origin
USR:374,ACC:68,DEPOSITS,2022-07-07T00:00:00,1984.38,Dividends
startNode,endNode,relationship,timestamp,amount,origin
USR:88,ACC:69,DEPOSITS,2020-01-13T00:00:00,3187.53,Dividends
startNode,endNode,relationship,timestamp,amount,origin
USR:122,ACC:70,DEPOSITS,2025-09-21T00:00:00,3005.23,Cash Deposits
startNode,endNode,relationship,timestamp,amount,origin
USR:18,ACC:71,DEPOSITS,2025-02-26T00:00:00,4100.19,Dividends
startNode,endNode,relationship,timestamp,amount,origin
USR:331,ACC:72,DEPOSITS,2022-03-09T00:00:00,4962.15,Cash Deposits
startNode,endNode,relationship,timestamp,amount,origin
USR:505,ACC:73,DEPOSITS,2022-08-30T00:00:00,657.78,Tax Returns
startNode,endNode,relationship,timestamp,amount,origin
USR:558,ACC:74,DEPOSITS,2022-08-13T00:00:00,1823.15,Cash Deposits
startNode,endNode,relationship,timestamp,amount,origin
USR:39,ACC:75,DEPOSITS,2022-01-24T00:00:00,2362.09,Dividends
startNode,endNode,relationship,timestamp,amount,origin
USR:498,ACC:76,DEPOSITS,2022-06-01T00:00:00,1760.5,Cash Deposits
startNode,endNode,relationship,timestamp,amount,origin
USR:383,ACC:77,DEPOSITS,2025-04-25T00:00:00,2690.85,Cash Deposits
startNode,endNode,relationship,timestamp,amount,origin
USR:598,ACC:78,DEPOSITS,2021-07-08T00:00:00,4356.34,Tax Returns
startNode,endNode,relationship,timestamp,amount,origin
USR:47,ACC:79,DEPOSITS,2024-03-19T00:00:00,1508.78,Cash Deposits
startNode,endNode,relationship,timestamp,amount,origin
USR:484,ACC:80,DEPOSITS,2020-11-27T00:00:00,1058.33,Cash Deposits
startNode,endNode,relationship,timestamp,amount,origin
USR:477,ACC:81,DEPOSITS,2025-01-23T00:00:00,1646.14,Dividends
startNode,endNode,relationship,timestamp,amount,origin
USR:3,ACC:82,DEPOSITS,2022-11-10T00:00:00,2918.77,Cash Deposits
startNode,endNode,relationship,timestamp,amount,origin
USR:474,ACC:83,DEPOSITS,2021-04-12T00:00:00,3302.79,Dividends
startNode,endNode,relationship,timestamp,amount,origin
USR:505,ACC:84,DEPOSITS,2025-01-05T00:00:00,4358.12,Tax Returns
startNode,endNode,relationship,timestamp,amount,origin
USR:561,ACC:85,DEPOSITS,2022-07-30T00:00:00,1753.79,Cash Deposits
startNode,endNode,relationship,timestamp,amount,origin
USR:308,ACC:86,DEPOSITS,2022-07-15T00:00:00,2973.38,Cash Deposits
startNode,endNode,relationship,timestamp,amount,origin
USR:506,ACC:87,DEPOSITS,2020-08-31T00:00:00,3839.64,Dividends
startNode,endNode,relationship,timestamp,amount,origin
USR:530,ACC:88,DEPOSITS,2024-03-16T00:00:00,1672.13,Cash Deposits
startNode,endNode,relationship,timestamp,amount,origin
USR:61,ACC:89,DEPOSITS,2021-08-07T00:00:00,1695.43,Tax Returns
startNode,endNode,relationship,timestamp,amount,origin
USR:460,ACC:90,DEPOSITS,2023-07-18T00:00:00,1987.44,Cash Deposits
startNode,endNode,relationship,timestamp,amount,origin
USR:38,ACC:91,DEPOSITS,2022-01-10T00:00:00,4653.82,Cash Deposits
startNode,endNode,relationship,timestamp,amount,origin
USR:516,ACC:92,DEPOSITS,2024-09-19T00:00:00,3272.7,Dividends
startNode,endNode,relationship,timestamp,amount,origin
USR:193,ACC:93,DEPOSITS,2020-05-27T00:00:00,1370.87,Cash Deposits
startNode,endNode,relationship,timestamp,amount,origin
USR:104,ACC:94,DEPOSITS,2023-10-20T00:00:00,3656.99,Dividends
startNode,endNode,relationship,timestamp,amount,origin
USR:270,ACC:95,DEPOSITS,2025-03-16T00:00:00,3385.32,Tax Returns
startNode,endNode,relationship,timestamp,amount,origin
USR:480,ACC:96,DEPOSITS,2022-12-14T00:00:00,3451.14,Cash Deposits
startNode,endNode,relationship,timestamp,amount,origin
USR:72,ACC:97,DEPOSITS,2025-09-09T00:00:00,1738.16,Tax Returns
startNode,endNode,relationship,timestamp,amount,origin
USR:193,ACC:98,DEPOSITS,2021-04-01T00:00:00,620.35,Tax Returns
startNode,endNode,relationship,timestamp,amount,origin
USR:403,ACC:99,DEPOSITS,2021-02-28T00:00:00,810.71,Cash Deposits
startNode,endNode,relationship,timestamp,amount,origin
USR:363,ACC:100,DEPOSITS,2025-10-22T00:00:00,3122.99,Cash Deposits
startNode,endNode,relationship,timestamp,amount,origin
USR:393,ACC:101,DEPOSITS,2020-02-16T00:00:00,1013.8,Dividends
startNode,endNode,relationship,timestamp,amount,origin
USR:265,ACC:102,DEPOSITS,2024-10-14T00:00:00,3429.4,Dividends
startNode,endNode,relationship,timestamp,amount,origin
USR:201,ACC:103,DEPOSITS,2025-07-26T00:00:00,1776.12,Dividends
startNode,endNode,relationship,timestamp,amount,origin
USR:141,ACC:104,DEPOSITS,2022-08-22T00:00:00,137.84,Tax Returns
startNode,endNode,relationship,timestamp,amount,origin
USR:310,ACC:105,DEPOSITS,2022-07-16T00:00:00,4560.18,Tax Returns
startNode,endNode,relationship,timestamp,amount,origin
USR:597,ACC:106,DEPOSITS,2023-11-19T00:00:00,3833.48,Dividends
startNode,endNode,relationship,timestamp,amount,origin
USR:579,ACC:107,DEPOSITS,2021-06-13T00:00:00,2879.48,Tax Returns
startNode,endNode,relationship,timestamp,amount,origin
USR:446,ACC:108,DEPOSITS,2025-02-16T00:00:00,2886.2,Cash Deposits
startNode,endNode,relationship,timestamp,amount,origin
USR:206,ACC:109,DEPOSITS,2021-03-18T00:00:00,1574.02,Cash Deposits
startNode,endNode,relationship,timestamp,amount,origin
USR:597,ACC:110,DEPOSITS,2025-02-04T00:00:00,4488.32,Dividends
startNode,endNode,relationship,timestamp,amount,origin
USR:352,ACC:111,DEPOSITS,2025-06-24T00:00:00,850.25,Dividends
startNode,endNode,relationship,timestamp,amount,origin
USR:515,ACC:112,DEPOSITS,2022-07-14T00:00:00,4861.72,Dividends
startNode,endNode,relationship,timestamp,amount,origin
USR:252,ACC:113,DEPOSITS,2025-03-26T00:00:00,529.65,Tax Returns
startNode,endNode,relationship,timestamp,amount,origin
USR:17,ACC:114,DEPOSITS,2023-03-26T00:00:00,2432.17,Cash Deposits
startNode,endNode,relationship,timestamp,amount,origin
USR:213,ACC:115,DEPOSITS,2022-07-07T00:00:00,4094.82,Dividends
startNode,endNode,relationship,timestamp,amount,origin
USR:118,ACC:116,DEPOSITS,2025-01-31T00:00:00,3005.88,Cash Deposits
startNode,endNode,relationship,timestamp,amount,origin
USR:594,ACC:117,DEPOSITS,2021-01-18T00:00:00,3965.62,Tax Returns
startNode,endNode,relationship,timestamp,amount,origin
USR:594,ACC:118,DEPOSITS,2024-02-29T00:00:00,4623.72,Cash Deposits
startNode,endNode,relationship,timestamp,amount,origin
USR:430,ACC:119,DEPOSITS,2022-10-26T00:00:00,1560.09,Cash Deposits
startNode,endNode,relationship,timestamp,amount,origin
USR:564,ACC:120,DEPOSITS,2025-02-04T00:00:00,4368.5,Tax Returns
startNode,endNode,relationship,timestamp,amount,origin
USR:238,ACC:121,DEPOSITS,2020-01-01T00:00:00,4847.3,Tax Returns
startNode,endNode,relationship,timestamp,amount,origin
USR:30,ACC:122,DEPOSITS,2024-01-27T00:00:00,2965.32,Cash Deposits
startNode,endNode,relationship,timestamp,amount,origin
USR:27,ACC:123,DEPOSITS,2024-01-14T00:00:00,350.93,Cash Deposits
startNode,endNode,relationship,timestamp,amount,origin
USR:459,ACC:124,DEPOSITS,2020-08-13T00:00:00,4270.98,Dividends
startNode,endNode,relationship,timestamp,amount,origin
USR:189,ACC:125,DEPOSITS,2022-01-04T00:00:00,2341.59,Dividends
startNode,endNode,relationship,timestamp,amount,origin
USR:557,ACC:126,DEPOSITS,2024-04-26T00:00:00,1199.98,Dividends
startNode,endNode,relationship,timestamp,amount,origin
USR:464,ACC:127,DEPOSITS,2020-02-17T00:00:00,3876.92,Tax Returns
startNode,endNode,relationship,timestamp,amount,origin
USR:547,ACC:128,DEPOSITS,2024-06-10T00:00:00,1761.32,Cash Deposits
startNode,endNode,relationship,timestamp,amount,origin
USR:357,ACC:129,DEPOSITS,2021-12-01T00:00:00,4670.86,Cash Deposits
startNode,endNode,relationship,timestamp,amount,origin
USR:180,ACC:130,DEPOSITS,2023-06-26T00:00:00,3480.66,Dividends
startNode,endNode,relationship,timestamp,amount,origin
USR:181,ACC:131,DEPOSITS,2022-06-14T00:00:00,2609.7,Cash Deposits
startNode,endNode,relationship,timestamp,amount,origin
USR:256,ACC:132,DEPOSITS,2024-02-03T00:00:00,2598.48,Tax Returns
startNode,endNode,relationship,timestamp,amount,origin
USR:470,ACC:133,DEPOSITS,2021-02-04T00:00:00,1713.41,Cash Deposits
startNode,endNode,relationship,timestamp,amount,origin
USR:363,ACC:134,DEPOSITS,2020-12-25T00:00:00,4610.63,Dividends
startNode,endNode,relationship,timestamp,amount,origin
USR:158,ACC:135,DEPOSITS,2024-10-13T00:00:00,901.79,Dividends
startNode,endNode,relationship,timestamp,amount,origin
USR:89,ACC:136,DEPOSITS,2025-09-06T00:00:00,2130.97,Tax Returns
startNode,endNode,relationship,timestamp,amount,origin
USR:508,ACC:137,DEPOSITS,2023-05-14T00:00:00,3369.82,Dividends
startNode,endNode,relationship,timestamp,amount,origin
USR:357,ACC:138,DEPOSITS,2020-01-06T00:00:00,4613.54,Cash Deposits
startNode,endNode,relationship,timestamp,amount,origin
USR:389,ACC:139,DEPOSITS,2025-10-09T00:00:00,4185.59,Dividends
startNode,endNode,relationship,timestamp,amount,origin
USR:11,ACC:140,DEPOSITS,2025-04-19T00:00:00,4430.13,Cash Deposits
startNode,endNode,relationship,timestamp,amount,origin
USR:376,ACC:141,DEPOSITS,2024-11-22T00:00:00,1690.47,Dividends
startNode,endNode,relationship,timestamp,amount,origin
USR:400,ACC:142,DEPOSITS,2020-06-27T00:00:00,1806.76,Tax Returns
startNode,endNode,relationship,timestamp,amount,origin
USR:365,ACC:143,DEPOSITS,2023-10-25T00:00:00,3263.53,Cash Deposits
startNode,endNode,relationship,timestamp,amount,origin
USR:373,ACC:144,DEPOSITS,2021-10-04T00:00:00,4425.31,Cash Deposits
startNode,endNode,relationship,timestamp,amount,origin
USR:56,ACC:145,DEPOSITS,2021-06-07T00:00:00,315.19,Cash Deposits
startNode,endNode,relationship,timestamp,amount,origin
USR:168,ACC:146,DEPOSITS,2021-06-25T00:00:00,678.28,Cash Deposits
startNode,endNode,relationship,timestamp,amount,origin
USR:43,ACC:147,DEPOSITS,2020-04-25T00:00:00,2480.1,Dividends
startNode,endNode,relationship,timestamp,amount,origin
USR:400,ACC:148,DEPOSITS,2021-12-25T00:00:00,1375.25,Tax Returns
startNode,endNode,relationship,timestamp,amount,origin
USR:58,ACC:149,DEPOSITS,2024-09-18T00:00:00,2728.25,Dividends
startNode,endNode,relationship,timestamp,amount,origin
USR:194,ACC:150,DEPOSITS,2023-11-18T00:00:00,4020.39,Tax Returns
startNode,endNode,relationship,timestamp,amount,origin
USR:502,ACC:151,DEPOSITS,2021-07-14T00:00:00,4238.74,Cash Deposits
startNode,endNode,relationship,timestamp,amount,origin
USR:559,ACC:152,DEPOSITS,2022-04-24T00:00:00,301.55,Cash Deposits
startNode,endNode,relationship,timestamp,amount,origin
USR:568,ACC:153,DEPOSITS,2024-03-26T00:00:00,2983.26,Cash Deposits
startNode,endNode,relationship,timestamp,amount,origin
USR:403,ACC:154,DEPOSITS,2022-09-12T00:00:00,1665.64,Tax Returns
startNode,endNode,relationship,timestamp,amount,origin
USR:45,ACC:155,DEPOSITS,2022-09-19T00:00:00,1518.01,Cash Deposits
startNode,endNode,relationship,timestamp,amount,origin
USR:309,ACC:156,DEPOSITS,2025-10-17T00:00:00,4619.46,Dividends
startNode,endNode,relationship,timestamp,amount,origin
USR:272,ACC:157,DEPOSITS,2024-08-10T00:00:00,3474.92,Dividends
startNode,endNode,relationship,timestamp,amount,origin
USR:128,ACC:158,DEPOSITS,2020-08-30T00:00:00,2992.28,Tax Returns
startNode,endNode,relationship,timestamp,amount,origin
USR:79,ACC:159,DEPOSITS,2024-05-20T00:00:00,3404.84,Tax Returns
startNode,endNode,relationship,timestamp,amount,origin
USR:78,ACC:160,DEPOSITS,2023-05-13T00:00:00,3806.01,Cash Deposits
startNode,endNode,relationship,timestamp,amount,origin
USR:366,ACC:161,DEPOSITS,2020-02-04T00:00:00,2110.24,Cash Deposits
startNode,endNode,relationship,timestamp,amount,origin
USR:118,ACC:162,DEPOSITS,2024-11-04T00:00:00,4883.87,Dividends
startNode,endNode,relationship,timestamp,amount,origin
USR:318,ACC:163,DEPOSITS,2025-02-04T00:00:00,4319.04,Cash Deposits
startNode,endNode,relationship,timestamp,amount,origin
USR:333,ACC:164,DEPOSITS,2023-01-10T00:00:00,2115.74,Dividends
startNode,endNode,relationship,timestamp,amount,origin
USR:72,ACC:165,DEPOSITS,2024-09-06T00:00:00,4020.75,Cash Deposits
startNode,endNode,relationship,timestamp,amount,origin
USR:303,ACC:166,DEPOSITS,2024-07-08T00:00:00,4060.99,Tax Returns
startNode,endNode,relationship,timestamp,amount,origin
USR:563,ACC:167,DEPOSITS,2023-09-13T00:00:00,2032.47,Tax Returns
startNode,endNode,relationship,timestamp,amount,origin
USR:325,ACC:168,DEPOSITS,2021-02-09T00:00:00,3391.75,Tax Returns
startNode,endNode,relationship,timestamp,amount,origin
USR:324,ACC:169,DEPOSITS,2023-11-07T00:00:00,4890.12,Cash Deposits
startNode,endNode,relationship,timestamp,amount,origin
USR:286,ACC:170,DEPOSITS,2023-04-03T00:00:00,4125.22,Tax Returns
startNode,endNode,relationship,timestamp,amount,origin
USR:307,ACC:171,DEPOSITS,2024-10-16T00:00:00,1400.39,Tax Returns
startNode,endNode,relationship,timestamp,amount,origin
USR:469,ACC:172,DEPOSITS,2020-03-20T00:00:00,3877.61,Cash Deposits
startNode,endNode,relationship,timestamp,amount,origin
USR:210,ACC:173,DEPOSITS,2021-12-03T00:00:00,878.57,Tax Returns
startNode,endNode,relationship,timestamp,amount,origin
USR:59,ACC:174,DEPOSITS,2024-08-19T00:00:00,1732.38,Tax Returns
startNode,endNode,relationship,timestamp,amount,origin
USR:131,ACC:175,DEPOSITS,2024-01-15T00:00:00,2340.2,Cash Deposits
startNode,endNode,relationship,timestamp,amount,origin
USR:250,ACC:176,DEPOSITS,2022-06-16T00:00:00,4213.19,Cash Deposits
startNode,endNode,relationship,timestamp,amount,origin
USR:138,ACC:177,DEPOSITS,2022-07-06T00:00:00,2858.97,Cash Deposits
startNode,endNode,relationship,timestamp,amount,origin
USR:590,ACC:178,DEPOSITS,2025-06-12T00:00:00,239.49,Dividends
startNode,endNode,relationship,timestamp,amount,origin
USR:38,ACC:179,DEPOSITS,2024-11-08T00:00:00,2207.45,Tax Returns
startNode,endNode,relationship,timestamp,amount,origin
USR:278,ACC:180,DEPOSITS,2022-04-02T00:00:00,1428.29,Dividends
startNode,endNode,relationship,timestamp,amount,origin
USR:269,ACC:181,DEPOSITS,2023-12-02T00:00:00,4047.85,Tax Returns
startNode,endNode,relationship,timestamp,amount,origin
USR:25,ACC:182,DEPOSITS,2024-09-08T00:00:00,2423.65,Dividends
startNode,endNode,relationship,timestamp,amount,origin
USR:443,ACC:183,DEPOSITS,2024-01-30T00:00:00,4183.14,Tax Returns
startNode,endNode,relationship,timestamp,amount,origin
USR:108,ACC:184,DEPOSITS,2022-10-25T00:00:00,3828.24,Tax Returns
startNode,endNode,relationship,timestamp,amount,origin
USR:595,ACC:185,DEPOSITS,2025-06-12T00:00:00,3133.14,Cash Deposits
startNode,endNode,relationship,timestamp,amount,origin
USR:202,ACC:186,DEPOSITS,2020-01-04T00:00:00,4145.3,Cash Deposits
startNode,endNode,relationship,timestamp,amount,origin
USR:519,ACC:187,DEPOSITS,2025-06-06T00:00:00,925.08,Tax Returns
startNode,endNode,relationship,timestamp,amount,origin
USR:118,ACC:188,DEPOSITS,2024-05-20T00:00:00,2156.02,Tax Returns
startNode,endNode,relationship,timestamp,amount,origin
USR:121,ACC:189,DEPOSITS,2021-03-18T00:00:00,2509.28,Dividends
startNode,endNode,relationship,timestamp,amount,origin
USR:390,ACC:190,DEPOSITS,2025-07-01T00:00:00,2540.78,Cash Deposits
startNode,endNode,relationship,timestamp,amount,origin
USR:42,ACC:191,DEPOSITS,2022-10-18T00:00:00,4104.93,Cash Deposits
startNode,endNode,relationship,timestamp,amount,origin
USR:500,ACC:192,DEPOSITS,2022-07-25T00:00:00,1054.22,Tax Returns
startNode,endNode,relationship,timestamp,amount,origin
USR:585,ACC:193,DEPOSITS,2021-10-12T00:00:00,2987.9,Dividends
startNode,endNode,relationship,timestamp,amount,origin
USR:222,ACC:194,DEPOSITS,2021-01-03T00:00:00,3071.43,Dividends
startNode,endNode,relationship,timestamp,amount,origin
USR:17,ACC:195,DEPOSITS,2025-07-07T00:00:00,4314.62,Dividends
startNode,endNode,relationship,timestamp,amount,origin
USR:258,ACC:196,DEPOSITS,2025-02-12T00:00:00,2060.42,Tax Returns
startNode,endNode,relationship,timestamp,amount,origin
USR:300,ACC:197,DEPOSITS,2024-12-05T00:00:00,130.54,Cash Deposits
startNode,endNode,relationship,timestamp,amount,origin
USR:343,ACC:198,DEPOSITS,2023-06-28T00:00:00,1943.51,Dividends
startNode,endNode,relationship,timestamp,amount,origin
USR:108,ACC:199,DEPOSITS,2024-10-17T00:00:00,1574.21,Cash Deposits
startNode,endNode,relationship,timestamp,amount,origin
USR:110,ACC:200,DEPOSITS,2020-10-16T00:00:00,3384.53,Dividends
startNode,endNode,relationship,timestamp,amount,origin
USR:213,ACC:201,DEPOSITS,2024-12-20T00:00:00,3928.99,Tax Returns
startNode,endNode,relationship,timestamp,amount,origin
USR:596,ACC:202,DEPOSITS,2023-09-14T00:00:00,552.81,Tax Returns
startNode,endNode,relationship,timestamp,amount,origin
USR:134,ACC:203,DEPOSITS,2023-03-08T00:00:00,1800.2,Tax Returns
startNode,endNode,relationship,timestamp,amount,origin
USR:384,ACC:204,DEPOSITS,2025-03-23T00:00:00,1314.14,Cash Deposits
startNode,endNode,relationship,timestamp,amount,origin
USR:375,ACC:205,DEPOSITS,2021-01-19T00:00:00,767.19,Tax Returns
startNode,endNode,relationship,timestamp,amount,origin
USR:146,ACC:206,DEPOSITS,2023-09-02T00:00:00,1969.37,Cash Deposits
startNode,endNode,relationship,timestamp,amount,origin
USR:478,ACC:207,DEPOSITS,2020-03-27T00:00:00,574.55,Tax Returns
startNode,endNode,relationship,timestamp,amount,origin
USR:165,ACC:208,DEPOSITS,2024-04-19T00:00:00,714.9,Tax Returns
startNode,endNode,relationship,timestamp,amount,origin
USR:135,ACC:209,DEPOSITS,2021-04-09T00:00:00,3940.47,Tax Returns
startNode,endNode,relationship,timestamp,amount,origin
USR:130,ACC:210,DEPOSITS,2024-03-30T00:00:00,3737.37,Dividends
startNode,endNode,relationship,timestamp,amount,origin
USR:86,ACC:211,DEPOSITS,2025-04-04T00:00:00,4921.1,Dividends
startNode,endNode,relationship,timestamp,amount,origin
USR:572,ACC:212,DEPOSITS,2020-01-05T00:00:00,4204.24,Cash Deposits
startNode,endNode,relationship,timestamp,amount,origin
USR:281,ACC:213,DEPOSITS,2023-03-19T00:00:00,3223.64,Dividends
startNode,endNode,relationship,timestamp,amount,origin
USR:287,ACC:214,DEPOSITS,2021-05-31T00:00:00,1386.13,Cash Deposits
startNode,endNode,relationship,timestamp,amount,origin
USR:387,ACC:215,DEPOSITS,2020-07-30T00:00:00,2733.22,Dividends
startNode,endNode,relationship,timestamp,amount,origin
USR:106,ACC:216,DEPOSITS,2021-08-22T00:00:00,3140.21,Dividends
startNode,endNode,relationship,timestamp,amount,origin
USR:577,ACC:217,DEPOSITS,2021-06-28T00:00:00,123.89,Dividends
startNode,endNode,relationship,timestamp,amount,origin
USR:124,ACC:218,DEPOSITS,2023-05-30T00:00:00,2137.21,Cash Deposits
startNode,endNode,relationship,timestamp,amount,origin
USR:168,ACC:219,DEPOSITS,2020-05-15T00:00:00,2694.26,Dividends
startNode,endNode,relationship,timestamp,amount,origin
USR:103,ACC:220,DEPOSITS,2021-03-12T00:00:00,988.67,Cash Deposits
startNode,endNode,relationship,timestamp,amount,origin
USR:401,ACC:221,DEPOSITS,2021-03-14T00:00:00,2976.16,Cash Deposits
startNode,endNode,relationship,timestamp,amount,origin
USR:596,ACC:222,DEPOSITS,2021-05-04T00:00:00,4149.81,Dividends
startNode,endNode,relationship,timestamp,amount,origin
USR:111,ACC:223,DEPOSITS,2022-01-12T00:00:00,4108.33,Dividends
startNode,endNode,relationship,timestamp,amount,origin
USR:246,ACC:224,DEPOSITS,2025-12-25T00:00:00,3162.39,Dividends
startNode,endNode,relationship,timestamp,amount,origin
USR:74,ACC:225,DEPOSITS,2024-10-03T00:00:00,872.16,Cash Deposits
startNode,endNode,relationship,timestamp,amount,origin
USR:236,ACC:226,DEPOSITS,2020-06-18T00:00:00,2423.83,Tax Returns
startNode,endNode,relationship,timestamp,amount,origin
USR:368,ACC:227,DEPOSITS,2020-10-31T00:00:00,107.43,Dividends
startNode,endNode,relationship,timestamp,amount,origin
USR:334,ACC:228,DEPOSITS,2020-12-18T00:00:00,2771.53,Cash Deposits
startNode,endNode,relationship,timestamp,amount,origin
USR:373,ACC:229,DEPOSITS,2025-08-04T00:00:00,2814.98,Cash Deposits
startNode,endNode,relationship,timestamp,amount,origin
USR:70,ACC:230,DEPOSITS,2022-05-23T00:00:00,3481.93,Cash Deposits
startNode,endNode,relationship,timestamp,amount,origin
USR:78,ACC:231,DEPOSITS,2021-07-02T00:00:00,3294.15,Cash Deposits
startNode,endNode,relationship,timestamp,amount,origin
USR:466,ACC:232,DEPOSITS,2020-07-23T00:00:00,4225.33,Dividends
startNode,endNode,relationship,timestamp,amount,origin
USR:241,ACC:233,DEPOSITS,2022-06-29T00:00:00,495.11,Cash Deposits
startNode,endNode,relationship,timestamp,amount,origin
USR:60,ACC:234,DEPOSITS,2020-08-25T00:00:00,3083.02,Cash Deposits
startNode,endNode,relationship,timestamp,amount,origin
USR:486,ACC:235,DEPOSITS,2020-05-25T00:00:00,3706.79,Cash Deposits
startNode,endNode,relationship,timestamp,amount,origin
USR:262,ACC:236,DEPOSITS,2023-10-24T00:00:00,4563.75,Tax Returns
startNode,endNode,relationship,timestamp,amount,origin
USR:507,ACC:237,DEPOSITS,2020-11-02T00:00:00,1620.42,Tax Returns
startNode,endNode,relationship,timestamp,amount,origin
USR:278,ACC:238,DEPOSITS,2021-06-04T00:00:00,1326.95,Tax Returns
startNode,endNode,relationship,timestamp,amount,origin
USR:77,ACC:239,DEPOSITS,2021-01-05T00:00:00,3863.04,Dividends
startNode,endNode,relationship,timestamp,amount,origin
USR:192,ACC:240,DEPOSITS,2021-08-21T00:00:00,1484.16,Dividends
startNode,endNode,relationship,timestamp,amount,origin
USR:379,ACC:241,DEPOSITS,2023-10-26T00:00:00,3763.25,Dividends
startNode,endNode,relationship,timestamp,amount,origin
USR:128,ACC:242,DEPOSITS,2023-08-03T00:00:00,3571.85,Dividends
startNode,endNode,relationship,timestamp,amount,origin
USR:395,ACC:243,DEPOSITS,2025-04-08T00:00:00,2435.52,Cash Deposits
startNode,endNode,relationship,timestamp,amount,origin
USR:270,ACC:244,DEPOSITS,2022-05-17T00:00:00,3309.73,Cash Deposits
startNode,endNode,relationship,timestamp,amount,origin
USR:148,ACC:245,DEPOSITS,2023-01-05T00:00:00,410.67,Tax Returns
startNode,endNode,relationship,timestamp,amount,origin
USR:80,ACC:246,DEPOSITS,2021-05-26T00:00:00,208.23,Cash Deposits
startNode,endNode,relationship,timestamp,amount,origin
USR:99,ACC:247,DEPOSITS,2021-04-01T00:00:00,4968.18,Tax Returns
startNode,endNode,relationship,timestamp,amount,origin
USR:103,ACC:248,DEPOSITS,2025-02-19T00:00:00,3218.32,Dividends
startNode,endNode,relationship,timestamp,amount,origin
USR:296,ACC:249,DEPOSITS,2024-11-02T00:00:00,1557.52,Cash Deposits
startNode,endNode,relationship,timestamp,amount,origin
USR:239,ACC:250,DEPOSITS,2020-06-05T00:00:00,1550.07,Dividends
startNode,endNode,relationship,timestamp,amount,origin
USR:92,ACC:251,DEPOSITS,2025-04-21T00:00:00,3088.82,Dividends
startNode,endNode,relationship,timestamp,amount,origin
USR:493,ACC:252,DEPOSITS,2025-05-05T00:00:00,2506.42,Dividends
startNode,endNode,relationship,timestamp,amount,origin
USR:557,ACC:253,DEPOSITS,2020-09-08T00:00:00,3446.89,Cash Deposits
startNode,endNode,relationship,timestamp,amount,origin
USR:284,ACC:254,DEPOSITS,2023-08-11T00:00:00,916.48,Cash Deposits
startNode,endNode,relationship,timestamp,amount,origin
USR:140,ACC:255,DEPOSITS,2021-09-02T00:00:00,3100.01,Tax Returns
startNode,endNode,relationship,timestamp,amount,origin
USR:395,ACC:256,DEPOSITS,2025-12-03T00:00:00,4295.65,Dividends
startNode,endNode,relationship,timestamp,amount,origin
USR:542,ACC:257,DEPOSITS,2025-07-17T00:00:00,3630.87,Cash Deposits
startNode,endNode,relationship,timestamp,amount,origin
USR:214,ACC:258,DEPOSITS,2025-06-29T00:00:00,4292.52,Cash Deposits
startNode,endNode,relationship,timestamp,amount,origin
USR:288,ACC:259,DEPOSITS,2020-02-28T00:00:00,2752.2,Cash Deposits
startNode,endNode,relationship,timestamp,amount,origin
USR:376,ACC:260,DEPOSITS,2024-05-23T00:00:00,1694.02,Tax Returns
startNode,endNode,relationship,timestamp,amount,origin
USR:30,ACC:261,DEPOSITS,2021-05-29T00:00:00,4589.63,Tax Returns
startNode,endNode,relationship,timestamp,amount,origin
USR:420,ACC:262,DEPOSITS,2025-12-18T00:00:00,1440.52,Cash Deposits
startNode,endNode,relationship,timestamp,amount,origin
USR:60,ACC:263,DEPOSITS,2022-10-30T00:00:00,3847.46,Dividends
startNode,endNode,relationship,timestamp,amount,origin
USR:79,ACC:264,DEPOSITS,2020-12-18T00:00:00,162.7,Dividends
startNode,endNode,relationship,timestamp,amount,origin
USR:337,ACC:265,DEPOSITS,2022-06-04T00:00:00,391.23,Dividends
startNode,endNode,relationship,timestamp,amount,origin
USR:425,ACC:266,DEPOSITS,2025-02-09T00:00:00,2693.59,Dividends
startNode,endNode,relationship,timestamp,amount,origin
USR:69,ACC:267,DEPOSITS,2021-01-19T00:00:00,3158.95,Cash Deposits
startNode,endNode,relationship,timestamp,amount,origin
USR:101,ACC:268,DEPOSITS,2024-09-29T00:00:00,2942.18,Cash Deposits
startNode,endNode,relationship,timestamp,amount,origin
USR:570,ACC:269,DEPOSITS,2024-09-17T00:00:00,978.75,Tax Returns
startNode,endNode,relationship,timestamp,amount,origin
USR:592,ACC:270,DEPOSITS,2025-12-22T00:00:00,2382.78,Cash Deposits
startNode,endNode,relationship,timestamp,amount,origin
USR:284,ACC:271,DEPOSITS,2021-11-29T00:00:00,754.56,Dividends
startNode,endNode,relationship,timestamp,amount,origin
USR:443,ACC:272,DEPOSITS,2021-12-13T00:00:00,2054.11,Dividends
startNode,endNode,relationship,timestamp,amount,origin
USR:19,ACC:273,DEPOSITS,2021-02-02T00:00:00,3346.37,Dividends
startNode,endNode,relationship,timestamp,amount,origin
USR:195,ACC:274,DEPOSITS,2020-08-14T00:00:00,3420.06,Tax Returns
startNode,endNode,relationship,timestamp,amount,origin
USR:428,ACC:275,DEPOSITS,2022-10-29T00:00:00,3779.2,Cash Deposits
startNode,endNode,relationship,timestamp,amount,origin
USR:371,ACC:276,DEPOSITS,2022-01-25T00:00:00,3166.16,Cash Deposits
startNode,endNode,relationship,timestamp,amount,origin
USR:21,ACC:277,DEPOSITS,2020-09-11T00:00:00,4869.85,Tax Returns
startNode,endNode,relationship,timestamp,amount,origin
USR:101,ACC:278,DEPOSITS,2023-03-30T00:00:00,252.33,Dividends
startNode,endNode,relationship,timestamp,amount,origin
USR:487,ACC:279,DEPOSITS,2021-10-01T00:00:00,3401.59,Tax Returns
startNode,endNode,relationship,timestamp,amount,origin
USR:5,ACC:280,DEPOSITS,2023-11-14T00:00:00,4499.49,Cash Deposits
startNode,endNode,relationship,timestamp,amount,origin
USR:423,ACC:281,DEPOSITS,2021-02-16T00:00:00,1290.19,Tax Returns
startNode,endNode,relationship,timestamp,amount,origin
USR:427,ACC:282,DEPOSITS,2020-06-24T00:00:00,1648.88,Dividends
startNode,endNode,relationship,timestamp,amount,origin
USR:570,ACC:283,DEPOSITS,2023-10-26T00:00:00,1497.37,Tax Returns
startNode,endNode,relationship,timestamp,amount,origin
USR:524,ACC:284,DEPOSITS,2025-12-20T00:00:00,2893.07,Cash Deposits
startNode,endNode,relationship,timestamp,amount,origin
USR:31,ACC:285,DEPOSITS,2025-10-15T00:00:00,3250.52,Cash Deposits
startNode,endNode,relationship,timestamp,amount,origin
USR:199,ACC:286,DEPOSITS,2025-04-08T00:00:00,4269.27,Cash Deposits
startNode,endNode,relationship,timestamp,amount,origin
USR:165,ACC:287,DEPOSITS,2020-07-04T00:00:00,3063.46,Dividends
startNode,endNode,relationship,timestamp,amount,origin
USR:102,ACC:288,DEPOSITS,2023-11-27T00:00:00,1886.6,Cash Deposits
startNode,endNode,relationship,timestamp,amount,origin
USR:27,ACC:289,DEPOSITS,2021-09-06T00:00:00,547.19,Cash Deposits
startNode,endNode,relationship,timestamp,amount,origin
USR:240,ACC:290,DEPOSITS,2022-12-26T00:00:00,3170.08,Cash Deposits
startNode,endNode,relationship,timestamp,amount,origin
USR:136,ACC:291,DEPOSITS,2021-05-30T00:00:00,2101.67,Cash Deposits
startNode,endNode,relationship,timestamp,amount,origin
USR:196,ACC:292,DEPOSITS,2025-03-25T00:00:00,4144.33,Tax Returns
startNode,endNode,relationship,timestamp,amount,origin
USR:37,ACC:293,DEPOSITS,2024-04-06T00:00:00,3982.77,Dividends
startNode,endNode,relationship,timestamp,amount,origin
USR:285,ACC:294,DEPOSITS,2020-09-16T00:00:00,3033.2,Tax Returns
startNode,endNode,relationship,timestamp,amount,origin
USR:355,ACC:295,DEPOSITS,2021-12-13T00:00:00,2227.3,Dividends
startNode,endNode,relationship,timestamp,amount,origin
USR:456,ACC:296,DEPOSITS,2023-02-08T00:00:00,1512.78,Tax Returns
startNode,endNode,relationship,timestamp,amount,origin
USR:310,ACC:297,DEPOSITS,2023-09-14T00:00:00,2779.83,Tax Returns
startNode,endNode,relationship,timestamp,amount,origin
USR:289,ACC:298,DEPOSITS,2022-10-26T00:00:00,985.82,Tax Returns
startNode,endNode,relationship,timestamp,amount,origin
USR:147,ACC:299,DEPOSITS,2022-05-27T00:00:00,2930.22,Dividends
startNode,endNode,relationship,timestamp,amount,origin
USR:122,ACC:300,DEPOSITS,2020-04-30T00:00:00,2012.55,Cash Deposits
startNode,endNode,relationship,timestamp,amount,origin
USR:291,ACC:301,DEPOSITS,2025-06-29T00:00:00,3296.22,Dividends
startNode,endNode,relationship,timestamp,amount,origin
USR:581,ACC:302,DEPOSITS,2022-05-14T00:00:00,1423.97,Dividends
startNode,endNode,relationship,timestamp,amount,origin
USR:463,ACC:303,DEPOSITS,2025-07-09T00:00:00,3890.29,Cash Deposits
startNode,endNode,relationship,timestamp,amount,origin
USR:414,ACC:304,DEPOSITS,2024-09-30T00:00:00,2210.44,Cash Deposits
startNode,endNode,relationship,timestamp,amount,origin
USR:541,ACC:305,DEPOSITS,2024-07-17T00:00:00,1046.29,Tax Returns
startNode,endNode,relationship,timestamp,amount,origin
USR:146,ACC:306,DEPOSITS,2025-05-11T00:00:00,1322.84,Dividends
startNode,endNode,relationship,timestamp,amount,origin
USR:175,ACC:307,DEPOSITS,2022-09-18T00:00:00,4415.6,Cash Deposits
startNode,endNode,relationship,timestamp,amount,origin
USR:330,ACC:308,DEPOSITS,2021-04-26T00:00:00,124.07,Cash Deposits
startNode,endNode,relationship,timestamp,amount,origin
USR:245,ACC:309,DEPOSITS,2023-05-12T00:00:00,2865.19,Cash Deposits
startNode,endNode,relationship,timestamp,amount,origin
USR:6,ACC:310,DEPOSITS,2020-07-03T00:00:00,4577.17,Cash Deposits
startNode,endNode,relationship,timestamp,amount,origin
USR:471,ACC:311,DEPOSITS,2025-06-20T00:00:00,881.49,Tax Returns
startNode,endNode,relationship,timestamp,amount,origin
USR:193,ACC:312,DEPOSITS,2025-06-20T00:00:00,3114.98,Dividends
startNode,endNode,relationship,timestamp,amount,origin
USR:142,ACC:313,DEPOSITS,2023-02-16T00:00:00,1052.28,Cash Deposits
startNode,endNode,relationship,timestamp,amount,origin
USR:18,ACC:314,DEPOSITS,2024-12-26T00:00:00,1160.17,Tax Returns
startNode,endNode,relationship,timestamp,amount,origin
USR:355,ACC:315,DEPOSITS,2024-07-07T00:00:00,4310.42,Tax Returns
startNode,endNode,relationship,timestamp,amount,origin
USR:310,ACC:316,DEPOSITS,2022-01-09T00:00:00,2698.04,Cash Deposits
startNode,endNode,relationship,timestamp,amount,origin
USR:240,ACC:317,DEPOSITS,2023-01-09T00:00:00,1724.74,Cash Deposits
startNode,endNode,relationship,timestamp,amount,origin
USR:449,ACC:318,DEPOSITS,2022-03-01T00:00:00,2486.94,Cash Deposits
startNode,endNode,relationship,timestamp,amount,origin
USR:345,ACC:319,DEPOSITS,2024-07-11T00:00:00,4376.3,Cash Deposits
startNode,endNode,relationship,timestamp,amount,origin
USR:251,ACC:320,DEPOSITS,2020-04-22T00:00:00,872.73,Cash Deposits
startNode,endNode,relationship,timestamp,amount,origin
USR:127,ACC:321,DEPOSITS,2025-07-01T00:00:00,905.81,Tax Returns
startNode,endNode,relationship,timestamp,amount,origin
USR:83,ACC:322,DEPOSITS,2023-10-27T00:00:00,3211.18,Tax Returns
startNode,endNode,relationship,timestamp,amount,origin
USR:314,ACC:323,DEPOSITS,2025-02-09T00:00:00,3625.51,Dividends
startNode,endNode,relationship,timestamp,amount,origin
USR:72,ACC:324,DEPOSITS,2022-06-27T00:00:00,1254.24,Dividends
startNode,endNode,relationship,timestamp,amount,origin
USR:551,ACC:325,DEPOSITS,2020-02-28T00:00:00,451.61,Cash Deposits
startNode,endNode,relationship,timestamp,amount,origin
USR:42,ACC:326,DEPOSITS,2022-12-08T00:00:00,1529.95,Tax Returns
startNode,endNode,relationship,timestamp,amount,origin
USR:314,ACC:327,DEPOSITS,2024-04-12T00:00:00,545.4,Tax Returns
startNode,endNode,relationship,timestamp,amount,origin
USR:175,ACC:328,DEPOSITS,2020-05-05T00:00:00,1346.32,Tax Returns
startNode,endNode,relationship,timestamp,amount,origin
USR:90,ACC:329,DEPOSITS,2023-09-15T00:00:00,2060.78,Cash Deposits
startNode,endNode,relationship,timestamp,amount,origin
USR:491,ACC:330,DEPOSITS,2020-09-27T00:00:00,682.6,Cash Deposits
startNode,endNode,relationship,timestamp,amount,origin
USR:23,ACC:331,DEPOSITS,2020-06-20T00:00:00,3394.63,Tax Returns
startNode,endNode,relationship,timestamp,amount,origin
USR:505,ACC:332,DEPOSITS,2021-08-09T00:00:00,3052.35,Dividends
startNode,endNode,relationship,timestamp,amount,origin
USR:282,ACC:333,DEPOSITS,2021-01-12T00:00:00,4066.73,Cash Deposits
startNode,endNode,relationship,timestamp,amount,origin
USR:154,ACC:334,DEPOSITS,2020-03-09T00:00:00,954.0,Dividends
startNode,endNode,relationship,timestamp,amount,origin
USR:505,ACC:335,DEPOSITS,2025-04-17T00:00:00,256.93,Cash Deposits
startNode,endNode,relationship,timestamp,amount,origin
USR:526,ACC:336,DEPOSITS,2023-05-20T00:00:00,3880.64,Dividends
startNode,endNode,relationship,timestamp,amount,origin
USR:425,ACC:337,DEPOSITS,2020-12-12T00:00:00,1992.32,Tax Returns
startNode,endNode,relationship,timestamp,amount,origin
USR:210,ACC:338,DEPOSITS,2020-02-26T00:00:00,3037.91,Dividends
startNode,endNode,relationship,timestamp,amount,origin
USR:437,ACC:339,DEPOSITS,2023-03-14T00:00:00,1981.85,Cash Deposits
startNode,endNode,relationship,timestamp,amount,origin
USR:356,ACC:340,DEPOSITS,2023-01-12T00:00:00,3105.24,Dividends
startNode,endNode,relationship,timestamp,amount,origin
USR:189,ACC:341,DEPOSITS,2020-11-24T00:00:00,3296.67,Cash Deposits
startNode,endNode,relationship,timestamp,amount,origin
USR:278,ACC:342,DEPOSITS,2025-06-15T00:00:00,4937.91,Tax Returns
startNode,endNode,relationship,timestamp,amount,origin
USR:334,ACC:343,DEPOSITS,2020-06-11T00:00:00,3946.92,Tax Returns
startNode,endNode,relationship,timestamp,amount,origin
USR:306,ACC:344,DEPOSITS,2025-12-18T00:00:00,4855.22,Dividends
startNode,endNode,relationship,timestamp,amount,origin
USR:325,ACC:345,DEPOSITS,2020-07-16T00:00:00,1169.14,Cash Deposits
startNode,endNode,relationship,timestamp,amount,origin
USR:575,ACC:346,DEPOSITS,2020-11-17T00:00:00,901.4,Cash Deposits
startNode,endNode,relationship,timestamp,amount,origin
USR:369,ACC:347,DEPOSITS,2023-06-09T00:00:00,1460.8,Dividends
startNode,endNode,relationship,timestamp,amount,origin
USR:99,ACC:348,DEPOSITS,2022-09-12T00:00:00,4720.55,Cash Deposits
startNode,endNode,relationship,timestamp,amount,origin
USR:582,ACC:349,DEPOSITS,2025-04-05T00:00:00,4985.7,Cash Deposits
startNode,endNode,relationship,timestamp,amount,origin
USR:15,ACC:350,DEPOSITS,2024-08-30T00:00:00,2748.08,Cash Deposits
startNode,endNode,relationship,timestamp,amount,origin
USR:585,ACC:351,DEPOSITS,2023-09-08T00:00:00,2422.53,Dividends
startNode,endNode,relationship,timestamp,amount,origin
USR:240,ACC:352,DEPOSITS,2024-06-17T00:00:00,4730.94,Dividends
startNode,endNode,relationship,timestamp,amount,origin
USR:555,ACC:353,DEPOSITS,2021-07-22T00:00:00,344.5,Dividends
startNode,endNode,relationship,timestamp,amount,origin
USR:481,ACC:354,DEPOSITS,2021-06-30T00:00:00,3827.4,Dividends
startNode,endNode,relationship,timestamp,amount,origin
USR:431,ACC:355,DEPOSITS,2020-03-14T00:00:00,3763.48,Cash Deposits
startNode,endNode,relationship,timestamp,amount,origin
USR:529,ACC:356,DEPOSITS,2025-05-22T00:00:00,4681.46,Cash Deposits
startNode,endNode,relationship,timestamp,amount,origin
USR:453,ACC:357,DEPOSITS,2022-11-01T00:00:00,3300.75,Cash Deposits
startNode,endNode,relationship,timestamp,amount,origin
USR:74,ACC:358,DEPOSITS,2021-08-15T00:00:00,3435.53,Cash Deposits
startNode,endNode,relationship,timestamp,amount,origin
USR:453,ACC:359,DEPOSITS,2022-04-04T00:00:00,3791.33,Cash Deposits
startNode,endNode,relationship,timestamp,amount,origin
USR:27,ACC:360,DEPOSITS,2023-05-26T00:00:00,3467.09,Dividends
startNode,endNode,relationship,timestamp,amount,origin
USR:64,ACC:361,DEPOSITS,2024-03-26T00:00:00,2191.99,Dividends
startNode,endNode,relationship,timestamp,amount,origin
USR:533,ACC:362,DEPOSITS,2020-08-20T00:00:00,2663.27,Dividends
startNode,endNode,relationship,timestamp,amount,origin
USR:355,ACC:363,DEPOSITS,2020-09-15T00:00:00,1341.4,Cash Deposits
startNode,endNode,relationship,timestamp,amount,origin
USR:312,ACC:364,DEPOSITS,2022-01-20T00:00:00,736.91,Cash Deposits
startNode,endNode,relationship,timestamp,amount,origin
USR:84,ACC:365,DEPOSITS,2025-05-15T00:00:00,723.19,Tax Returns
startNode,endNode,relationship,timestamp,amount,origin
USR:324,ACC:366,DEPOSITS,2025-01-20T00:00:00,1746.85,Dividends
startNode,endNode,relationship,timestamp,amount,origin
USR:544,ACC:367,DEPOSITS,2021-12-11T00:00:00,1620.29,Tax Returns
startNode,endNode,relationship,timestamp,amount,origin
USR:568,ACC:368,DEPOSITS,2021-10-08T00:00:00,495.98,Dividends
startNode,endNode,relationship,timestamp,amount,origin
USR:57,ACC:369,DEPOSITS,2023-06-06T00:00:00,1353.13,Dividends
startNode,endNode,relationship,timestamp,amount,origin
USR:5,ACC:370,DEPOSITS,2022-01-11T00:00:00,3037.71,Tax Returns
startNode,endNode,relationship,timestamp,amount,origin
USR:312,ACC:371,DEPOSITS,2023-10-27T00:00:00,4009.61,Cash Deposits
startNode,endNode,relationship,timestamp,amount,origin
USR:353,ACC:372,DEPOSITS,2022-08-04T00:00:00,874.75,Tax Returns
startNode,endNode,relationship,timestamp,amount,origin
USR:249,ACC:373,DEPOSITS,2025-04-27T00:00:00,4137.46,Cash Deposits
startNode,endNode,relationship,timestamp,amount,origin
USR:39,ACC:374,DEPOSITS,2022-01-15T00:00:00,3624.37,Cash Deposits
startNode,endNode,relationship,timestamp,amount,origin
USR:235,ACC:375,DEPOSITS,2024-09-08T00:00:00,4423.46,Dividends
startNode,endNode,relationship,timestamp,amount,origin
USR:90,ACC:376,DEPOSITS,2020-09-14T00:00:00,3178.82,Tax Returns
startNode,endNode,relationship,timestamp,amount,origin
USR:252,ACC:377,DEPOSITS,2024-12-06T00:00:00,1024.25,Tax Returns
startNode,endNode,relationship,timestamp,amount,origin
USR:439,ACC:378,DEPOSITS,2022-01-20T00:00:00,1677.49,Cash Deposits
startNode,endNode,relationship,timestamp,amount,origin
USR:549,ACC:379,DEPOSITS,2024-03-15T00:00:00,4223.12,Tax Returns
startNode,endNode,relationship,timestamp,amount,origin
USR:435,ACC:380,DEPOSITS,2023-10-28T00:00:00,4733.52,Cash Deposits
startNode,endNode,relationship,timestamp,amount,origin
USR:75,ACC:381,DEPOSITS,2020-12-08T00:00:00,3587.89,Tax Returns
startNode,endNode,relationship,timestamp,amount,origin
USR:262,ACC:382,DEPOSITS,2024-09-16T00:00:00,1590.89,Cash Deposits
startNode,endNode,relationship,timestamp,amount,origin
USR:285,ACC:383,DEPOSITS,2024-10-21T00:00:00,173.71,Cash Deposits
startNode,endNode,relationship,timestamp,amount,origin
USR:103,ACC:384,DEPOSITS,2021-07-15T00:00:00,390.62,Cash Deposits
startNode,endNode,relationship,timestamp,amount,origin
USR:36,ACC:385,DEPOSITS,2021-06-29T00:00:00,1107.42,Cash Deposits
startNode,endNode,relationship,timestamp,amount,origin
USR:181,ACC:386,DEPOSITS,2021-08-20T00:00:00,3830.28,Dividends
startNode,endNode,relationship,timestamp,amount,origin
USR:554,ACC:387,DEPOSITS,2022-04-30T00:00:00,434.26,Tax Returns
startNode,endNode,relationship,timestamp,amount,origin
USR:56,ACC:388,DEPOSITS,2024-05-03T00:00:00,2935.9,Dividends
startNode,endNode,relationship,timestamp,amount,origin
USR:333,ACC:389,DEPOSITS,2023-07-17T00:00:00,1082.85,Cash Deposits
startNode,endNode,relationship,timestamp,amount,origin
USR:276,ACC:390,DEPOSITS,2024-12-21T00:00:00,357.29,Tax Returns
startNode,endNode,relationship,timestamp,amount,origin
USR:41,ACC:391,DEPOSITS,2020-12-22T00:00:00,4033.51,Dividends
startNode,endNode,relationship,timestamp,amount,origin
USR:211,ACC:392,DEPOSITS,2022-09-12T00:00:00,3370.77,Cash Deposits
startNode,endNode,relationship,timestamp,amount,origin
USR:534,ACC:393,DEPOSITS,2021-06-15T00:00:00,3248.85,Tax Returns
startNode,endNode,relationship,timestamp,amount,origin
USR:596,ACC:394,DEPOSITS,2021-11-27T00:00:00,4806.38,Dividends
startNode,endNode,relationship,timestamp,amount,origin
USR:35,ACC:395,DEPOSITS,2020-06-16T00:00:00,4556.56,Cash Deposits
startNode,endNode,relationship,timestamp,amount,origin
USR:183,ACC:396,DEPOSITS,2021-01-25T00:00:00,680.71,Dividends
startNode,endNode,relationship,timestamp,amount,origin
USR:527,ACC:397,DEPOSITS,2023-02-22T00:00:00,515.73,Cash Deposits
startNode,endNode,relationship,timestamp,amount,origin
USR:594,ACC:398,DEPOSITS,2025-06-17T00:00:00,3322.44,Dividends
startNode,endNode,relationship,timestamp,amount,origin
USR:330,ACC:399,DEPOSITS,2023-02-12T00:00:00,1946.39,Cash Deposits
startNode,endNode,relationship,timestamp,amount,origin
USR:259,ACC:400,DEPOSITS,2025-09-23T00:00:00,1576.48,Tax Returns
startNode,endNode,relationship,timestamp,amount,origin
USR:583,ACC:401,DEPOSITS,2020-01-20T00:00:00,2197.34,Dividends
startNode,endNode,relationship,timestamp,amount,origin
USR:570,ACC:402,DEPOSITS,2020-10-19T00:00:00,736.93,Cash Deposits
startNode,endNode,relationship,timestamp,amount,origin
USR:215,ACC:403,DEPOSITS,2024-05-08T00:00:00,908.87,Tax Returns
startNode,endNode,relationship,timestamp,amount,origin
USR:199,ACC:404,DEPOSITS,2025-01-13T00:00:00,4056.8,Tax Returns
startNode,endNode,relationship,timestamp,amount,origin
USR:84,ACC:405,DEPOSITS,2025-09-11T00:00:00,2485.35,Tax Returns
startNode,endNode,relationship,timestamp,amount,origin
USR:344,ACC:406,DEPOSITS,2024-10-13T00:00:00,1237.79,Cash Deposits
startNode,endNode,relationship,timestamp,amount,origin
USR:59,ACC:407,DEPOSITS,2024-03-05T00:00:00,4800.11,Dividends
startNode,endNode,relationship,timestamp,amount,origin
USR:410,ACC:408,DEPOSITS,2020-03-27T00:00:00,318.29,Cash Deposits
startNode,endNode,relationship,timestamp,amount,origin
USR:588,ACC:409,DEPOSITS,2024-08-14T00:00:00,4194.1,Dividends
startNode,endNode,relationship,timestamp,amount,origin
USR:256,ACC:410,DEPOSITS,2024-12-25T00:00:00,1169.53,Dividends
startNode,endNode,relationship,timestamp,amount,origin
USR:206,ACC:411,DEPOSITS,2020-09-19T00:00:00,488.24,Tax Returns
startNode,endNode,relationship,timestamp,amount,origin
USR:95,ACC:412,DEPOSITS,2025-02-20T00:00:00,3572.18,Cash Deposits
startNode,endNode,relationship,timestamp,amount,origin
USR:473,ACC:413,DEPOSITS,2020-10-02T00:00:00,267.51,Tax Returns
startNode,endNode,relationship,timestamp,amount,origin
USR:344,ACC:414,DEPOSITS,2024-02-19T00:00:00,2691.29,Dividends
startNode,endNode,relationship,timestamp,amount,origin
USR:577,ACC:415,DEPOSITS,2023-01-11T00:00:00,4879.23,Tax Returns
startNode,endNode,relationship,timestamp,amount,origin
USR:514,ACC:416,DEPOSITS,2025-01-26T00:00:00,2602.26,Tax Returns
startNode,endNode,relationship,timestamp,amount,origin
USR:380,ACC:417,DEPOSITS,2023-09-06T00:00:00,3003.6,Cash Deposits
startNode,endNode,relationship,timestamp,amount,origin
USR:565,ACC:418,DEPOSITS,2025-08-02T00:00:00,3982.17,Dividends
startNode,endNode,relationship,timestamp,amount,origin
USR:211,ACC:419,DEPOSITS,2020-10-07T00:00:00,4081.08,Dividends
startNode,endNode,relationship,timestamp,amount,origin
USR:183,ACC:420,DEPOSITS,2020-09-25T00:00:00,4005.84,Dividends
startNode,endNode,relationship,timestamp,amount,origin
USR:214,ACC:421,DEPOSITS,2024-11-25T00:00:00,2736.94,Dividends
startNode,endNode,relationship,timestamp,amount,origin
USR:584,ACC:422,DEPOSITS,2024-12-31T00:00:00,2412.77,Cash Deposits
startNode,endNode,relationship,timestamp,amount,origin
USR:215,ACC:423,DEPOSITS,2024-09-05T00:00:00,3239.14,Tax Returns
startNode,endNode,relationship,timestamp,amount,origin
USR:591,ACC:424,DEPOSITS,2024-08-06T00:00:00,695.22,Dividends
startNode,endNode,relationship,timestamp,amount,origin
USR:59,ACC:425,DEPOSITS,2023-05-23T00:00:00,852.08,Dividends
startNode,endNode,relationship,timestamp,amount,origin
USR:377,ACC:426,DEPOSITS,2024-09-21T00:00:00,4116.19,Cash Deposits
startNode,endNode,relationship,timestamp,amount,origin
USR:207,ACC:427,DEPOSITS,2020-01-05T00:00:00,3952.42,Cash Deposits
startNode,endNode,relationship,timestamp,amount,origin
USR:34,ACC:428,DEPOSITS,2025-01-27T00:00:00,471.61,Tax Returns
startNode,endNode,relationship,timestamp,amount,origin
USR:404,ACC:429,DEPOSITS,2023-05-07T00:00:00,4126.76,Cash Deposits
startNode,endNode,relationship,timestamp,amount,origin
USR:94,ACC:430,DEPOSITS,2022-09-22T00:00:00,1756.55,Cash Deposits
startNode,endNode,relationship,timestamp,amount,origin
USR:202,ACC:431,DEPOSITS,2020-10-15T00:00:00,4386.99,Tax Returns
startNode,endNode,relationship,timestamp,amount,origin
USR:225,ACC:432,DEPOSITS,2025-08-07T00:00:00,1060.83,Cash Deposits
startNode,endNode,relationship,timestamp,amount,origin
USR:256,ACC:433,DEPOSITS,2021-02-26T00:00:00,2198.36,Tax Returns
startNode,endNode,relationship,timestamp,amount,origin
USR:160,ACC:434,DEPOSITS,2022-11-09T00:00:00,700.14,Dividends
startNode,endNode,relationship,timestamp,amount,origin
USR:6,ACC:435,DEPOSITS,2022-06-30T00:00:00,4134.91,Cash Deposits
startNode,endNode,relationship,timestamp,amount,origin
USR:559,ACC:436,DEPOSITS,2020-10-23T00:00:00,2717.63,Dividends
startNode,endNode,relationship,timestamp,amount,origin
USR:86,ACC:437,DEPOSITS,2023-07-08T00:00:00,3489.52,Cash Deposits
startNode,endNode,relationship,timestamp,amount,origin
USR:502,ACC:438,DEPOSITS,2025-08-03T00:00:00,983.56,Cash Deposits
startNode,endNode,relationship,timestamp,amount,origin
USR:375,ACC:439,DEPOSITS,2024-03-19T00:00:00,2687.56,Tax Returns
startNode,endNode,relationship,timestamp,amount,origin
USR:584,ACC:440,DEPOSITS,2021-12-21T00:00:00,1810.85,Tax Returns
startNode,endNode,relationship,timestamp,amount,origin
USR:421,ACC:441,DEPOSITS,2025-04-27T00:00:00,4396.75,Tax Returns
startNode,endNode,relationship,timestamp,amount,origin
USR:583,ACC:442,DEPOSITS,2023-11-28T00:00:00,2294.1,Tax Returns
startNode,endNode,relationship,timestamp,amount,origin
USR:78,ACC:443,DEPOSITS,2020-02-23T00:00:00,3739.69,Tax Returns
startNode,endNode,relationship,timestamp,amount,origin
USR:127,ACC:444,DEPOSITS,2022-01-04T00:00:00,2979.89,Tax Returns
startNode,endNode,relationship,timestamp,amount,origin
USR:582,ACC:445,DEPOSITS,2020-08-20T00:00:00,576.49,Cash Deposits
startNode,endNode,relationship,timestamp,amount,origin
USR:87,ACC:446,DEPOSITS,2020-12-28T00:00:00,3408.19,Cash Deposits
startNode,endNode,relationship,timestamp,amount,origin
USR:126,ACC:447,DEPOSITS,2022-12-30T00:00:00,4330.21,Tax Returns
startNode,endNode,relationship,timestamp,amount,origin
USR:563,ACC:448,DEPOSITS,2022-01-18T00:00:00,4494.37,Cash Deposits
startNode,endNode,relationship,timestamp,amount,origin
USR:47,ACC:449,DEPOSITS,2021-10-03T00:00:00,3294.14,Cash Deposits
startNode,endNode,relationship,timestamp,amount,origin
USR:114,ACC:450,DEPOSITS,2020-03-03T00:00:00,1618.08,Cash Deposits
startNode,endNode,relationship,timestamp,amount,origin
USR:366,ACC:451,DEPOSITS,2021-06-23T00:00:00,3052.38,Cash Deposits
startNode,endNode,relationship,timestamp,amount,origin
USR:475,ACC:452,DEPOSITS,2021-10-08T00:00:00,954.54,Cash Deposits
startNode,endNode,relationship,timestamp,amount,origin
USR:20,ACC:453,DEPOSITS,2024-08-29T00:00:00,659.55,Tax Returns
startNode,endNode,relationship,timestamp,amount,origin
USR:48,ACC:454,DEPOSITS,2023-09-23T00:00:00,3898.96,Tax Returns
startNode,endNode,relationship,timestamp,amount,origin
USR:599,ACC:455,DEPOSITS,2022-09-24T00:00:00,130.15,Tax Returns
startNode,endNode,relationship,timestamp,amount,origin
USR:521,ACC:456,DEPOSITS,2020-03-09T00:00:00,3173.01,Cash Deposits
startNode,endNode,relationship,timestamp,amount,origin
USR:125,ACC:457,DEPOSITS,2022-08-20T00:00:00,3712.75,Dividends
startNode,endNode,relationship,timestamp,amount,origin
USR:440,ACC:458,DEPOSITS,2024-03-26T00:00:00,4152.99,Cash Deposits
startNode,endNode,relationship,timestamp,amount,origin
USR:100,ACC:459,DEPOSITS,2024-06-02T00:00:00,3767.57,Cash Deposits
startNode,endNode,relationship,timestamp,amount,origin
USR:439,ACC:460,DEPOSITS,2023-08-03T00:00:00,1628.16,Cash Deposits
startNode,endNode,relationship,timestamp,amount,origin
USR:118,ACC:461,DEPOSITS,2024-10-13T00:00:00,3562.7,Dividends
startNode,endNode,relationship,timestamp,amount,origin
USR:482,ACC:462,DEPOSITS,2024-10-21T00:00:00,1238.81,Tax Returns
startNode,endNode,relationship,timestamp,amount,origin
USR:353,ACC:463,DEPOSITS,2021-09-07T00:00:00,652.07,Tax Returns
startNode,endNode,relationship,timestamp,amount,origin
USR:221,ACC:464,DEPOSITS,2020-12-10T00:00:00,360.31,Cash Deposits
startNode,endNode,relationship,timestamp,amount,origin
USR:223,ACC:465,DEPOSITS,2021-09-28T00:00:00,3551.36,Dividends
startNode,endNode,relationship,timestamp,amount,origin
USR:5,ACC:466,DEPOSITS,2021-07-10T00:00:00,1082.91,Cash Deposits
startNode,endNode,relationship,timestamp,amount,origin
USR:542,ACC:467,DEPOSITS,2022-10-25T00:00:00,409.04,Tax Returns
startNode,endNode,relationship,timestamp,amount,origin
USR:125,ACC:468,DEPOSITS,2022-09-14T00:00:00,4192.87,Tax Returns
startNode,endNode,relationship,timestamp,amount,origin
USR:91,ACC:469,DEPOSITS,2023-04-06T00:00:00,3804.71,Cash Deposits
startNode,endNode,relationship,timestamp,amount,origin
USR:149,ACC:470,DEPOSITS,2025-06-21T00:00:00,873.74,Tax Returns
startNode,endNode,relationship,timestamp,amount,origin
USR:291,ACC:471,DEPOSITS,2023-02-05T00:00:00,1808.87,Cash Deposits
startNode,endNode,relationship,timestamp,amount,origin
USR:276,ACC:472,DEPOSITS,2020-06-03T00:00:00,2143.28,Tax Returns
startNode,endNode,relationship,timestamp,amount,origin
USR:47,ACC:473,DEPOSITS,2020-05-17T00:00:00,3870.07,Dividends
startNode,endNode,relationship,timestamp,amount,origin
USR:114,ACC:474,DEPOSITS,2020-02-06T00:00:00,3431.5,Dividends
startNode,endNode,relationship,timestamp,amount,origin
USR:67,ACC:475,DEPOSITS,2022-01-05T00:00:00,3206.61,Tax Returns
startNode,endNode,relationship,timestamp,amount,origin
USR:30,ACC:476,DEPOSITS,2022-03-04T00:00:00,424.1,Cash Deposits
startNode,endNode,relationship,timestamp,amount,origin
USR:111,ACC:477,DEPOSITS,2025-12-21T00:00:00,573.22,Dividends
startNode,endNode,relationship,timestamp,amount,origin
USR:180,ACC:478,DEPOSITS,2020-07-11T00:00:00,3883.6,Dividends
startNode,endNode,relationship,timestamp,amount,origin
USR:156,ACC:479,DEPOSITS,2021-04-22T00:00:00,1530.88,Tax Returns
startNode,endNode,relationship,timestamp,amount,origin
USR:271,ACC:480,DEPOSITS,2021-02-17T00:00:00,4187.92,Cash Deposits
startNode,endNode,relationship,timestamp,amount,origin
USR:229,ACC:481,DEPOSITS,2023-04-27T00:00:00,795.29,Tax Returns
startNode,endNode,relationship,timestamp,amount,origin
USR:444,ACC:482,DEPOSITS,2023-07-28T00:00:00,1939.5,Cash Deposits
startNode,endNode,relationship,timestamp,amount,origin
USR:130,ACC:483,DEPOSITS,2023-08-18T00:00:00,2508.66,Dividends
startNode,endNode,relationship,timestamp,amount,origin
USR:44,ACC:484,DEPOSITS,2025-06-22T00:00:00,1594.65,Tax Returns
startNode,endNode,relationship,timestamp,amount,origin
USR:195,ACC:485,DEPOSITS,2023-06-21T00:00:00,2082.68,Dividends
startNode,endNode,relationship,timestamp,amount,origin
USR:305,ACC:486,DEPOSITS,2023-12-16T00:00:00,2845.71,Dividends
startNode,endNode,relationship,timestamp,amount,origin
USR:7,ACC:487,DEPOSITS,2021-07-26T00:00:00,1979.74,Dividends
startNode,endNode,relationship,timestamp,amount,origin
USR:496,ACC:488,DEPOSITS,2022-04-24T00:00:00,3983.07,Tax Returns
startNode,endNode,relationship,timestamp,amount,origin
USR:373,ACC:489,DEPOSITS,2022-07-07T00:00:00,1958.22,Cash Deposits
startNode,endNode,relationship,timestamp,amount,origin
USR:573,ACC:490,DEPOSITS,2022-04-26T00:00:00,505.16,Cash Deposits
startNode,endNode,relationship,timestamp,amount,origin
USR:314,ACC:491,DEPOSITS,2024-03-08T00:00:00,4970.95,Tax Returns
startNode,endNode,relationship,timestamp,amount,origin
USR:361,ACC:492,DEPOSITS,2023-03-25T00:00:00,1843.94,Dividends
startNode,endNode,relationship,timestamp,amount,origin
USR:337,ACC:493,DEPOSITS,2022-07-27T00:00:00,1917.82,Cash Deposits
startNode,endNode,relationship,timestamp,amount,origin
USR:61,ACC:494,DEPOSITS,2024-01-16T00:00:00,3149.99,Tax Returns
startNode,endNode,relationship,timestamp,amount,origin
USR:203,ACC:495,DEPOSITS,2025-07-26T00:00:00,4320.84,Cash Deposits
startNode,endNode,relationship,timestamp,amount,origin
USR:379,ACC:496,DEPOSITS,2020-10-27T00:00:00,1227.13,Cash Deposits
startNode,endNode,relationship,timestamp,amount,origin
USR:176,ACC:497,DEPOSITS,2020-11-14T00:00:00,1664.15,Tax Returns
startNode,endNode,relationship,timestamp,amount,origin
USR:239,ACC:498,DEPOSITS,2024-07-31T00:00:00,2864.9,Cash Deposits
startNode,endNode,relationship,timestamp,amount,origin
USR:73,ACC:499,DEPOSITS,2020-12-07T00:00:00,4468.3,Cash Deposits
startNode,endNode,relationship,timestamp,amount,origin
USR:141,ACC:500,DEPOSITS,2022-03-07T00:00:00,3070.89,Tax Returns
startNode,endNode,relationship,timestamp,amount,origin
USR:311,ACC:501,DEPOSITS,2021-03-19T00:00:00,4606.44,Dividends
startNode,endNode,relationship,timestamp,amount,origin
USR:443,ACC:502,DEPOSITS,2021-06-26T00:00:00,3380.51,Cash Deposits
startNode,endNode,relationship,timestamp,amount,origin
USR:312,ACC:503,DEPOSITS,2020-04-10T00:00:00,3909.78,Cash Deposits
startNode,endNode,relationship,timestamp,amount,origin
USR:454,ACC:504,DEPOSITS,2023-07-08T00:00:00,2317.41,Tax Returns
startNode,endNode,relationship,timestamp,amount,origin
USR:333,ACC:505,DEPOSITS,2025-02-06T00:00:00,2184.95,Dividends
startNode,endNode,relationship,timestamp,amount,origin
USR:565,ACC:506,DEPOSITS,2024-03-23T00:00:00,4530.03,Dividends
startNode,endNode,relationship,timestamp,amount,origin
USR:595,ACC:507,DEPOSITS,2022-01-25T00:00:00,3788.2,Tax Returns
startNode,endNode,relationship,timestamp,amount,origin
USR:518,ACC:508,DEPOSITS,2022-01-01T00:00:00,3446.97,Dividends
startNode,endNode,relationship,timestamp,amount,origin
USR:524,ACC:509,DEPOSITS,2021-09-12T00:00:00,2693.29,Dividends
startNode,endNode,relationship,timestamp,amount,origin
USR:425,ACC:510,DEPOSITS,2020-03-10T00:00:00,2375.45,Cash Deposits
startNode,endNode,relationship,timestamp,amount,origin
USR:221,ACC:511,DEPOSITS,2021-09-29T00:00:00,2939.23,Cash Deposits
startNode,endNode,relationship,timestamp,amount,origin
USR:189,ACC:512,DEPOSITS,2021-08-30T00:00:00,2278.32,Tax Returns
startNode,endNode,relationship,timestamp,amount,origin
USR:400,ACC:513,DEPOSITS,2020-12-08T00:00:00,3798.23,Dividends
startNode,endNode,relationship,timestamp,amount,origin
USR:545,ACC:514,DEPOSITS,2022-08-17T00:00:00,4485.97,Dividends
startNode,endNode,relationship,timestamp,amount,origin
USR:53,ACC:515,DEPOSITS,2022-09-04T00:00:00,2339.13,Dividends
startNode,endNode,relationship,timestamp,amount,origin
USR:198,ACC:516,DEPOSITS,2021-01-25T00:00:00,1879.13,Dividends
startNode,endNode,relationship,timestamp,amount,origin
USR:411,ACC:517,DEPOSITS,2025-04-07T00:00:00,2085.36,Tax Returns
startNode,endNode,relationship,timestamp,amount,origin
USR:423,ACC:518,DEPOSITS,2021-01-20T00:00:00,1948.6,Tax Returns
startNode,endNode,relationship,timestamp,amount,origin
USR:409,ACC:519,DEPOSITS,2020-04-01T00:00:00,778.24,Cash Deposits
startNode,endNode,relationship,timestamp,amount,origin
USR:476,ACC:520,DEPOSITS,2020-06-19T00:00:00,1943.24,Dividends
startNode,endNode,relationship,timestamp,amount,origin
USR:478,ACC:521,DEPOSITS,2020-08-01T00:00:00,2493.12,Dividends
startNode,endNode,relationship,timestamp,amount,origin
USR:462,ACC:522,DEPOSITS,2025-12-08T00:00:00,4860.73,Cash Deposits
startNode,endNode,relationship,timestamp,amount,origin
USR:324,ACC:523,DEPOSITS,2021-05-18T00:00:00,1306.12,Tax Returns
startNode,endNode,relationship,timestamp,amount,origin
USR:133,ACC:524,DEPOSITS,2020-11-04T00:00:00,4649.81,Cash Deposits
startNode,endNode,relationship,timestamp,amount,origin
USR:3,ACC:525,DEPOSITS,2022-11-15T00:00:00,1249.8,Tax Returns
startNode,endNode,relationship,timestamp,amount,origin
USR:440,ACC:526,DEPOSITS,2023-02-22T00:00:00,4465.96,Cash Deposits
startNode,endNode,relationship,timestamp,amount,origin
USR:476,ACC:527,DEPOSITS,2020-01-02T00:00:00,598.67,Tax Returns
startNode,endNode,relationship,timestamp,amount,origin
USR:566,ACC:528,DEPOSITS,2022-01-16T00:00:00,972.31,Tax Returns
startNode,endNode,relationship,timestamp,amount,origin
USR:251,ACC:529,DEPOSITS,2025-10-29T00:00:00,1594.88,Cash Deposits
startNode,endNode,relationship,timestamp,amount,origin
USR:586,ACC:530,DEPOSITS,2024-01-30T00:00:00,4570.36,Tax Returns
startNode,endNode,relationship,timestamp,amount,origin
USR:400,ACC:531,DEPOSITS,2021-06-02T00:00:00,3730.85,Cash Deposits
startNode,endNode,relationship,timestamp,amount,origin
USR:299,ACC:532,DEPOSITS,2024-06-29T00:00:00,2998.72,Tax Returns
startNode,endNode,relationship,timestamp,amount,origin
USR:572,ACC:533,DEPOSITS,2023-10-16T00:00:00,1010.54,Cash Deposits
startNode,endNode,relationship,timestamp,amount,origin
USR:251,ACC:534,DEPOSITS,2021-04-09T00:00:00,2678.51,Cash Deposits
startNode,endNode,relationship,timestamp,amount,origin
USR:146,ACC:535,DEPOSITS,2024-11-03T00:00:00,2802.56,Tax Returns
startNode,endNode,relationship,timestamp,amount,origin
USR:26,ACC:536,DEPOSITS,2022-06-21T00:00:00,4314.97,Cash Deposits
startNode,endNode,relationship,timestamp,amount,origin
USR:575,ACC:537,DEPOSITS,2024-12-15T00:00:00,1901.62,Dividends
startNode,endNode,relationship,timestamp,amount,origin
USR:419,ACC:538,DEPOSITS,2024-11-01T00:00:00,3481.54,Dividends
startNode,endNode,relationship,timestamp,amount,origin
USR:375,ACC:539,DEPOSITS,2022-10-03T00:00:00,4276.66,Tax Returns
startNode,endNode,relationship,timestamp,amount,origin
USR:320,ACC:540,DEPOSITS,2025-07-09T00:00:00,3682.73,Dividends
startNode,endNode,relationship,timestamp,amount,origin
USR:307,ACC:541,DEPOSITS,2024-01-18T00:00:00,3261.02,Dividends
startNode,endNode,relationship,timestamp,amount,origin
USR:493,ACC:542,DEPOSITS,2022-03-18T00:00:00,2453.03,Cash Deposits
startNode,endNode,relationship,timestamp,amount,origin
USR:336,ACC:543,DEPOSITS,2021-12-06T00:00:00,166.8,Cash Deposits
startNode,endNode,relationship,timestamp,amount,origin
USR:111,ACC:544,DEPOSITS,2021-04-16T00:00:00,3126.71,Dividends
startNode,endNode,relationship,timestamp,amount,origin
USR:36,ACC:545,DEPOSITS,2022-03-10T00:00:00,1421.66,Tax Returns
startNode,endNode,relationship,timestamp,amount,origin
USR:404,ACC:546,DEPOSITS,2021-03-13T00:00:00,2771.68,Dividends
startNode,endNode,relationship,timestamp,amount,origin
USR:381,ACC:547,DEPOSITS,2021-07-28T00:00:00,145.04,Dividends
startNode,endNode,relationship,timestamp,amount,origin
USR:407,ACC:548,DEPOSITS,2024-06-14T00:00:00,4598.6,Tax Returns
startNode,endNode,relationship,timestamp,amount,origin
USR:223,ACC:549,DEPOSITS,2021-05-15T00:00:00,4460.12,Dividends
startNode,endNode,relationship,timestamp,amount,origin
USR:542,ACC:550,DEPOSITS,2022-04-03T00:00:00,1859.49,Dividends
startNode,endNode,relationship,timestamp,amount,origin
USR:39,ACC:551,DEPOSITS,2022-03-29T00:00:00,1470.49,Cash Deposits
startNode,endNode,relationship,timestamp,amount,origin
USR:19,ACC:552,DEPOSITS,2022-06-01T00:00:00,2611.04,Tax Returns
startNode,endNode,relationship,timestamp,amount,origin
USR:330,ACC:553,DEPOSITS,2024-07-27T00:00:00,2234.12,Dividends
startNode,endNode,relationship,timestamp,amount,origin
USR:275,ACC:554,DEPOSITS,2022-12-07T00:00:00,4580.5,Dividends
startNode,endNode,relationship,timestamp,amount,origin
USR:485,ACC:555,DEPOSITS,2020-08-08T00:00:00,176.7,Dividends
startNode,endNode,relationship,timestamp,amount,origin
USR:219,ACC:556,DEPOSITS,2024-03-30T00:00:00,4704.84,Dividends
startNode,endNode,relationship,timestamp,amount,origin
USR:258,ACC:557,DEPOSITS,2020-04-28T00:00:00,4527.43,Cash Deposits
startNode,endNode,relationship,timestamp,amount,origin
USR:454,ACC:558,DEPOSITS,2021-07-24T00:00:00,2857.33,Dividends
startNode,endNode,relationship,timestamp,amount,origin
USR:42,ACC:559,DEPOSITS,2022-09-04T00:00:00,1028.97,Cash Deposits
startNode,endNode,relationship,timestamp,amount,origin
USR:19,ACC:560,DEPOSITS,2021-09-13T00:00:00,2788.0,Dividends
startNode,endNode,relationship,timestamp,amount,origin
USR:131,ACC:561,DEPOSITS,2022-04-03T00:00:00,4682.19,Dividends
startNode,endNode,relationship,timestamp,amount,origin
USR:192,ACC:562,DEPOSITS,2022-01-25T00:00:00,1322.85,Dividends
startNode,endNode,relationship,timestamp,amount,origin
USR:254,ACC:563,DEPOSITS,2024-11-25T00:00:00,3012.72,Dividends
startNode,endNode,relationship,timestamp,amount,origin
USR:139,ACC:564,DEPOSITS,2022-02-02T00:00:00,625.21,Cash Deposits
startNode,endNode,relationship,timestamp,amount,origin
USR:326,ACC:565,DEPOSITS,2022-12-03T00:00:00,3264.2,Cash Deposits
startNode,endNode,relationship,timestamp,amount,origin
USR:409,ACC:566,DEPOSITS,2025-10-07T00:00:00,2413.3,Cash Deposits
startNode,endNode,relationship,timestamp,amount,origin
USR:270,ACC:567,DEPOSITS,2025-06-11T00:00:00,1180.85,Cash Deposits
startNode,endNode,relationship,timestamp,amount,origin
USR:576,ACC:568,DEPOSITS,2024-06-22T00:00:00,3721.32,Dividends
startNode,endNode,relationship,timestamp,amount,origin
USR:488,ACC:569,DEPOSITS,2023-11-20T00:00:00,3981.58,Tax Returns
startNode,endNode,relationship,timestamp,amount,origin
USR:108,ACC:570,DEPOSITS,2021-09-04T00:00:00,2931.51,Tax Returns
startNode,endNode,relationship,timestamp,amount,origin
USR:3,ACC:571,DEPOSITS,2023-05-03T00:00:00,600.82,Cash Deposits
startNode,endNode,relationship,timestamp,amount,origin
USR:108,ACC:572,DEPOSITS,2022-04-15T00:00:00,1816.61,Cash Deposits
startNode,endNode,relationship,timestamp,amount,origin
USR:220,ACC:573,DEPOSITS,2023-08-13T00:00:00,3875.39,Cash Deposits
startNode,endNode,relationship,timestamp,amount,origin
USR:12,ACC:574,DEPOSITS,2021-03-15T00:00:00,620.11,Dividends
startNode,endNode,relationship,timestamp,amount,origin
USR:338,ACC:575,DEPOSITS,2022-11-28T00:00:00,4923.12,Tax Returns
startNode,endNode,relationship,timestamp,amount,origin
USR:515,ACC:576,DEPOSITS,2021-09-25T00:00:00,4145.16,Cash Deposits
startNode,endNode,relationship,timestamp,amount,origin
USR:376,ACC:577,DEPOSITS,2021-07-21T00:00:00,3491.83,Dividends
startNode,endNode,relationship,timestamp,amount,origin
USR:174,ACC:578,DEPOSITS,2021-01-04T00:00:00,3593.8,Cash Deposits
startNode,endNode,relationship,timestamp,amount,origin
USR:217,ACC:579,DEPOSITS,2022-10-11T00:00:00,3001.21,Cash Deposits
startNode,endNode,relationship,timestamp,amount,origin
USR:387,ACC:580,DEPOSITS,2022-01-26T00:00:00,2195.79,Dividends
startNode,endNode,relationship,timestamp,amount,origin
USR:547,ACC:581,DEPOSITS,2025-01-17T00:00:00,1706.17,Cash Deposits
startNode,endNode,relationship,timestamp,amount,origin
USR:197,ACC:582,DEPOSITS,2024-02-04T00:00:00,3528.65,Dividends
startNode,endNode,relationship,timestamp,amount,origin
USR:597,ACC:583,DEPOSITS,2023-06-09T00:00:00,2410.36,Tax Returns
startNode,endNode,relationship,timestamp,amount,origin
USR:456,ACC:584,DEPOSITS,2020-07-02T00:00:00,3000.33,Cash Deposits
startNode,endNode,relationship,timestamp,amount,origin
USR:244,ACC:585,DEPOSITS,2020-12-09T00:00:00,4702.26,Dividends
startNode,endNode,relationship,timestamp,amount,origin
USR:568,ACC:586,DEPOSITS,2023-02-26T00:00:00,1405.48,Cash Deposits
startNode,endNode,relationship,timestamp,amount,origin
USR:77,ACC:587,DEPOSITS,2022-02-25T00:00:00,3438.29,Cash Deposits
startNode,endNode,relationship,timestamp,amount,origin
USR:52,ACC:588,DEPOSITS,2022-11-05T00:00:00,3866.96,Tax Returns
startNode,endNode,relationship,timestamp,amount,origin
USR:37,ACC:589,DEPOSITS,2023-10-27T00:00:00,3763.23,Tax Returns
startNode,endNode,relationship,timestamp,amount,origin
USR:462,ACC:590,DEPOSITS,2023-04-13T00:00:00,3266.89,Dividends
startNode,endNode,relationship,timestamp,amount,origin
USR:238,ACC:591,DEPOSITS,2022-06-08T00:00:00,1756.21,Tax Returns
startNode,endNode,relationship,timestamp,amount,origin
USR:121,ACC:592,DEPOSITS,2024-02-03T00:00:00,4315.25,Tax Returns
startNode,endNode,relationship,timestamp,amount,origin
USR:64,ACC:593,DEPOSITS,2021-07-06T00:00:00,4418.21,Dividends
startNode,endNode,relationship,timestamp,amount,origin
USR:350,ACC:594,DEPOSITS,2025-11-23T00:00:00,1933.18,Tax Returns
startNode,endNode,relationship,timestamp,amount,origin
USR:214,ACC:595,DEPOSITS,2022-02-16T00:00:00,962.14,Cash Deposits
startNode,endNode,relationship,timestamp,amount,origin
USR:360,ACC:596,DEPOSITS,2025-11-17T00:00:00,1528.83,Cash Deposits
startNode,endNode,relationship,timestamp,amount,origin
USR:451,ACC:597,DEPOSITS,2022-03-13T00:00:00,2064.73,Tax Returns
startNode,endNode,relationship,timestamp,amount,origin
USR:327,ACC:598,DEPOSITS,2021-03-29T00:00:00,1829.89,Dividends
startNode,endNode,relationship,timestamp,amount,origin
USR:514,ACC:599,DEPOSITS,2023-06-18T00:00:00,4673.32,Dividends
startNode,endNode,relationship,timestamp,amount,origin
USR:52,ACC:600,DEPOSITS,2020-10-18T00:00:00,4759.21,Cash Deposits
