startNode,endNode,relationship,time,appUsed,reason
T:1,M84,PURCHASED_AT,2025-08-21T00:00:00,Phone Wallet,payment 
startNode,endNode,relationship,time,appUsed,reason
T:2,M38,PURCHASED_AT,2020-03-09T00:00:00,Phone Wallet,In need of product
startNode,endNode,relationship,time,appUsed,reason
T:3,M367,PURCHASED_AT,2021-10-11T00:00:00,other,sale
startNode,endNode,relationship,time,appUsed,reason
T:4,M487,PURCHASED_AT,2023-09-23T00:00:00,Phone Wallet,In need of product
startNode,endNode,relationship,time,appUsed,reason
T:5,M552,PURCHASED_AT,2022-03-05T00:00:00,Banking App,In need of product
startNode,endNode,relationship,time,appUsed,reason
T:6,M120,PURCHASED_AT,2022-10-15T00:00:00,Banking App,sale
startNode,endNode,relationship,time,appUsed,reason
T:7,M154,PURCHASED_AT,2024-04-24T00:00:00,Banking App,In need of product
startNode,endNode,relationship,time,appUsed,reason
T:8,M88,PURCHASED_AT,2025-06-04T00:00:00,Phone Wallet,fee
startNode,endNode,relationship,time,appUsed,reason
T:9,M226,PURCHASED_AT,2022-12-25T00:00:00,other,sale
startNode,endNode,relationship,time,appUsed,reason
T:10,M186,PURCHASED_AT,2020-11-18T00:00:00,other,In need of product
startNode,endNode,relationship,time,appUsed,reason
T:11,M136,PURCHASED_AT,2020-08-02T00:00:00,other,In need of product
startNode,endNode,relationship,time,appUsed,reason
T:12,M250,PURCHASED_AT,2020-09-09T00:00:00,Banking App,fee
startNode,endNode,relationship,time,appUsed,reason
T:13,M35,PURCHASED_AT,2023-05-26T00:00:00,Banking App,payment 
startNode,endNode,relationship,time,appUsed,reason
T:14,M440,PURCHASED_AT,2025-01-23T00:00:00,Banking App,In need of product
startNode,endNode,relationship,time,appUsed,reason
T:15,M529,PURCHASED_AT,2023-10-28T00:00:00,Banking App,sale
startNode,endNode,relationship,time,appUsed,reason
T:16,M293,PURCHASED_AT,2023-08-18T00:00:00,Phone Wallet,fee
startNode,endNode,relationship,time,appUsed,reason
T:17,M174,PURCHASED_AT,2023-11-01T00:00:00,Banking App,fee
startNode,endNode,relationship,time,appUsed,reason
T:18,M405,PURCHASED_AT,2022-03-04T00:00:00,Banking App,In need of product
startNode,endNode,relationship,time,appUsed,reason
T:19,M238,PURCHASED_AT,2023-05-15T00:00:00,Phone Wallet,fee
startNode,endNode,relationship,time,appUsed,reason
T:20,M254,PURCHASED_AT,2025-04-03T00:00:00,other,sale
startNode,endNode,relationship,time,appUsed,reason
T:21,M316,PURCHASED_AT,2022-08-13T00:00:00,Phone Wallet,payment 
startNode,endNode,relationship,time,appUsed,reason
T:22,M256,PURCHASED_AT,2022-12-29T00:00:00,Phone Wallet,fee
startNode,endNode,relationship,time,appUsed,reason
T:23,M365,PURCHASED_AT,2024-10-16T00:00:00,Phone Wallet,fee
startNode,endNode,relationship,time,appUsed,reason
T:24,M502,PURCHASED_AT,2021-08-23T00:00:00,other,In need of product
startNode,endNode,relationship,time,appUsed,reason
T:25,M138,PURCHASED_AT,2021-02-25T00:00:00,Phone Wallet,fee
startNode,endNode,relationship,time,appUsed,reason
T:26,M589,PURCHASED_AT,2021-11-25T00:00:00,other,fee
startNode,endNode,relationship,time,appUsed,reason
T:27,M202,PURCHASED_AT,2020-03-09T00:00:00,other,fee
startNode,endNode,relationship,time,appUsed,reason
T:28,M478,PURCHASED_AT,2021-04-12T00:00:00,Phone Wallet,payment 
startNode,endNode,relationship,time,appUsed,reason
T:29,M425,PURCHASED_AT,2024-08-03T00:00:00,Phone Wallet,payment 
startNode,endNode,relationship,time,appUsed,reason
T:30,M276,PURCHASED_AT,2024-08-03T00:00:00,other,payment 
startNode,endNode,relationship,time,appUsed,reason
T:31,M24,PURCHASED_AT,2025-01-25T00:00:00,other,fee
startNode,endNode,relationship,time,appUsed,reason
T:32,M18,PURCHASED_AT,2022-02-10T00:00:00,Banking App,sale
startNode,endNode,relationship,time,appUsed,reason
T:33,M545,PURCHASED_AT,2021-01-11T00:00:00,Phone Wallet,payment 
startNode,endNode,relationship,time,appUsed,reason
T:34,M558,PURCHASED_AT,2020-01-14T00:00:00,Banking App,fee
startNode,endNode,relationship,time,appUsed,reason
T:35,M487,PURCHASED_AT,2023-07-10T00:00:00,other,sale
startNode,endNode,relationship,time,appUsed,reason
T:36,M431,PURCHASED_AT,2020-07-21T00:00:00,Phone Wallet,sale
startNode,endNode,relationship,time,appUsed,reason
T:37,M140,PURCHASED_AT,2020-12-22T00:00:00,other,payment 
startNode,endNode,relationship,time,appUsed,reason
T:38,M247,PURCHASED_AT,2024-05-10T00:00:00,Banking App,payment 
startNode,endNode,relationship,time,appUsed,reason
T:39,M89,PURCHASED_AT,2022-04-18T00:00:00,Phone Wallet,fee
startNode,endNode,relationship,time,appUsed,reason
T:40,M106,PURCHASED_AT,2021-01-04T00:00:00,other,In need of product
startNode,endNode,relationship,time,appUsed,reason
T:41,M594,PURCHASED_AT,2022-11-18T00:00:00,other,sale
startNode,endNode,relationship,time,appUsed,reason
T:42,M160,PURCHASED_AT,2023-07-21T00:00:00,other,payment 
startNode,endNode,relationship,time,appUsed,reason
T:43,M451,PURCHASED_AT,2023-04-27T00:00:00,other,payment 
startNode,endNode,relationship,time,appUsed,reason
T:44,M300,PURCHASED_AT,2024-12-12T00:00:00,other,payment 
startNode,endNode,relationship,time,appUsed,reason
T:45,M531,PURCHASED_AT,2020-07-14T00:00:00,Banking App,sale
startNode,endNode,relationship,time,appUsed,reason
T:46,M418,PURCHASED_AT,2024-12-11T00:00:00,Phone Wallet,payment 
startNode,endNode,relationship,time,appUsed,reason
T:47,M5,PURCHASED_AT,2020-09-17T00:00:00,other,payment 
startNode,endNode,relationship,time,appUsed,reason
T:48,M26,PURCHASED_AT,2021-05-03T00:00:00,Banking App,sale
startNode,endNode,relationship,time,appUsed,reason
T:49,M331,PURCHASED_AT,2020-10-21T00:00:00,Banking App,sale
startNode,endNode,relationship,time,appUsed,reason
T:50,M559,PURCHASED_AT,2023-12-15T00:00:00,Phone Wallet,sale
startNode,endNode,relationship,time,appUsed,reason
T:51,M100,PURCHASED_AT,2021-09-15T00:00:00,Phone Wallet,payment 
startNode,endNode,relationship,time,appUsed,reason
T:52,M143,PURCHASED_AT,2025-06-14T00:00:00,other,payment 
startNode,endNode,relationship,time,appUsed,reason
T:53,M155,PURCHASED_AT,2025-01-22T00:00:00,other,sale
startNode,endNode,relationship,time,appUsed,reason
T:54,M131,PURCHASED_AT,2021-01-23T00:00:00,other,sale
startNode,endNode,relationship,time,appUsed,reason
T:55,M259,PURCHASED_AT,2023-06-03T00:00:00,Banking App,payment 
startNode,endNode,relationship,time,appUsed,reason
T:56,M77,PURCHASED_AT,2023-08-20T00:00:00,Banking App,payment 
startNode,endNode,relationship,time,appUsed,reason
T:57,M459,PURCHASED_AT,2021-02-04T00:00:00,Phone Wallet,In need of product
startNode,endNode,relationship,time,appUsed,reason
T:58,M450,PURCHASED_AT,2020-04-18T00:00:00,Banking App,fee
startNode,endNode,relationship,time,appUsed,reason
T:59,M239,PURCHASED_AT,2021-02-10T00:00:00,Phone Wallet,sale
startNode,endNode,relationship,time,appUsed,reason
T:60,M383,PURCHASED_AT,2025-04-14T00:00:00,Phone Wallet,sale
startNode,endNode,relationship,time,appUsed,reason
T:61,M87,PURCHASED_AT,2023-04-02T00:00:00,other,sale
startNode,endNode,relationship,time,appUsed,reason
T:62,M485,PURCHASED_AT,2024-07-09T00:00:00,Banking App,In need of product
startNode,endNode,relationship,time,appUsed,reason
T:63,M194,PURCHASED_AT,2021-06-01T00:00:00,other,fee
startNode,endNode,relationship,time,appUsed,reason
T:64,M64,PURCHASED_AT,2025-12-21T00:00:00,Banking App,sale
startNode,endNode,relationship,time,appUsed,reason
T:65,M318,PURCHASED_AT,2020-09-20T00:00:00,other,fee
startNode,endNode,relationship,time,appUsed,reason
T:66,M551,PURCHASED_AT,2024-10-01T00:00:00,Banking App,In need of product
startNode,endNode,relationship,time,appUsed,reason
T:67,M549,PURCHASED_AT,2023-06-17T00:00:00,Phone Wallet,payment 
startNode,endNode,relationship,time,appUsed,reason
T:68,M174,PURCHASED_AT,2023-01-08T00:00:00,Banking App,fee
startNode,endNode,relationship,time,appUsed,reason
T:69,M94,PURCHASED_AT,2022-05-11T00:00:00,Phone Wallet,In need of product
startNode,endNode,relationship,time,appUsed,reason
T:70,M90,PURCHASED_AT,2025-05-19T00:00:00,other,payment 
startNode,endNode,relationship,time,appUsed,reason
T:71,M241,PURCHASED_AT,2022-04-14T00:00:00,Phone Wallet,In need of product
startNode,endNode,relationship,time,appUsed,reason
T:72,M349,PURCHASED_AT,2021-10-05T00:00:00,Phone Wallet,sale
startNode,endNode,relationship,time,appUsed,reason
T:73,M209,PURCHASED_AT,2023-07-25T00:00:00,other,sale
startNode,endNode,relationship,time,appUsed,reason
T:74,M70,PURCHASED_AT,2024-08-11T00:00:00,other,fee
startNode,endNode,relationship,time,appUsed,reason
T:75,M505,PURCHASED_AT,2020-12-27T00:00:00,Phone Wallet,payment 
startNode,endNode,relationship,time,appUsed,reason
T:76,M478,PURCHASED_AT,2022-12-09T00:00:00,Phone Wallet,payment 
startNode,endNode,relationship,time,appUsed,reason
T:77,M446,PURCHASED_AT,2023-10-01T00:00:00,Banking App,payment 
startNode,endNode,relationship,time,appUsed,reason
T:78,M35,PURCHASED_AT,2025-05-21T00:00:00,Phone Wallet,sale
startNode,endNode,relationship,time,appUsed,reason
T:79,M260,PURCHASED_AT,2024-07-07T00:00:00,other,payment 
startNode,endNode,relationship,time,appUsed,reason
T:80,M371,PURCHASED_AT,2023-03-03T00:00:00,Phone Wallet,fee
startNode,endNode,relationship,time,appUsed,reason
T:81,M251,PURCHASED_AT,2021-09-06T00:00:00,Phone Wallet,sale
startNode,endNode,relationship,time,appUsed,reason
T:82,M284,PURCHASED_AT,2020-02-04T00:00:00,Phone Wallet,payment 
startNode,endNode,relationship,time,appUsed,reason
T:83,M148,PURCHASED_AT,2020-04-02T00:00:00,Banking App,sale
startNode,endNode,relationship,time,appUsed,reason
T:84,M194,PURCHASED_AT,2021-10-31T00:00:00,other,payment 
startNode,endNode,relationship,time,appUsed,reason
T:85,M389,PURCHASED_AT,2022-01-18T00:00:00,Phone Wallet,payment 
startNode,endNode,relationship,time,appUsed,reason
T:86,M11,PURCHASED_AT,2021-05-25T00:00:00,other,sale
startNode,endNode,relationship,time,appUsed,reason
T:87,M13,PURCHASED_AT,2025-05-14T00:00:00,other,fee
startNode,endNode,relationship,time,appUsed,reason
T:88,M118,PURCHASED_AT,2025-05-03T00:00:00,other,fee
startNode,endNode,relationship,time,appUsed,reason
T:89,M590,PURCHASED_AT,2025-10-17T00:00:00,other,fee
startNode,endNode,relationship,time,appUsed,reason
T:90,M518,PURCHASED_AT,2024-05-11T00:00:00,Banking App,sale
startNode,endNode,relationship,time,appUsed,reason
T:91,M422,PURCHASED_AT,2025-03-05T00:00:00,Phone Wallet,sale
startNode,endNode,relationship,time,appUsed,reason
T:92,M176,PURCHASED_AT,2021-09-03T00:00:00,other,fee
startNode,endNode,relationship,time,appUsed,reason
T:93,M590,PURCHASED_AT,2020-06-02T00:00:00,other,fee
startNode,endNode,relationship,time,appUsed,reason
T:94,M232,PURCHASED_AT,2023-06-30T00:00:00,other,fee
startNode,endNode,relationship,time,appUsed,reason
T:95,M594,PURCHASED_AT,2020-09-18T00:00:00,Phone Wallet,fee
startNode,endNode,relationship,time,appUsed,reason
T:96,M167,PURCHASED_AT,2023-11-11T00:00:00,Banking App,fee
startNode,endNode,relationship,time,appUsed,reason
T:97,M5,PURCHASED_AT,2022-04-29T00:00:00,other,payment 
startNode,endNode,relationship,time,appUsed,reason
T:98,M230,PURCHASED_AT,2021-02-18T00:00:00,Banking App,payment 
startNode,endNode,relationship,time,appUsed,reason
T:99,M207,PURCHASED_AT,2021-09-24T00:00:00,Banking App,payment 
startNode,endNode,relationship,time,appUsed,reason
T:100,M168,PURCHASED_AT,2020-01-19T00:00:00,Phone Wallet,sale
startNode,endNode,relationship,time,appUsed,reason
T:101,M329,PURCHASED_AT,2025-10-10T00:00:00,Phone Wallet,In need of product
startNode,endNode,relationship,time,appUsed,reason
T:102,M8,PURCHASED_AT,2023-05-26T00:00:00,Phone Wallet,fee
startNode,endNode,relationship,time,appUsed,reason
T:103,M544,PURCHASED_AT,2024-04-17T00:00:00,Banking App,fee
startNode,endNode,relationship,time,appUsed,reason
T:104,M549,PURCHASED_AT,2021-08-24T00:00:00,Phone Wallet,In need of product
startNode,endNode,relationship,time,appUsed,reason
T:105,M181,PURCHASED_AT,2021-08-22T00:00:00,other,In need of product
startNode,endNode,relationship,time,appUsed,reason
T:106,M578,PURCHASED_AT,2023-08-22T00:00:00,Phone Wallet,payment 
startNode,endNode,relationship,time,appUsed,reason
T:107,M407,PURCHASED_AT,2020-11-04T00:00:00,other,In need of product
startNode,endNode,relationship,time,appUsed,reason
T:108,M263,PURCHASED_AT,2022-05-09T00:00:00,Banking App,fee
startNode,endNode,relationship,time,appUsed,reason
T:109,M384,PURCHASED_AT,2023-06-02T00:00:00,other,In need of product
startNode,endNode,relationship,time,appUsed,reason
T:110,M578,PURCHASED_AT,2025-04-08T00:00:00,Banking App,fee
startNode,endNode,relationship,time,appUsed,reason
T:111,M594,PURCHASED_AT,2020-07-04T00:00:00,other,sale
startNode,endNode,relationship,time,appUsed,reason
T:112,M143,PURCHASED_AT,2020-05-09T00:00:00,Phone Wallet,sale
startNode,endNode,relationship,time,appUsed,reason
T:113,M170,PURCHASED_AT,2021-04-06T00:00:00,Phone Wallet,payment 
startNode,endNode,relationship,time,appUsed,reason
T:114,M558,PURCHASED_AT,2024-05-27T00:00:00,Phone Wallet,payment 
startNode,endNode,relationship,time,appUsed,reason
T:115,M313,PURCHASED_AT,2022-04-28T00:00:00,Banking App,sale
startNode,endNode,relationship,time,appUsed,reason
T:116,M511,PURCHASED_AT,2022-06-15T00:00:00,Phone Wallet,sale
startNode,endNode,relationship,time,appUsed,reason
T:117,M243,PURCHASED_AT,2021-03-12T00:00:00,other,payment 
startNode,endNode,relationship,time,appUsed,reason
T:118,M118,PURCHASED_AT,2025-02-12T00:00:00,other,sale
startNode,endNode,relationship,time,appUsed,reason
T:119,M346,PURCHASED_AT,2024-03-18T00:00:00,other,sale
startNode,endNode,relationship,time,appUsed,reason
T:120,M452,PURCHASED_AT,2020-05-24T00:00:00,Banking App,payment 
startNode,endNode,relationship,time,appUsed,reason
T:121,M417,PURCHASED_AT,2020-09-05T00:00:00,Phone Wallet,sale
startNode,endNode,relationship,time,appUsed,reason
T:122,M370,PURCHASED_AT,2025-01-19T00:00:00,Banking App,fee
startNode,endNode,relationship,time,appUsed,reason
T:123,M424,PURCHASED_AT,2020-07-03T00:00:00,Banking App,payment 
startNode,endNode,relationship,time,appUsed,reason
T:124,M342,PURCHASED_AT,2025-10-06T00:00:00,other,fee
startNode,endNode,relationship,time,appUsed,reason
T:125,M350,PURCHASED_AT,2023-08-13T00:00:00,other,sale
startNode,endNode,relationship,time,appUsed,reason
T:126,M339,PURCHASED_AT,2023-02-14T00:00:00,Banking App,fee
startNode,endNode,relationship,time,appUsed,reason
T:127,M263,PURCHASED_AT,2021-04-01T00:00:00,Phone Wallet,fee
startNode,endNode,relationship,time,appUsed,reason
T:128,M77,PURCHASED_AT,2020-10-07T00:00:00,Banking App,In need of product
startNode,endNode,relationship,time,appUsed,reason
T:129,M40,PURCHASED_AT,2021-08-04T00:00:00,other,fee
startNode,endNode,relationship,time,appUsed,reason
T:130,M232,PURCHASED_AT,2023-09-08T00:00:00,other,payment 
startNode,endNode,relationship,time,appUsed,reason
T:131,M571,PURCHASED_AT,2021-06-21T00:00:00,other,In need of product
startNode,endNode,relationship,time,appUsed,reason
T:132,M4,PURCHASED_AT,2024-03-02T00:00:00,Banking App,fee
startNode,endNode,relationship,time,appUsed,reason
T:133,M165,PURCHASED_AT,2022-06-06T00:00:00,Phone Wallet,In need of product
startNode,endNode,relationship,time,appUsed,reason
T:134,M562,PURCHASED_AT,2024-08-19T00:00:00,Phone Wallet,fee
startNode,endNode,relationship,time,appUsed,reason
T:135,M483,PURCHASED_AT,2020-12-20T00:00:00,Phone Wallet,sale
startNode,endNode,relationship,time,appUsed,reason
T:136,M490,PURCHASED_AT,2020-09-05T00:00:00,Banking App,In need of product
startNode,endNode,relationship,time,appUsed,reason
T:137,M141,PURCHASED_AT,2025-07-29T00:00:00,Banking App,payment 
startNode,endNode,relationship,time,appUsed,reason
T:138,M232,PURCHASED_AT,2024-01-06T00:00:00,other,fee
startNode,endNode,relationship,time,appUsed,reason
T:139,M29,PURCHASED_AT,2022-02-27T00:00:00,other,sale
startNode,endNode,relationship,time,appUsed,reason
T:140,M73,PURCHASED_AT,2021-12-13T00:00:00,other,fee
startNode,endNode,relationship,time,appUsed,reason
T:141,M561,PURCHASED_AT,2020-03-27T00:00:00,Banking App,payment 
startNode,endNode,relationship,time,appUsed,reason
T:142,M523,PURCHASED_AT,2021-07-09T00:00:00,Banking App,In need of product
startNode,endNode,relationship,time,appUsed,reason
T:143,M203,PURCHASED_AT,2021-03-02T00:00:00,Phone Wallet,fee
startNode,endNode,relationship,time,appUsed,reason
T:144,M350,PURCHASED_AT,2025-08-17T00:00:00,Banking App,In need of product
startNode,endNode,relationship,time,appUsed,reason
T:145,M218,PURCHASED_AT,2024-03-15T00:00:00,Banking App,payment 
startNode,endNode,relationship,time,appUsed,reason
T:146,M435,PURCHASED_AT,2024-11-23T00:00:00,other,fee
startNode,endNode,relationship,time,appUsed,reason
T:147,M221,PURCHASED_AT,2025-10-04T00:00:00,Banking App,fee
startNode,endNode,relationship,time,appUsed,reason
T:148,M163,PURCHASED_AT,2025-04-05T00:00:00,Phone Wallet,fee
startNode,endNode,relationship,time,appUsed,reason
T:149,M542,PURCHASED_AT,2020-07-02T00:00:00,Phone Wallet,In need of product
startNode,endNode,relationship,time,appUsed,reason
T:150,M600,PURCHASED_AT,2023-06-10T00:00:00,other,In need of product
startNode,endNode,relationship,time,appUsed,reason
T:151,M334,PURCHASED_AT,2024-11-06T00:00:00,other,sale
startNode,endNode,relationship,time,appUsed,reason
T:152,M587,PURCHASED_AT,2025-07-06T00:00:00,other,In need of product
startNode,endNode,relationship,time,appUsed,reason
T:153,M412,PURCHASED_AT,2024-06-06T00:00:00,Phone Wallet,sale
startNode,endNode,relationship,time,appUsed,reason
T:154,M415,PURCHASED_AT,2023-08-31T00:00:00,Banking App,payment 
startNode,endNode,relationship,time,appUsed,reason
T:155,M89,PURCHASED_AT,2024-01-23T00:00:00,Phone Wallet,sale
startNode,endNode,relationship,time,appUsed,reason
T:156,M384,PURCHASED_AT,2025-11-25T00:00:00,Banking App,payment 
startNode,endNode,relationship,time,appUsed,reason
T:157,M28,PURCHASED_AT,2021-02-23T00:00:00,Phone Wallet,In need of product
startNode,endNode,relationship,time,appUsed,reason
T:158,M421,PURCHASED_AT,2024-08-16T00:00:00,other,fee
startNode,endNode,relationship,time,appUsed,reason
T:159,M358,PURCHASED_AT,2024-08-25T00:00:00,Phone Wallet,payment 
startNode,endNode,relationship,time,appUsed,reason
T:160,M122,PURCHASED_AT,2022-03-16T00:00:00,other,In need of product
startNode,endNode,relationship,time,appUsed,reason
T:161,M144,PURCHASED_AT,2020-01-28T00:00:00,Phone Wallet,payment 
startNode,endNode,relationship,time,appUsed,reason
T:162,M190,PURCHASED_AT,2022-01-22T00:00:00,Phone Wallet,payment 
startNode,endNode,relationship,time,appUsed,reason
T:163,M150,PURCHASED_AT,2020-12-04T00:00:00,other,sale
startNode,endNode,relationship,time,appUsed,reason
T:164,M589,PURCHASED_AT,2025-09-30T00:00:00,Banking App,fee
startNode,endNode,relationship,time,appUsed,reason
T:165,M422,PURCHASED_AT,2025-02-08T00:00:00,Phone Wallet,payment 
startNode,endNode,relationship,time,appUsed,reason
T:166,M127,PURCHASED_AT,2025-10-20T00:00:00,other,In need of product
startNode,endNode,relationship,time,appUsed,reason
T:167,M237,PURCHASED_AT,2021-02-25T00:00:00,Banking App,fee
startNode,endNode,relationship,time,appUsed,reason
T:168,M524,PURCHASED_AT,2022-07-27T00:00:00,other,sale
startNode,endNode,relationship,time,appUsed,reason
T:169,M417,PURCHASED_AT,2023-10-31T00:00:00,Banking App,fee
startNode,endNode,relationship,time,appUsed,reason
T:170,M490,PURCHASED_AT,2023-03-18T00:00:00,Banking App,sale
startNode,endNode,relationship,time,appUsed,reason
T:171,M191,PURCHASED_AT,2022-12-11T00:00:00,other,In need of product
startNode,endNode,relationship,time,appUsed,reason
T:172,M5,PURCHASED_AT,2022-08-22T00:00:00,Banking App,payment 
startNode,endNode,relationship,time,appUsed,reason
T:173,M419,PURCHASED_AT,2025-12-03T00:00:00,Banking App,payment 
startNode,endNode,relationship,time,appUsed,reason
T:174,M232,PURCHASED_AT,2020-12-26T00:00:00,Banking App,In need of product
startNode,endNode,relationship,time,appUsed,reason
T:175,M484,PURCHASED_AT,2025-02-13T00:00:00,Phone Wallet,In need of product
startNode,endNode,relationship,time,appUsed,reason
T:176,M108,PURCHASED_AT,2022-09-25T00:00:00,Banking App,In need of product
startNode,endNode,relationship,time,appUsed,reason
T:177,M281,PURCHASED_AT,2020-06-03T00:00:00,Banking App,In need of product
startNode,endNode,relationship,time,appUsed,reason
T:178,M478,PURCHASED_AT,2023-11-01T00:00:00,Phone Wallet,fee
startNode,endNode,relationship,time,appUsed,reason
T:179,M491,PURCHASED_AT,2022-04-02T00:00:00,Phone Wallet,sale
startNode,endNode,relationship,time,appUsed,reason
T:180,M394,PURCHASED_AT,2024-02-23T00:00:00,Phone Wallet,sale
startNode,endNode,relationship,time,appUsed,reason
T:181,M59,PURCHASED_AT,2021-03-26T00:00:00,Phone Wallet,sale
startNode,endNode,relationship,time,appUsed,reason
T:182,M75,PURCHASED_AT,2021-12-22T00:00:00,Phone Wallet,In need of product
startNode,endNode,relationship,time,appUsed,reason
T:183,M107,PURCHASED_AT,2021-02-28T00:00:00,Phone Wallet,sale
startNode,endNode,relationship,time,appUsed,reason
T:184,M75,PURCHASED_AT,2022-06-29T00:00:00,other,sale
startNode,endNode,relationship,time,appUsed,reason
T:185,M148,PURCHASED_AT,2025-04-25T00:00:00,Banking App,sale
startNode,endNode,relationship,time,appUsed,reason
T:186,M456,PURCHASED_AT,2022-12-23T00:00:00,Phone Wallet,In need of product
startNode,endNode,relationship,time,appUsed,reason
T:187,M311,PURCHASED_AT,2022-10-17T00:00:00,Phone Wallet,payment 
startNode,endNode,relationship,time,appUsed,reason
T:188,M387,PURCHASED_AT,2021-03-15T00:00:00,Phone Wallet,In need of product
startNode,endNode,relationship,time,appUsed,reason
T:189,M236,PURCHASED_AT,2021-12-05T00:00:00,Banking App,fee
startNode,endNode,relationship,time,appUsed,reason
T:190,M475,PURCHASED_AT,2025-11-04T00:00:00,Banking App,In need of product
startNode,endNode,relationship,time,appUsed,reason
T:191,M1,PURCHASED_AT,2022-05-13T00:00:00,Phone Wallet,fee
startNode,endNode,relationship,time,appUsed,reason
T:192,M341,PURCHASED_AT,2020-09-21T00:00:00,Phone Wallet,sale
startNode,endNode,relationship,time,appUsed,reason
T:193,M78,PURCHASED_AT,2025-11-22T00:00:00,other,In need of product
startNode,endNode,relationship,time,appUsed,reason
T:194,M396,PURCHASED_AT,2024-01-22T00:00:00,other,payment 
startNode,endNode,relationship,time,appUsed,reason
T:195,M584,PURCHASED_AT,2024-03-20T00:00:00,Banking App,payment 
startNode,endNode,relationship,time,appUsed,reason
T:196,M411,PURCHASED_AT,2020-08-01T00:00:00,other,fee
startNode,endNode,relationship,time,appUsed,reason
T:197,M128,PURCHASED_AT,2020-08-02T00:00:00,Phone Wallet,sale
startNode,endNode,relationship,time,appUsed,reason
T:198,M102,PURCHASED_AT,2022-10-10T00:00:00,other,sale
startNode,endNode,relationship,time,appUsed,reason
T:199,M413,PURCHASED_AT,2024-06-12T00:00:00,other,In need of product
startNode,endNode,relationship,time,appUsed,reason
T:200,M92,PURCHASED_AT,2025-01-09T00:00:00,Banking App,payment 
startNode,endNode,relationship,time,appUsed,reason
T:201,M16,PURCHASED_AT,2023-05-17T00:00:00,Phone Wallet,sale
startNode,endNode,relationship,time,appUsed,reason
T:202,M54,PURCHASED_AT,2021-02-17T00:00:00,other,sale
startNode,endNode,relationship,time,appUsed,reason
T:203,M251,PURCHASED_AT,2020-04-05T00:00:00,Phone Wallet,payment 
startNode,endNode,relationship,time,appUsed,reason
T:204,M57,PURCHASED_AT,2025-05-25T00:00:00,Banking App,fee
startNode,endNode,relationship,time,appUsed,reason
T:205,M443,PURCHASED_AT,2021-04-11T00:00:00,Banking App,payment 
startNode,endNode,relationship,time,appUsed,reason
T:206,M296,PURCHASED_AT,2020-07-27T00:00:00,Phone Wallet,sale
startNode,endNode,relationship,time,appUsed,reason
T:207,M247,PURCHASED_AT,2025-11-01T00:00:00,Banking App,In need of product
startNode,endNode,relationship,time,appUsed,reason
T:208,M329,PURCHASED_AT,2025-03-16T00:00:00,other,payment 
startNode,endNode,relationship,time,appUsed,reason
T:209,M378,PURCHASED_AT,2022-05-10T00:00:00,Phone Wallet,fee
startNode,endNode,relationship,time,appUsed,reason
T:210,M435,PURCHASED_AT,2020-05-22T00:00:00,other,sale
startNode,endNode,relationship,time,appUsed,reason
T:211,M435,PURCHASED_AT,2025-06-21T00:00:00,Banking App,In need of product
startNode,endNode,relationship,time,appUsed,reason
T:212,M181,PURCHASED_AT,2021-06-17T00:00:00,other,payment 
startNode,endNode,relationship,time,appUsed,reason
T:213,M50,PURCHASED_AT,2024-08-08T00:00:00,Phone Wallet,payment 
startNode,endNode,relationship,time,appUsed,reason
T:214,M112,PURCHASED_AT,2022-02-21T00:00:00,Banking App,sale
startNode,endNode,relationship,time,appUsed,reason
T:215,M415,PURCHASED_AT,2024-06-14T00:00:00,Phone Wallet,In need of product
startNode,endNode,relationship,time,appUsed,reason
T:216,M561,PURCHASED_AT,2020-03-11T00:00:00,Banking App,fee
startNode,endNode,relationship,time,appUsed,reason
T:217,M78,PURCHASED_AT,2020-12-25T00:00:00,Phone Wallet,payment 
startNode,endNode,relationship,time,appUsed,reason
T:218,M108,PURCHASED_AT,2024-05-23T00:00:00,Banking App,payment 
startNode,endNode,relationship,time,appUsed,reason
T:219,M355,PURCHASED_AT,2024-01-17T00:00:00,Phone Wallet,sale
startNode,endNode,relationship,time,appUsed,reason
T:220,M204,PURCHASED_AT,2025-07-26T00:00:00,Phone Wallet,In need of product
startNode,endNode,relationship,time,appUsed,reason
T:221,M292,PURCHASED_AT,2021-11-05T00:00:00,Banking App,payment 
startNode,endNode,relationship,time,appUsed,reason
T:222,M217,PURCHASED_AT,2021-09-15T00:00:00,Phone Wallet,payment 
startNode,endNode,relationship,time,appUsed,reason
T:223,M235,PURCHASED_AT,2021-02-02T00:00:00,Banking App,payment 
startNode,endNode,relationship,time,appUsed,reason
T:224,M546,PURCHASED_AT,2021-12-18T00:00:00,Phone Wallet,In need of product
startNode,endNode,relationship,time,appUsed,reason
T:225,M115,PURCHASED_AT,2024-04-30T00:00:00,Banking App,payment 
startNode,endNode,relationship,time,appUsed,reason
T:226,M93,PURCHASED_AT,2025-05-24T00:00:00,other,payment 
startNode,endNode,relationship,time,appUsed,reason
T:227,M84,PURCHASED_AT,2025-06-12T00:00:00,Banking App,sale
startNode,endNode,relationship,time,appUsed,reason
T:228,M285,PURCHASED_AT,2024-02-08T00:00:00,Banking App,In need of product
startNode,endNode,relationship,time,appUsed,reason
T:229,M184,PURCHASED_AT,2024-08-19T00:00:00,other,fee
startNode,endNode,relationship,time,appUsed,reason
T:230,M21,PURCHASED_AT,2025-11-21T00:00:00,Phone Wallet,sale
startNode,endNode,relationship,time,appUsed,reason
T:231,M433,PURCHASED_AT,2021-05-23T00:00:00,Phone Wallet,sale
startNode,endNode,relationship,time,appUsed,reason
T:232,M258,PURCHASED_AT,2022-06-17T00:00:00,Banking App,fee
startNode,endNode,relationship,time,appUsed,reason
T:233,M372,PURCHASED_AT,2022-09-29T00:00:00,Phone Wallet,fee
startNode,endNode,relationship,time,appUsed,reason
T:234,M306,PURCHASED_AT,2021-03-29T00:00:00,other,fee
startNode,endNode,relationship,time,appUsed,reason
T:235,M18,PURCHASED_AT,2024-08-02T00:00:00,Phone Wallet,payment 
startNode,endNode,relationship,time,appUsed,reason
T:236,M33,PURCHASED_AT,2025-08-15T00:00:00,Banking App,payment 
startNode,endNode,relationship,time,appUsed,reason
T:237,M545,PURCHASED_AT,2023-11-03T00:00:00,Phone Wallet,sale
startNode,endNode,relationship,time,appUsed,reason
T:238,M190,PURCHASED_AT,2020-11-15T00:00:00,Banking App,In need of product
startNode,endNode,relationship,time,appUsed,reason
T:239,M236,PURCHASED_AT,2023-12-28T00:00:00,other,payment 
startNode,endNode,relationship,time,appUsed,reason
T:240,M152,PURCHASED_AT,2021-01-26T00:00:00,Banking App,fee
startNode,endNode,relationship,time,appUsed,reason
T:241,M364,PURCHASED_AT,2021-08-01T00:00:00,Phone Wallet,payment 
startNode,endNode,relationship,time,appUsed,reason
T:242,M216,PURCHASED_AT,2024-12-12T00:00:00,Phone Wallet,fee
startNode,endNode,relationship,time,appUsed,reason
T:243,M30,PURCHASED_AT,2025-12-31T00:00:00,Phone Wallet,In need of product
startNode,endNode,relationship,time,appUsed,reason
T:244,M347,PURCHASED_AT,2021-03-06T00:00:00,Banking App,sale
startNode,endNode,relationship,time,appUsed,reason
T:245,M70,PURCHASED_AT,2025-09-18T00:00:00,Banking App,sale
startNode,endNode,relationship,time,appUsed,reason
T:246,M60,PURCHASED_AT,2025-12-17T00:00:00,Phone Wallet,payment 
startNode,endNode,relationship,time,appUsed,reason
T:247,M128,PURCHASED_AT,2025-05-08T00:00:00,other,In need of product
startNode,endNode,relationship,time,appUsed,reason
T:248,M376,PURCHASED_AT,2025-12-27T00:00:00,Banking App,payment 
startNode,endNode,relationship,time,appUsed,reason
T:249,M520,PURCHASED_AT,2023-08-04T00:00:00,Phone Wallet,In need of product
startNode,endNode,relationship,time,appUsed,reason
T:250,M59,PURCHASED_AT,2021-09-03T00:00:00,Phone Wallet,sale
startNode,endNode,relationship,time,appUsed,reason
T:251,M426,PURCHASED_AT,2020-05-16T00:00:00,Phone Wallet,In need of product
startNode,endNode,relationship,time,appUsed,reason
T:252,M552,PURCHASED_AT,2023-08-07T00:00:00,Phone Wallet,In need of product
startNode,endNode,relationship,time,appUsed,reason
T:253,M239,PURCHASED_AT,2024-11-16T00:00:00,Phone Wallet,In need of product
startNode,endNode,relationship,time,appUsed,reason
T:254,M268,PURCHASED_AT,2020-11-01T00:00:00,Banking App,payment 
startNode,endNode,relationship,time,appUsed,reason
T:255,M264,PURCHASED_AT,2022-01-21T00:00:00,other,sale
startNode,endNode,relationship,time,appUsed,reason
T:256,M33,PURCHASED_AT,2022-01-15T00:00:00,Phone Wallet,fee
startNode,endNode,relationship,time,appUsed,reason
T:257,M295,PURCHASED_AT,2023-05-07T00:00:00,Banking App,In need of product
startNode,endNode,relationship,time,appUsed,reason
T:258,M389,PURCHASED_AT,2021-12-30T00:00:00,other,payment 
startNode,endNode,relationship,time,appUsed,reason
T:259,M118,PURCHASED_AT,2023-01-21T00:00:00,Phone Wallet,fee
startNode,endNode,relationship,time,appUsed,reason
T:260,M314,PURCHASED_AT,2024-11-01T00:00:00,other,sale
startNode,endNode,relationship,time,appUsed,reason
T:261,M291,PURCHASED_AT,2020-12-15T00:00:00,Banking App,sale
startNode,endNode,relationship,time,appUsed,reason
T:262,M452,PURCHASED_AT,2022-03-23T00:00:00,other,In need of product
startNode,endNode,relationship,time,appUsed,reason
T:263,M484,PURCHASED_AT,2025-08-10T00:00:00,Phone Wallet,fee
startNode,endNode,relationship,time,appUsed,reason
T:264,M343,PURCHASED_AT,2021-05-20T00:00:00,Banking App,sale
startNode,endNode,relationship,time,appUsed,reason
T:265,M546,PURCHASED_AT,2023-08-15T00:00:00,Phone Wallet,payment 
startNode,endNode,relationship,time,appUsed,reason
T:266,M558,PURCHASED_AT,2024-12-10T00:00:00,Banking App,payment 
startNode,endNode,relationship,time,appUsed,reason
T:267,M74,PURCHASED_AT,2025-06-14T00:00:00,Phone Wallet,In need of product
startNode,endNode,relationship,time,appUsed,reason
T:268,M504,PURCHASED_AT,2025-05-17T00:00:00,other,fee
startNode,endNode,relationship,time,appUsed,reason
T:269,M239,PURCHASED_AT,2024-01-16T00:00:00,Phone Wallet,sale
startNode,endNode,relationship,time,appUsed,reason
T:270,M94,PURCHASED_AT,2024-06-05T00:00:00,Banking App,payment 
startNode,endNode,relationship,time,appUsed,reason
T:271,M453,PURCHASED_AT,2020-04-29T00:00:00,other,sale
startNode,endNode,relationship,time,appUsed,reason
T:272,M370,PURCHASED_AT,2024-12-08T00:00:00,other,sale
startNode,endNode,relationship,time,appUsed,reason
T:273,M88,PURCHASED_AT,2021-08-23T00:00:00,other,sale
startNode,endNode,relationship,time,appUsed,reason
T:274,M129,PURCHASED_AT,2022-02-08T00:00:00,other,In need of product
startNode,endNode,relationship,time,appUsed,reason
T:275,M115,PURCHASED_AT,2020-12-04T00:00:00,other,In need of product
startNode,endNode,relationship,time,appUsed,reason
T:276,M387,PURCHASED_AT,2020-01-27T00:00:00,Banking App,In need of product
startNode,endNode,relationship,time,appUsed,reason
T:277,M313,PURCHASED_AT,2023-02-05T00:00:00,Banking App,fee
startNode,endNode,relationship,time,appUsed,reason
T:278,M306,PURCHASED_AT,2023-11-16T00:00:00,other,In need of product
startNode,endNode,relationship,time,appUsed,reason
T:279,M491,PURCHASED_AT,2025-11-26T00:00:00,Banking App,sale
startNode,endNode,relationship,time,appUsed,reason
T:280,M40,PURCHASED_AT,2025-03-10T00:00:00,other,payment 
startNode,endNode,relationship,time,appUsed,reason
T:281,M304,PURCHASED_AT,2024-01-04T00:00:00,Banking App,In need of product
startNode,endNode,relationship,time,appUsed,reason
T:282,M91,PURCHASED_AT,2024-12-08T00:00:00,Banking App,fee
startNode,endNode,relationship,time,appUsed,reason
T:283,M418,PURCHASED_AT,2021-02-03T00:00:00,Banking App,In need of product
startNode,endNode,relationship,time,appUsed,reason
T:284,M484,PURCHASED_AT,2021-02-22T00:00:00,other,sale
startNode,endNode,relationship,time,appUsed,reason
T:285,M502,PURCHASED_AT,2024-06-15T00:00:00,Phone Wallet,fee
startNode,endNode,relationship,time,appUsed,reason
T:286,M573,PURCHASED_AT,2024-01-16T00:00:00,Phone Wallet,payment 
startNode,endNode,relationship,time,appUsed,reason
T:287,M498,PURCHASED_AT,2023-09-28T00:00:00,Banking App,fee
startNode,endNode,relationship,time,appUsed,reason
T:288,M483,PURCHASED_AT,2023-06-26T00:00:00,Phone Wallet,sale
startNode,endNode,relationship,time,appUsed,reason
T:289,M520,PURCHASED_AT,2021-09-02T00:00:00,other,payment 
startNode,endNode,relationship,time,appUsed,reason
T:290,M524,PURCHASED_AT,2022-11-21T00:00:00,Banking App,sale
startNode,endNode,relationship,time,appUsed,reason
T:291,M134,PURCHASED_AT,2025-11-06T00:00:00,Banking App,sale
startNode,endNode,relationship,time,appUsed,reason
T:292,M512,PURCHASED_AT,2021-12-13T00:00:00,Banking App,In need of product
startNode,endNode,relationship,time,appUsed,reason
T:293,M417,PURCHASED_AT,2020-01-13T00:00:00,Banking App,fee
startNode,endNode,relationship,time,appUsed,reason
T:294,M197,PURCHASED_AT,2024-10-11T00:00:00,other,In need of product
startNode,endNode,relationship,time,appUsed,reason
T:295,M205,PURCHASED_AT,2020-03-24T00:00:00,Phone Wallet,sale
startNode,endNode,relationship,time,appUsed,reason
T:296,M1,PURCHASED_AT,2020-09-20T00:00:00,Phone Wallet,In need of product
startNode,endNode,relationship,time,appUsed,reason
T:297,M208,PURCHASED_AT,2023-12-26T00:00:00,Phone Wallet,fee
startNode,endNode,relationship,time,appUsed,reason
T:298,M168,PURCHASED_AT,2022-01-04T00:00:00,Phone Wallet,sale
startNode,endNode,relationship,time,appUsed,reason
T:299,M587,PURCHASED_AT,2020-10-06T00:00:00,Phone Wallet,payment 
startNode,endNode,relationship,time,appUsed,reason
T:300,M355,PURCHASED_AT,2020-06-06T00:00:00,Phone Wallet,sale
startNode,endNode,relationship,time,appUsed,reason
T:301,M95,PURCHASED_AT,2020-03-13T00:00:00,other,fee
startNode,endNode,relationship,time,appUsed,reason
T:302,M444,PURCHASED_AT,2025-02-24T00:00:00,Banking App,payment 
startNode,endNode,relationship,time,appUsed,reason
T:303,M132,PURCHASED_AT,2023-08-05T00:00:00,Banking App,sale
startNode,endNode,relationship,time,appUsed,reason
T:304,M199,PURCHASED_AT,2023-07-29T00:00:00,other,In need of product
startNode,endNode,relationship,time,appUsed,reason
T:305,M504,PURCHASED_AT,2022-05-07T00:00:00,Phone Wallet,In need of product
startNode,endNode,relationship,time,appUsed,reason
T:306,M71,PURCHASED_AT,2023-08-24T00:00:00,Phone Wallet,payment 
startNode,endNode,relationship,time,appUsed,reason
T:307,M441,PURCHASED_AT,2022-07-01T00:00:00,other,In need of product
startNode,endNode,relationship,time,appUsed,reason
T:308,M16,PURCHASED_AT,2024-09-05T00:00:00,Banking App,sale
startNode,endNode,relationship,time,appUsed,reason
T:309,M75,PURCHASED_AT,2025-12-15T00:00:00,Phone Wallet,payment 
startNode,endNode,relationship,time,appUsed,reason
T:310,M1,PURCHASED_AT,2022-05-17T00:00:00,other,payment 
startNode,endNode,relationship,time,appUsed,reason
T:311,M467,PURCHASED_AT,2021-11-17T00:00:00,Banking App,fee
startNode,endNode,relationship,time,appUsed,reason
T:312,M7,PURCHASED_AT,2022-03-17T00:00:00,Phone Wallet,sale
startNode,endNode,relationship,time,appUsed,reason
T:313,M464,PURCHASED_AT,2020-07-22T00:00:00,Banking App,fee
startNode,endNode,relationship,time,appUsed,reason
T:314,M593,PURCHASED_AT,2020-07-16T00:00:00,other,fee
startNode,endNode,relationship,time,appUsed,reason
T:315,M263,PURCHASED_AT,2022-07-25T00:00:00,Phone Wallet,payment 
startNode,endNode,relationship,time,appUsed,reason
T:316,M268,PURCHASED_AT,2023-10-19T00:00:00,other,sale
startNode,endNode,relationship,time,appUsed,reason
T:317,M265,PURCHASED_AT,2020-11-20T00:00:00,Phone Wallet,In need of product
startNode,endNode,relationship,time,appUsed,reason
T:318,M398,PURCHASED_AT,2022-01-23T00:00:00,other,payment 
startNode,endNode,relationship,time,appUsed,reason
T:319,M53,PURCHASED_AT,2022-12-03T00:00:00,Phone Wallet,payment 
startNode,endNode,relationship,time,appUsed,reason
T:320,M155,PURCHASED_AT,2022-08-17T00:00:00,other,In need of product
startNode,endNode,relationship,time,appUsed,reason
T:321,M435,PURCHASED_AT,2025-11-06T00:00:00,other,payment 
startNode,endNode,relationship,time,appUsed,reason
T:322,M325,PURCHASED_AT,2020-04-06T00:00:00,Phone Wallet,payment 
startNode,endNode,relationship,time,appUsed,reason
T:323,M259,PURCHASED_AT,2021-10-14T00:00:00,Banking App,fee
startNode,endNode,relationship,time,appUsed,reason
T:324,M373,PURCHASED_AT,2022-02-24T00:00:00,Phone Wallet,sale
startNode,endNode,relationship,time,appUsed,reason
T:325,M409,PURCHASED_AT,2025-01-12T00:00:00,Banking App,payment 
startNode,endNode,relationship,time,appUsed,reason
T:326,M205,PURCHASED_AT,2020-02-22T00:00:00,Banking App,fee
startNode,endNode,relationship,time,appUsed,reason
T:327,M291,PURCHASED_AT,2024-06-12T00:00:00,other,fee
startNode,endNode,relationship,time,appUsed,reason
T:328,M116,PURCHASED_AT,2024-10-09T00:00:00,Phone Wallet,fee
startNode,endNode,relationship,time,appUsed,reason
T:329,M39,PURCHASED_AT,2021-08-05T00:00:00,Phone Wallet,In need of product
startNode,endNode,relationship,time,appUsed,reason
T:330,M3,PURCHASED_AT,2023-01-06T00:00:00,other,sale
startNode,endNode,relationship,time,appUsed,reason
T:331,M507,PURCHASED_AT,2025-06-23T00:00:00,Phone Wallet,payment 
startNode,endNode,relationship,time,appUsed,reason
T:332,M175,PURCHASED_AT,2022-02-22T00:00:00,Banking App,In need of product
startNode,endNode,relationship,time,appUsed,reason
T:333,M327,PURCHASED_AT,2021-01-18T00:00:00,Banking App,fee
startNode,endNode,relationship,time,appUsed,reason
T:334,M506,PURCHASED_AT,2022-05-09T00:00:00,Phone Wallet,sale
startNode,endNode,relationship,time,appUsed,reason
T:335,M299,PURCHASED_AT,2022-01-28T00:00:00,Phone Wallet,payment 
startNode,endNode,relationship,time,appUsed,reason
T:336,M364,PURCHASED_AT,2021-12-08T00:00:00,Phone Wallet,In need of product
startNode,endNode,relationship,time,appUsed,reason
T:337,M128,PURCHASED_AT,2024-06-25T00:00:00,other,fee
startNode,endNode,relationship,time,appUsed,reason
T:338,M92,PURCHASED_AT,2022-08-03T00:00:00,Banking App,payment 
startNode,endNode,relationship,time,appUsed,reason
T:339,M135,PURCHASED_AT,2020-07-15T00:00:00,other,payment 
startNode,endNode,relationship,time,appUsed,reason
T:340,M117,PURCHASED_AT,2023-04-02T00:00:00,other,payment 
startNode,endNode,relationship,time,appUsed,reason
T:341,M153,PURCHASED_AT,2024-12-28T00:00:00,Phone Wallet,sale
startNode,endNode,relationship,time,appUsed,reason
T:342,M309,PURCHASED_AT,2020-04-21T00:00:00,Banking App,payment 
startNode,endNode,relationship,time,appUsed,reason
T:343,M452,PURCHASED_AT,2020-03-20T00:00:00,Phone Wallet,payment 
startNode,endNode,relationship,time,appUsed,reason
T:344,M136,PURCHASED_AT,2024-11-29T00:00:00,Banking App,payment 
startNode,endNode,relationship,time,appUsed,reason
T:345,M154,PURCHASED_AT,2020-02-08T00:00:00,other,In need of product
startNode,endNode,relationship,time,appUsed,reason
T:346,M439,PURCHASED_AT,2022-09-12T00:00:00,Phone Wallet,sale
startNode,endNode,relationship,time,appUsed,reason
T:347,M444,PURCHASED_AT,2025-01-25T00:00:00,Banking App,sale
startNode,endNode,relationship,time,appUsed,reason
T:348,M81,PURCHASED_AT,2025-08-28T00:00:00,other,fee
startNode,endNode,relationship,time,appUsed,reason
T:349,M225,PURCHASED_AT,2025-11-02T00:00:00,Phone Wallet,sale
startNode,endNode,relationship,time,appUsed,reason
T:350,M382,PURCHASED_AT,2020-07-26T00:00:00,Phone Wallet,payment 
startNode,endNode,relationship,time,appUsed,reason
T:351,M83,PURCHASED_AT,2020-02-09T00:00:00,Banking App,payment 
startNode,endNode,relationship,time,appUsed,reason
T:352,M530,PURCHASED_AT,2022-03-31T00:00:00,other,payment 
startNode,endNode,relationship,time,appUsed,reason
T:353,M552,PURCHASED_AT,2025-05-17T00:00:00,Phone Wallet,fee
startNode,endNode,relationship,time,appUsed,reason
T:354,M375,PURCHASED_AT,2021-11-09T00:00:00,Banking App,payment 
startNode,endNode,relationship,time,appUsed,reason
T:355,M17,PURCHASED_AT,2025-12-21T00:00:00,Phone Wallet,fee
startNode,endNode,relationship,time,appUsed,reason
T:356,M462,PURCHASED_AT,2024-08-29T00:00:00,other,sale
startNode,endNode,relationship,time,appUsed,reason
T:357,M87,PURCHASED_AT,2022-08-03T00:00:00,Phone Wallet,sale
startNode,endNode,relationship,time,appUsed,reason
T:358,M149,PURCHASED_AT,2020-07-21T00:00:00,other,payment 
startNode,endNode,relationship,time,appUsed,reason
T:359,M191,PURCHASED_AT,2024-03-12T00:00:00,Banking App,fee
startNode,endNode,relationship,time,appUsed,reason
T:360,M49,PURCHASED_AT,2025-06-03T00:00:00,Phone Wallet,payment 
startNode,endNode,relationship,time,appUsed,reason
T:361,M583,PURCHASED_AT,2023-12-20T00:00:00,other,fee
startNode,endNode,relationship,time,appUsed,reason
T:362,M262,PURCHASED_AT,2023-04-07T00:00:00,other,payment 
startNode,endNode,relationship,time,appUsed,reason
T:363,M11,PURCHASED_AT,2020-11-23T00:00:00,Banking App,In need of product
startNode,endNode,relationship,time,appUsed,reason
T:364,M28,PURCHASED_AT,2023-04-02T00:00:00,Phone Wallet,In need of product
startNode,endNode,relationship,time,appUsed,reason
T:365,M249,PURCHASED_AT,2021-05-11T00:00:00,other,In need of product
startNode,endNode,relationship,time,appUsed,reason
T:366,M517,PURCHASED_AT,2022-05-02T00:00:00,Banking App,In need of product
startNode,endNode,relationship,time,appUsed,reason
T:367,M468,PURCHASED_AT,2020-06-15T00:00:00,other,In need of product
startNode,endNode,relationship,time,appUsed,reason
T:368,M203,PURCHASED_AT,2022-11-03T00:00:00,Phone Wallet,In need of product
startNode,endNode,relationship,time,appUsed,reason
T:369,M232,PURCHASED_AT,2025-04-07T00:00:00,Banking App,payment 
startNode,endNode,relationship,time,appUsed,reason
T:370,M304,PURCHASED_AT,2025-10-15T00:00:00,other,fee
startNode,endNode,relationship,time,appUsed,reason
T:371,M456,PURCHASED_AT,2020-01-31T00:00:00,Phone Wallet,sale
startNode,endNode,relationship,time,appUsed,reason
T:372,M278,PURCHASED_AT,2020-05-10T00:00:00,Banking App,fee
startNode,endNode,relationship,time,appUsed,reason
T:373,M201,PURCHASED_AT,2022-06-10T00:00:00,Phone Wallet,sale
startNode,endNode,relationship,time,appUsed,reason
T:374,M330,PURCHASED_AT,2025-01-02T00:00:00,Banking App,sale
startNode,endNode,relationship,time,appUsed,reason
T:375,M574,PURCHASED_AT,2020-06-02T00:00:00,other,In need of product
startNode,endNode,relationship,time,appUsed,reason
T:376,M16,PURCHASED_AT,2024-04-13T00:00:00,Phone Wallet,payment 
startNode,endNode,relationship,time,appUsed,reason
T:377,M488,PURCHASED_AT,2023-07-04T00:00:00,Phone Wallet,sale
startNode,endNode,relationship,time,appUsed,reason
T:378,M197,PURCHASED_AT,2021-01-25T00:00:00,Phone Wallet,fee
startNode,endNode,relationship,time,appUsed,reason
T:379,M428,PURCHASED_AT,2022-01-08T00:00:00,other,In need of product
startNode,endNode,relationship,time,appUsed,reason
T:380,M100,PURCHASED_AT,2021-05-29T00:00:00,other,In need of product
startNode,endNode,relationship,time,appUsed,reason
T:381,M400,PURCHASED_AT,2021-06-25T00:00:00,other,In need of product
startNode,endNode,relationship,time,appUsed,reason
T:382,M17,PURCHASED_AT,2022-10-04T00:00:00,Banking App,In need of product
startNode,endNode,relationship,time,appUsed,reason
T:383,M291,PURCHASED_AT,2024-10-15T00:00:00,Phone Wallet,sale
startNode,endNode,relationship,time,appUsed,reason
T:384,M172,PURCHASED_AT,2020-10-19T00:00:00,Phone Wallet,fee
startNode,endNode,relationship,time,appUsed,reason
T:385,M156,PURCHASED_AT,2024-02-27T00:00:00,Phone Wallet,sale
startNode,endNode,relationship,time,appUsed,reason
T:386,M341,PURCHASED_AT,2021-04-03T00:00:00,other,In need of product
startNode,endNode,relationship,time,appUsed,reason
T:387,M211,PURCHASED_AT,2024-03-29T00:00:00,Phone Wallet,payment 
startNode,endNode,relationship,time,appUsed,reason
T:388,M292,PURCHASED_AT,2021-04-05T00:00:00,Banking App,payment 
startNode,endNode,relationship,time,appUsed,reason
T:389,M296,PURCHASED_AT,2023-09-19T00:00:00,other,fee
startNode,endNode,relationship,time,appUsed,reason
T:390,M593,PURCHASED_AT,2021-12-10T00:00:00,Banking App,In need of product
startNode,endNode,relationship,time,appUsed,reason
T:391,M115,PURCHASED_AT,2021-07-27T00:00:00,other,In need of product
startNode,endNode,relationship,time,appUsed,reason
T:392,M450,PURCHASED_AT,2025-05-21T00:00:00,other,payment 
startNode,endNode,relationship,time,appUsed,reason
T:393,M569,PURCHASED_AT,2023-04-27T00:00:00,Banking App,In need of product
startNode,endNode,relationship,time,appUsed,reason
T:394,M35,PURCHASED_AT,2022-10-10T00:00:00,Banking App,sale
startNode,endNode,relationship,time,appUsed,reason
T:395,M468,PURCHASED_AT,2025-12-16T00:00:00,Phone Wallet,sale
startNode,endNode,relationship,time,appUsed,reason
T:396,M290,PURCHASED_AT,2021-08-23T00:00:00,Banking App,sale
startNode,endNode,relationship,time,appUsed,reason
T:397,M250,PURCHASED_AT,2022-03-05T00:00:00,Phone Wallet,fee
startNode,endNode,relationship,time,appUsed,reason
T:398,M69,PURCHASED_AT,2021-03-14T00:00:00,Phone Wallet,fee
startNode,endNode,relationship,time,appUsed,reason
T:399,M239,PURCHASED_AT,2025-08-19T00:00:00,Banking App,In need of product
startNode,endNode,relationship,time,appUsed,reason
T:400,M548,PURCHASED_AT,2025-12-04T00:00:00,Banking App,In need of product
startNode,endNode,relationship,time,appUsed,reason
T:401,M56,PURCHASED_AT,2022-11-01T00:00:00,Banking App,payment 
startNode,endNode,relationship,time,appUsed,reason
T:402,M368,PURCHASED_AT,2022-06-06T00:00:00,Banking App,payment 
startNode,endNode,relationship,time,appUsed,reason
T:403,M91,PURCHASED_AT,2020-04-11T00:00:00,other,In need of product
startNode,endNode,relationship,time,appUsed,reason
T:404,M273,PURCHASED_AT,2023-10-09T00:00:00,other,payment 
startNode,endNode,relationship,time,appUsed,reason
T:405,M440,PURCHASED_AT,2022-07-22T00:00:00,Banking App,sale
startNode,endNode,relationship,time,appUsed,reason
T:406,M498,PURCHASED_AT,2023-10-20T00:00:00,Phone Wallet,payment 
startNode,endNode,relationship,time,appUsed,reason
T:407,M184,PURCHASED_AT,2023-07-03T00:00:00,other,sale
startNode,endNode,relationship,time,appUsed,reason
T:408,M381,PURCHASED_AT,2023-05-03T00:00:00,Banking App,payment 
startNode,endNode,relationship,time,appUsed,reason
T:409,M343,PURCHASED_AT,2024-04-01T00:00:00,Banking App,In need of product
startNode,endNode,relationship,time,appUsed,reason
T:410,M282,PURCHASED_AT,2025-02-05T00:00:00,other,payment 
startNode,endNode,relationship,time,appUsed,reason
T:411,M245,PURCHASED_AT,2022-03-25T00:00:00,Banking App,payment 
startNode,endNode,relationship,time,appUsed,reason
T:412,M515,PURCHASED_AT,2021-01-12T00:00:00,Phone Wallet,sale
startNode,endNode,relationship,time,appUsed,reason
T:413,M40,PURCHASED_AT,2024-04-12T00:00:00,Banking App,In need of product
startNode,endNode,relationship,time,appUsed,reason
T:414,M78,PURCHASED_AT,2025-12-02T00:00:00,other,In need of product
startNode,endNode,relationship,time,appUsed,reason
T:415,M235,PURCHASED_AT,2020-06-24T00:00:00,other,sale
startNode,endNode,relationship,time,appUsed,reason
T:416,M251,PURCHASED_AT,2025-04-01T00:00:00,Banking App,payment 
startNode,endNode,relationship,time,appUsed,reason
T:417,M414,PURCHASED_AT,2021-09-21T00:00:00,Banking App,fee
startNode,endNode,relationship,time,appUsed,reason
T:418,M67,PURCHASED_AT,2020-04-30T00:00:00,Banking App,payment 
startNode,endNode,relationship,time,appUsed,reason
T:419,M91,PURCHASED_AT,2023-01-16T00:00:00,Banking App,sale
startNode,endNode,relationship,time,appUsed,reason
T:420,M90,PURCHASED_AT,2025-11-12T00:00:00,Banking App,In need of product
startNode,endNode,relationship,time,appUsed,reason
T:421,M567,PURCHASED_AT,2024-04-09T00:00:00,Banking App,payment 
startNode,endNode,relationship,time,appUsed,reason
T:422,M461,PURCHASED_AT,2021-02-11T00:00:00,other,fee
startNode,endNode,relationship,time,appUsed,reason
T:423,M564,PURCHASED_AT,2025-06-26T00:00:00,other,payment 
startNode,endNode,relationship,time,appUsed,reason
T:424,M558,PURCHASED_AT,2022-07-05T00:00:00,other,sale
startNode,endNode,relationship,time,appUsed,reason
T:425,M102,PURCHASED_AT,2023-06-26T00:00:00,Banking App,fee
startNode,endNode,relationship,time,appUsed,reason
T:426,M122,PURCHASED_AT,2020-12-15T00:00:00,Banking App,fee
startNode,endNode,relationship,time,appUsed,reason
T:427,M496,PURCHASED_AT,2020-06-07T00:00:00,Phone Wallet,payment 
startNode,endNode,relationship,time,appUsed,reason
T:428,M159,PURCHASED_AT,2024-10-25T00:00:00,Banking App,fee
startNode,endNode,relationship,time,appUsed,reason
T:429,M251,PURCHASED_AT,2022-03-24T00:00:00,Phone Wallet,payment 
startNode,endNode,relationship,time,appUsed,reason
T:430,M371,PURCHASED_AT,2022-01-02T00:00:00,Phone Wallet,fee
startNode,endNode,relationship,time,appUsed,reason
T:431,M302,PURCHASED_AT,2024-10-06T00:00:00,Banking App,fee
startNode,endNode,relationship,time,appUsed,reason
T:432,M264,PURCHASED_AT,2025-02-02T00:00:00,Phone Wallet,fee
startNode,endNode,relationship,time,appUsed,reason
T:433,M313,PURCHASED_AT,2023-12-20T00:00:00,other,In need of product
startNode,endNode,relationship,time,appUsed,reason
T:434,M313,PURCHASED_AT,2024-11-09T00:00:00,Banking App,payment 
startNode,endNode,relationship,time,appUsed,reason
T:435,M151,PURCHASED_AT,2022-07-10T00:00:00,Phone Wallet,In need of product
startNode,endNode,relationship,time,appUsed,reason
T:436,M42,PURCHASED_AT,2025-08-07T00:00:00,Phone Wallet,sale
startNode,endNode,relationship,time,appUsed,reason
T:437,M383,PURCHASED_AT,2024-10-04T00:00:00,Banking App,fee
startNode,endNode,relationship,time,appUsed,reason
T:438,M180,PURCHASED_AT,2024-02-12T00:00:00,other,fee
startNode,endNode,relationship,time,appUsed,reason
T:439,M147,PURCHASED_AT,2020-01-05T00:00:00,Phone Wallet,payment 
startNode,endNode,relationship,time,appUsed,reason
T:440,M1,PURCHASED_AT,2023-03-31T00:00:00,Banking App,payment 
startNode,endNode,relationship,time,appUsed,reason
T:441,M123,PURCHASED_AT,2022-08-14T00:00:00,other,sale
startNode,endNode,relationship,time,appUsed,reason
T:442,M458,PURCHASED_AT,2022-06-19T00:00:00,other,sale
startNode,endNode,relationship,time,appUsed,reason
T:443,M425,PURCHASED_AT,2024-03-04T00:00:00,Banking App,fee
startNode,endNode,relationship,time,appUsed,reason
T:444,M403,PURCHASED_AT,2023-03-20T00:00:00,other,fee
startNode,endNode,relationship,time,appUsed,reason
T:445,M487,PURCHASED_AT,2020-01-29T00:00:00,other,fee
startNode,endNode,relationship,time,appUsed,reason
T:446,M557,PURCHASED_AT,2025-03-02T00:00:00,Phone Wallet,payment 
startNode,endNode,relationship,time,appUsed,reason
T:447,M95,PURCHASED_AT,2022-09-09T00:00:00,Banking App,fee
startNode,endNode,relationship,time,appUsed,reason
T:448,M48,PURCHASED_AT,2022-05-04T00:00:00,other,In need of product
startNode,endNode,relationship,time,appUsed,reason
T:449,M167,PURCHASED_AT,2020-07-08T00:00:00,Phone Wallet,payment 
startNode,endNode,relationship,time,appUsed,reason
T:450,M175,PURCHASED_AT,2023-04-08T00:00:00,Phone Wallet,In need of product
startNode,endNode,relationship,time,appUsed,reason
T:451,M50,PURCHASED_AT,2024-12-15T00:00:00,other,In need of product
startNode,endNode,relationship,time,appUsed,reason
T:452,M202,PURCHASED_AT,2025-08-22T00:00:00,other,payment 
startNode,endNode,relationship,time,appUsed,reason
T:453,M334,PURCHASED_AT,2024-07-17T00:00:00,Phone Wallet,payment 
startNode,endNode,relationship,time,appUsed,reason
T:454,M548,PURCHASED_AT,2025-06-06T00:00:00,Banking App,sale
startNode,endNode,relationship,time,appUsed,reason
T:455,M563,PURCHASED_AT,2024-04-15T00:00:00,Banking App,In need of product
startNode,endNode,relationship,time,appUsed,reason
T:456,M493,PURCHASED_AT,2025-11-24T00:00:00,other,fee
startNode,endNode,relationship,time,appUsed,reason
T:457,M571,PURCHASED_AT,2023-09-23T00:00:00,other,payment 
startNode,endNode,relationship,time,appUsed,reason
T:458,M147,PURCHASED_AT,2024-01-19T00:00:00,other,fee
startNode,endNode,relationship,time,appUsed,reason
T:459,M429,PURCHASED_AT,2022-04-22T00:00:00,Phone Wallet,fee
startNode,endNode,relationship,time,appUsed,reason
T:460,M277,PURCHASED_AT,2024-05-12T00:00:00,Banking App,In need of product
startNode,endNode,relationship,time,appUsed,reason
T:461,M22,PURCHASED_AT,2023-09-30T00:00:00,other,sale
startNode,endNode,relationship,time,appUsed,reason
T:462,M531,PURCHASED_AT,2020-11-09T00:00:00,other,sale
startNode,endNode,relationship,time,appUsed,reason
T:463,M334,PURCHASED_AT,2024-03-03T00:00:00,Banking App,sale
startNode,endNode,relationship,time,appUsed,reason
T:464,M80,PURCHASED_AT,2020-05-14T00:00:00,Banking App,sale
startNode,endNode,relationship,time,appUsed,reason
T:465,M44,PURCHASED_AT,2021-08-24T00:00:00,Banking App,payment 
startNode,endNode,relationship,time,appUsed,reason
T:466,M445,PURCHASED_AT,2022-11-05T00:00:00,Phone Wallet,In need of product
startNode,endNode,relationship,time,appUsed,reason
T:467,M230,PURCHASED_AT,2021-08-10T00:00:00,other,In need of product
startNode,endNode,relationship,time,appUsed,reason
T:468,M318,PURCHASED_AT,2023-10-25T00:00:00,Banking App,In need of product
startNode,endNode,relationship,time,appUsed,reason
T:469,M243,PURCHASED_AT,2021-10-02T00:00:00,Banking App,In need of product
startNode,endNode,relationship,time,appUsed,reason
T:470,M150,PURCHASED_AT,2023-01-28T00:00:00,Banking App,payment 
startNode,endNode,relationship,time,appUsed,reason
T:471,M173,PURCHASED_AT,2022-05-16T00:00:00,other,payment 
startNode,endNode,relationship,time,appUsed,reason
T:472,M429,PURCHASED_AT,2025-02-03T00:00:00,Banking App,In need of product
startNode,endNode,relationship,time,appUsed,reason
T:473,M319,PURCHASED_AT,2025-05-28T00:00:00,Phone Wallet,fee
startNode,endNode,relationship,time,appUsed,reason
T:474,M68,PURCHASED_AT,2022-10-16T00:00:00,other,payment 
startNode,endNode,relationship,time,appUsed,reason
T:475,M134,PURCHASED_AT,2024-05-30T00:00:00,Banking App,payment 
startNode,endNode,relationship,time,appUsed,reason
T:476,M20,PURCHASED_AT,2021-02-23T00:00:00,other,fee
startNode,endNode,relationship,time,appUsed,reason
T:477,M173,PURCHASED_AT,2024-10-29T00:00:00,Phone Wallet,payment 
startNode,endNode,relationship,time,appUsed,reason
T:478,M232,PURCHASED_AT,2022-02-15T00:00:00,Banking App,In need of product
startNode,endNode,relationship,time,appUsed,reason
T:479,M502,PURCHASED_AT,2020-11-12T00:00:00,Banking App,fee
startNode,endNode,relationship,time,appUsed,reason
T:480,M72,PURCHASED_AT,2023-06-10T00:00:00,Phone Wallet,payment 
startNode,endNode,relationship,time,appUsed,reason
T:481,M317,PURCHASED_AT,2023-03-28T00:00:00,Phone Wallet,payment 
startNode,endNode,relationship,time,appUsed,reason
T:482,M370,PURCHASED_AT,2020-09-09T00:00:00,Banking App,sale
startNode,endNode,relationship,time,appUsed,reason
T:483,M333,PURCHASED_AT,2024-06-18T00:00:00,Phone Wallet,In need of product
startNode,endNode,relationship,time,appUsed,reason
T:484,M139,PURCHASED_AT,2024-09-13T00:00:00,Phone Wallet,fee
startNode,endNode,relationship,time,appUsed,reason
T:485,M565,PURCHASED_AT,2020-02-23T00:00:00,other,sale
startNode,endNode,relationship,time,appUsed,reason
T:486,M279,PURCHASED_AT,2023-12-05T00:00:00,Banking App,fee
startNode,endNode,relationship,time,appUsed,reason
T:487,M524,PURCHASED_AT,2021-01-01T00:00:00,other,fee
startNode,endNode,relationship,time,appUsed,reason
T:488,M256,PURCHASED_AT,2025-10-18T00:00:00,Phone Wallet,sale
startNode,endNode,relationship,time,appUsed,reason
T:489,M1,PURCHASED_AT,2022-11-20T00:00:00,Phone Wallet,In need of product
startNode,endNode,relationship,time,appUsed,reason
T:490,M597,PURCHASED_AT,2024-01-07T00:00:00,Banking App,fee
startNode,endNode,relationship,time,appUsed,reason
T:491,M23,PURCHASED_AT,2025-01-29T00:00:00,other,sale
startNode,endNode,relationship,time,appUsed,reason
T:492,M421,PURCHASED_AT,2025-09-30T00:00:00,Phone Wallet,sale
startNode,endNode,relationship,time,appUsed,reason
T:493,M381,PURCHASED_AT,2020-10-14T00:00:00,Banking App,fee
startNode,endNode,relationship,time,appUsed,reason
T:494,M531,PURCHASED_AT,2024-02-17T00:00:00,other,fee
startNode,endNode,relationship,time,appUsed,reason
T:495,M262,PURCHASED_AT,2022-12-23T00:00:00,Banking App,payment 
startNode,endNode,relationship,time,appUsed,reason
T:496,M562,PURCHASED_AT,2020-10-14T00:00:00,Phone Wallet,sale
startNode,endNode,relationship,time,appUsed,reason
T:497,M349,PURCHASED_AT,2020-09-05T00:00:00,Phone Wallet,In need of product
startNode,endNode,relationship,time,appUsed,reason
T:498,M564,PURCHASED_AT,2023-04-11T00:00:00,other,sale
startNode,endNode,relationship,time,appUsed,reason
T:499,M401,PURCHASED_AT,2023-03-16T00:00:00,other,fee
startNode,endNode,relationship,time,appUsed,reason
T:500,M44,PURCHASED_AT,2025-05-31T00:00:00,Phone Wallet,payment 
startNode,endNode,relationship,time,appUsed,reason
T:501,M76,PURCHASED_AT,2022-02-12T00:00:00,Phone Wallet,sale
startNode,endNode,relationship,time,appUsed,reason
T:502,M488,PURCHASED_AT,2024-10-03T00:00:00,Banking App,In need of product
startNode,endNode,relationship,time,appUsed,reason
T:503,M382,PURCHASED_AT,2022-06-20T00:00:00,other,In need of product
startNode,endNode,relationship,time,appUsed,reason
T:504,M339,PURCHASED_AT,2021-10-22T00:00:00,other,fee
startNode,endNode,relationship,time,appUsed,reason
T:505,M445,PURCHASED_AT,2023-07-03T00:00:00,other,In need of product
startNode,endNode,relationship,time,appUsed,reason
T:506,M469,PURCHASED_AT,2025-11-05T00:00:00,Phone Wallet,In need of product
startNode,endNode,relationship,time,appUsed,reason
T:507,M31,PURCHASED_AT,2024-05-31T00:00:00,other,In need of product
startNode,endNode,relationship,time,appUsed,reason
T:508,M499,PURCHASED_AT,2024-07-20T00:00:00,Banking App,sale
startNode,endNode,relationship,time,appUsed,reason
T:509,M434,PURCHASED_AT,2022-07-25T00:00:00,other,payment 
startNode,endNode,relationship,time,appUsed,reason
T:510,M443,PURCHASED_AT,2020-11-21T00:00:00,other,sale
startNode,endNode,relationship,time,appUsed,reason
T:511,M473,PURCHASED_AT,2022-10-01T00:00:00,other,In need of product
startNode,endNode,relationship,time,appUsed,reason
T:512,M160,PURCHASED_AT,2021-04-02T00:00:00,other,fee
startNode,endNode,relationship,time,appUsed,reason
T:513,M419,PURCHASED_AT,2025-02-20T00:00:00,Phone Wallet,fee
startNode,endNode,relationship,time,appUsed,reason
T:514,M592,PURCHASED_AT,2022-08-02T00:00:00,other,payment 
startNode,endNode,relationship,time,appUsed,reason
T:515,M73,PURCHASED_AT,2025-01-20T00:00:00,other,In need of product
startNode,endNode,relationship,time,appUsed,reason
T:516,M6,PURCHASED_AT,2020-04-26T00:00:00,other,fee
startNode,endNode,relationship,time,appUsed,reason
T:517,M372,PURCHASED_AT,2024-07-26T00:00:00,Phone Wallet,payment 
startNode,endNode,relationship,time,appUsed,reason
T:518,M256,PURCHASED_AT,2020-10-30T00:00:00,Banking App,In need of product
startNode,endNode,relationship,time,appUsed,reason
T:519,M448,PURCHASED_AT,2024-08-25T00:00:00,Phone Wallet,sale
startNode,endNode,relationship,time,appUsed,reason
T:520,M121,PURCHASED_AT,2025-03-18T00:00:00,other,In need of product
startNode,endNode,relationship,time,appUsed,reason
T:521,M346,PURCHASED_AT,2023-11-27T00:00:00,Phone Wallet,fee
startNode,endNode,relationship,time,appUsed,reason
T:522,M376,PURCHASED_AT,2022-09-09T00:00:00,other,sale
startNode,endNode,relationship,time,appUsed,reason
T:523,M109,PURCHASED_AT,2025-02-04T00:00:00,Banking App,payment 
startNode,endNode,relationship,time,appUsed,reason
T:524,M305,PURCHASED_AT,2023-08-25T00:00:00,other,In need of product
startNode,endNode,relationship,time,appUsed,reason
T:525,M315,PURCHASED_AT,2025-08-17T00:00:00,other,payment 
startNode,endNode,relationship,time,appUsed,reason
T:526,M307,PURCHASED_AT,2024-06-24T00:00:00,Banking App,payment 
startNode,endNode,relationship,time,appUsed,reason
T:527,M311,PURCHASED_AT,2025-04-13T00:00:00,Banking App,In need of product
startNode,endNode,relationship,time,appUsed,reason
T:528,M106,PURCHASED_AT,2020-06-13T00:00:00,other,fee
startNode,endNode,relationship,time,appUsed,reason
T:529,M409,PURCHASED_AT,2020-09-13T00:00:00,Banking App,fee
startNode,endNode,relationship,time,appUsed,reason
T:530,M388,PURCHASED_AT,2023-02-17T00:00:00,Banking App,In need of product
startNode,endNode,relationship,time,appUsed,reason
T:531,M193,PURCHASED_AT,2022-01-01T00:00:00,Banking App,sale
startNode,endNode,relationship,time,appUsed,reason
T:532,M196,PURCHASED_AT,2022-02-20T00:00:00,Phone Wallet,fee
startNode,endNode,relationship,time,appUsed,reason
T:533,M369,PURCHASED_AT,2021-08-12T00:00:00,Banking App,fee
startNode,endNode,relationship,time,appUsed,reason
T:534,M39,PURCHASED_AT,2023-04-22T00:00:00,Banking App,In need of product
startNode,endNode,relationship,time,appUsed,reason
T:535,M279,PURCHASED_AT,2022-03-07T00:00:00,Phone Wallet,payment 
startNode,endNode,relationship,time,appUsed,reason
T:536,M367,PURCHASED_AT,2022-07-14T00:00:00,other,payment 
startNode,endNode,relationship,time,appUsed,reason
T:537,M107,PURCHASED_AT,2024-02-01T00:00:00,Banking App,In need of product
startNode,endNode,relationship,time,appUsed,reason
T:538,M561,PURCHASED_AT,2022-06-19T00:00:00,Phone Wallet,fee
startNode,endNode,relationship,time,appUsed,reason
T:539,M289,PURCHASED_AT,2023-07-21T00:00:00,Banking App,payment 
startNode,endNode,relationship,time,appUsed,reason
T:540,M155,PURCHASED_AT,2022-01-16T00:00:00,other,sale
startNode,endNode,relationship,time,appUsed,reason
T:541,M167,PURCHASED_AT,2022-12-20T00:00:00,other,payment 
startNode,endNode,relationship,time,appUsed,reason
T:542,M298,PURCHASED_AT,2022-11-25T00:00:00,other,payment 
startNode,endNode,relationship,time,appUsed,reason
T:543,M26,PURCHASED_AT,2025-07-20T00:00:00,Banking App,payment 
startNode,endNode,relationship,time,appUsed,reason
T:544,M514,PURCHASED_AT,2023-08-17T00:00:00,other,sale
startNode,endNode,relationship,time,appUsed,reason
T:545,M578,PURCHASED_AT,2022-02-23T00:00:00,Banking App,payment 
startNode,endNode,relationship,time,appUsed,reason
T:546,M581,PURCHASED_AT,2025-02-28T00:00:00,Banking App,fee
startNode,endNode,relationship,time,appUsed,reason
T:547,M421,PURCHASED_AT,2021-11-19T00:00:00,Phone Wallet,In need of product
startNode,endNode,relationship,time,appUsed,reason
T:548,M402,PURCHASED_AT,2020-01-23T00:00:00,Phone Wallet,In need of product
startNode,endNode,relationship,time,appUsed,reason
T:549,M103,PURCHASED_AT,2024-07-04T00:00:00,other,sale
startNode,endNode,relationship,time,appUsed,reason
T:550,M237,PURCHASED_AT,2024-01-09T00:00:00,other,sale
startNode,endNode,relationship,time,appUsed,reason
T:551,M520,PURCHASED_AT,2020-05-05T00:00:00,other,fee
startNode,endNode,relationship,time,appUsed,reason
T:552,M17,PURCHASED_AT,2024-06-24T00:00:00,other,fee
startNode,endNode,relationship,time,appUsed,reason
T:553,M3,PURCHASED_AT,2023-08-27T00:00:00,Phone Wallet,fee
startNode,endNode,relationship,time,appUsed,reason
T:554,M593,PURCHASED_AT,2022-12-01T00:00:00,Phone Wallet,payment 
startNode,endNode,relationship,time,appUsed,reason
T:555,M403,PURCHASED_AT,2025-07-21T00:00:00,other,In need of product
startNode,endNode,relationship,time,appUsed,reason
T:556,M344,PURCHASED_AT,2020-03-14T00:00:00,Banking App,fee
startNode,endNode,relationship,time,appUsed,reason
T:557,M543,PURCHASED_AT,2020-04-24T00:00:00,Phone Wallet,In need of product
startNode,endNode,relationship,time,appUsed,reason
T:558,M54,PURCHASED_AT,2021-04-27T00:00:00,other,payment 
startNode,endNode,relationship,time,appUsed,reason
T:559,M212,PURCHASED_AT,2023-04-22T00:00:00,Phone Wallet,payment 
startNode,endNode,relationship,time,appUsed,reason
T:560,M341,PURCHASED_AT,2023-11-10T00:00:00,other,fee
startNode,endNode,relationship,time,appUsed,reason
T:561,M68,PURCHASED_AT,2022-02-05T00:00:00,Phone Wallet,In need of product
startNode,endNode,relationship,time,appUsed,reason
T:562,M2,PURCHASED_AT,2022-11-27T00:00:00,Banking App,sale
startNode,endNode,relationship,time,appUsed,reason
T:563,M8,PURCHASED_AT,2021-11-26T00:00:00,Phone Wallet,sale
startNode,endNode,relationship,time,appUsed,reason
T:564,M237,PURCHASED_AT,2022-11-14T00:00:00,Banking App,fee
startNode,endNode,relationship,time,appUsed,reason
T:565,M106,PURCHASED_AT,2023-10-16T00:00:00,other,In need of product
startNode,endNode,relationship,time,appUsed,reason
T:566,M299,PURCHASED_AT,2023-11-08T00:00:00,other,payment 
startNode,endNode,relationship,time,appUsed,reason
T:567,M591,PURCHASED_AT,2022-01-01T00:00:00,other,In need of product
startNode,endNode,relationship,time,appUsed,reason
T:568,M457,PURCHASED_AT,2021-07-21T00:00:00,Phone Wallet,sale
startNode,endNode,relationship,time,appUsed,reason
T:569,M312,PURCHASED_AT,2022-11-23T00:00:00,other,payment 
startNode,endNode,relationship,time,appUsed,reason
T:570,M309,PURCHASED_AT,2024-05-19T00:00:00,Banking App,fee
startNode,endNode,relationship,time,appUsed,reason
T:571,M204,PURCHASED_AT,2023-06-23T00:00:00,Banking App,fee
startNode,endNode,relationship,time,appUsed,reason
T:572,M318,PURCHASED_AT,2025-10-30T00:00:00,Banking App,payment 
startNode,endNode,relationship,time,appUsed,reason
T:573,M358,PURCHASED_AT,2024-02-24T00:00:00,other,fee
startNode,endNode,relationship,time,appUsed,reason
T:574,M579,PURCHASED_AT,2024-04-22T00:00:00,Banking App,In need of product
startNode,endNode,relationship,time,appUsed,reason
T:575,M379,PURCHASED_AT,2020-01-19T00:00:00,other,fee
startNode,endNode,relationship,time,appUsed,reason
T:576,M358,PURCHASED_AT,2021-08-03T00:00:00,other,sale
startNode,endNode,relationship,time,appUsed,reason
T:577,M218,PURCHASED_AT,2022-09-03T00:00:00,Banking App,In need of product
startNode,endNode,relationship,time,appUsed,reason
T:578,M213,PURCHASED_AT,2025-02-02T00:00:00,Phone Wallet,fee
startNode,endNode,relationship,time,appUsed,reason
T:579,M151,PURCHASED_AT,2021-01-07T00:00:00,other,sale
startNode,endNode,relationship,time,appUsed,reason
T:580,M569,PURCHASED_AT,2023-11-06T00:00:00,Phone Wallet,fee
startNode,endNode,relationship,time,appUsed,reason
T:581,M123,PURCHASED_AT,2025-11-22T00:00:00,Phone Wallet,sale
startNode,endNode,relationship,time,appUsed,reason
T:582,M475,PURCHASED_AT,2022-11-18T00:00:00,Banking App,fee
startNode,endNode,relationship,time,appUsed,reason
T:583,M150,PURCHASED_AT,2024-05-09T00:00:00,Banking App,payment 
startNode,endNode,relationship,time,appUsed,reason
T:584,M578,PURCHASED_AT,2024-01-30T00:00:00,Banking App,payment 
startNode,endNode,relationship,time,appUsed,reason
T:585,M395,PURCHASED_AT,2021-06-16T00:00:00,Banking App,fee
startNode,endNode,relationship,time,appUsed,reason
T:586,M189,PURCHASED_AT,2021-08-10T00:00:00,Banking App,In need of product
startNode,endNode,relationship,time,appUsed,reason
T:587,M389,PURCHASED_AT,2022-12-10T00:00:00,other,sale
startNode,endNode,relationship,time,appUsed,reason
T:588,M396,PURCHASED_AT,2022-11-11T00:00:00,Banking App,payment 
startNode,endNode,relationship,time,appUsed,reason
T:589,M269,PURCHASED_AT,2022-08-08T00:00:00,Phone Wallet,In need of product
startNode,endNode,relationship,time,appUsed,reason
T:590,M121,PURCHASED_AT,2022-10-01T00:00:00,other,fee
startNode,endNode,relationship,time,appUsed,reason
T:591,M19,PURCHASED_AT,2021-11-30T00:00:00,Banking App,In need of product
startNode,endNode,relationship,time,appUsed,reason
T:592,M483,PURCHASED_AT,2021-12-12T00:00:00,other,sale
startNode,endNode,relationship,time,appUsed,reason
T:593,M419,PURCHASED_AT,2021-02-24T00:00:00,Phone Wallet,sale
startNode,endNode,relationship,time,appUsed,reason
T:594,M540,PURCHASED_AT,2022-07-31T00:00:00,other,payment 
startNode,endNode,relationship,time,appUsed,reason
T:595,M158,PURCHASED_AT,2022-07-26T00:00:00,Phone Wallet,payment 
startNode,endNode,relationship,time,appUsed,reason
T:596,M181,PURCHASED_AT,2020-05-18T00:00:00,Banking App,sale
startNode,endNode,relationship,time,appUsed,reason
T:597,M170,PURCHASED_AT,2022-05-28T00:00:00,Phone Wallet,sale
startNode,endNode,relationship,time,appUsed,reason
T:598,M467,PURCHASED_AT,2023-07-14T00:00:00,other,sale
startNode,endNode,relationship,time,appUsed,reason
T:599,M397,PURCHASED_AT,2022-05-14T00:00:00,Phone Wallet,payment 
startNode,endNode,relationship,time,appUsed,reason
T:600,M193,PURCHASED_AT,2024-01-11T00:00:00,Banking App,In need of product
