userID,name,lastname,email,phone,country,birthdate
USR:1,Bob,Johnson,user1@example.com,+1-1931874304,USA,1951-07-28
USR:2,Eve,Jones,user2@example.com,+1-1227936220,USA,1958-09-30
USR:3,Bob,Johnson,user3@example.com,+1-5500515633,USA,1989-03-07
USR:4,Bob,Smith,user4@example.com,+1-2667147872,USA,1955-05-19
USR:5,Bob,Jones,user5@example.com,+1-1587734323,USA,1951-09-11
USR:6,David,Brown,user6@example.com,+1-4081594545,USA,1970-03-19
USR:7,Charlie,Brown,user7@example.com,+1-3461387108,USA,1960-07-29
USR:8,David,Williams,user8@example.com,+1-1943620036,USA,1988-07-24
USR:9,Bob,Smith,user9@example.com,+1-1842426815,USA,1963-06-21
USR:10,Alice,Brown,user10@example.com,+1-8894096220,USA,1981-07-01
USR:11,Charlie,Smith,user11@example.com,+1-6857729515,USA,1960-01-30
USR:12,Alice,Johnson,user12@example.com,+1-7437359465,USA,1961-07-23
USR:13,Alice,Johnson,user13@example.com,+1-3260700918,USA,1972-08-25
USR:14,Charlie,Williams,user14@example.com,+1-7809057321,USA,1951-10-20
USR:15,Bob,Jones,user15@example.com,+1-5224213045,USA,1977-03-08
USR:16,Charlie,Brown,user16@example.com,+1-2983572523,USA,1966-10-08
USR:17,Eve,Williams,user17@example.com,+1-9789398043,USA,1956-07-26
USR:18,Alice,Smith,user18@example.com,+1-3492377977,USA,1970-08-15
USR:19,David,Brown,user19@example.com,+1-6444556124,USA,1953-07-31
USR:20,Alice,Williams,user20@example.com,+1-3784233059,USA,1999-09-05
USR:21,David,Smith,user21@example.com,+1-5443128477,USA,1950-02-14
USR:22,Charlie,Johnson,user22@example.com,+1-3372823981,USA,1957-07-01
USR:23,Eve,Johnson,user23@example.com,+1-3578722975,USA,1993-09-06
USR:24,David,Brown,user24@example.com,+1-3741681885,USA,1959-05-09
USR:25,Eve,Williams,user25@example.com,+1-6458861813,USA,1994-11-21
USR:26,David,Smith,user26@example.com,+1-6306719198,USA,1986-06-14
USR:27,Eve,Brown,user27@example.com,+1-4448228270,USA,1993-10-20
USR:28,Eve,Brown,user28@example.com,+1-7822948969,USA,1958-09-12
USR:29,Charlie,Brown,user29@example.com,+1-4781183832,USA,1971-03-26
USR:30,David,Smith,user30@example.com,+1-6783033058,USA,1955-12-26
USR:31,David,Johnson,user31@example.com,+1-6664544031,USA,1950-09-19
USR:32,Eve,Jones,user32@example.com,+1-7384703566,USA,1959-06-01
USR:33,David,Smith,user33@example.com,+1-3635637371,USA,1980-02-26
USR:34,Bob,Jones,user34@example.com,+1-8314281160,USA,1977-11-13
USR:35,David,Johnson,user35@example.com,+1-5117121596,USA,1966-03-13
USR:36,David,Smith,user36@example.com,+1-2578353123,USA,1970-10-23
USR:37,Eve,Smith,user37@example.com,+1-3600959291,USA,1980-05-30
USR:38,David,Smith,user38@example.com,+1-1276661596,USA,1981-03-21
USR:39,David,Smith,user39@example.com,+1-4100804788,USA,1951-08-07
USR:40,David,Smith,user40@example.com,+1-8817002249,USA,1998-08-16
USR:41,David,Smith,user41@example.com,+1-4905428144,USA,1971-01-05
USR:42,Bob,Smith,user42@example.com,+1-1025139941,USA,1964-08-02
USR:43,Alice,Smith,user43@example.com,+1-2439724443,USA,1984-05-23
USR:44,David,Johnson,user44@example.com,+1-4442302072,USA,1959-06-26
USR:45,Charlie,Smith,user45@example.com,+1-9624084611,USA,1985-02-16
USR:46,Eve,Johnson,user46@example.com,+1-4252895236,USA,1983-01-01
USR:47,Bob,Brown,user47@example.com,+1-7423090057,USA,1957-04-06
USR:48,David,Williams,user48@example.com,+1-9763934282,USA,1966-07-23
USR:49,David,Johnson,user49@example.com,+1-2166359421,USA,1961-06-07
USR:50,David,Brown,user50@example.com,+1-5287925654,USA,1975-04-18
USR:51,David,Brown,user51@example.com,+1-1279138190,USA,2001-02-07
USR:52,Bob,Brown,user52@example.com,+1-3333923617,USA,1972-02-08
USR:53,Bob,Johnson,user53@example.com,+1-1487530784,USA,2005-02-28
USR:54,David,Jones,user54@example.com,+1-9958917987,USA,1970-05-23
USR:55,Alice,Williams,user55@example.com,+1-7972174331,USA,1959-12-03
USR:56,Alice,Smith,user56@example.com,+1-9250140390,USA,1985-11-01
USR:57,David,Brown,user57@example.com,+1-6590072509,USA,1956-11-17
USR:58,David,Johnson,user58@example.com,+1-9746693180,USA,1958-08-09
USR:59,David,Brown,user59@example.com,+1-8168366009,USA,1960-10-25
USR:60,Bob,Johnson,user60@example.com,+1-8981809329,USA,1979-05-31
USR:61,Eve,Johnson,user61@example.com,+1-4941468786,USA,1993-05-14
USR:62,David,Johnson,user62@example.com,+1-2187524389,USA,1958-12-07
USR:63,David,Jones,user63@example.com,+1-9291727212,USA,1959-08-19
USR:64,David,Johnson,user64@example.com,+1-3480494717,USA,1968-03-09
USR:65,Alice,Smith,user65@example.com,+1-6861398235,USA,1965-03-22
USR:66,David,Johnson,user66@example.com,+1-4148318767,USA,1954-05-06
USR:67,Charlie,Johnson,user67@example.com,+1-7107543797,USA,1967-04-13
USR:68,Charlie,Williams,user68@example.com,+1-5617915040,USA,1996-07-07
USR:69,Bob,Williams,user69@example.com,+1-5129682304,USA,1968-08-30
USR:70,Alice,Smith,user70@example.com,+1-1526055097,USA,1955-08-08
USR:71,David,Smith,user71@example.com,+1-3543756249,USA,1999-04-14
USR:72,David,Smith,user72@example.com,+1-3540454813,USA,1978-09-11
USR:73,Alice,Johnson,user73@example.com,+1-9851606188,USA,1991-04-03
USR:74,Alice,Jones,user74@example.com,+1-3066748727,USA,1978-05-17
USR:75,Eve,Williams,user75@example.com,+1-2745499620,USA,1984-11-08
USR:76,Bob,Jones,user76@example.com,+1-8016524852,USA,1986-06-10
USR:77,David,Johnson,user77@example.com,+1-2573285531,USA,1978-05-30
USR:78,Charlie,Johnson,user78@example.com,+1-5093304856,USA,2005-01-10
USR:79,Charlie,Johnson,user79@example.com,+1-6780428184,USA,2000-05-28
USR:80,Charlie,Williams,user80@example.com,+1-7954144429,USA,1966-09-11
USR:81,Alice,Johnson,user81@example.com,+1-2229825579,USA,1987-08-12
USR:82,Alice,Jones,user82@example.com,+1-5006314597,USA,1983-12-14
USR:83,Bob,Brown,user83@example.com,+1-9451748914,USA,1975-03-28
USR:84,Charlie,Jones,user84@example.com,+1-9914896226,USA,1989-11-22
USR:85,David,Jones,user85@example.com,+1-5999036647,USA,1983-09-02
USR:86,Bob,Williams,user86@example.com,+1-6054936122,USA,2001-01-24
USR:87,Alice,Johnson,user87@example.com,+1-6825252487,USA,2001-05-22
USR:88,Charlie,Williams,user88@example.com,+1-6868685298,USA,1950-08-07
USR:89,David,Johnson,user89@example.com,+1-2372783091,USA,1986-07-23
USR:90,Bob,Brown,user90@example.com,+1-3740565439,USA,1984-12-13
USR:91,Eve,Johnson,user91@example.com,+1-2310768933,USA,1991-01-14
USR:92,Bob,Jones,user92@example.com,+1-7861844987,USA,1953-05-25
USR:93,Eve,Johnson,user93@example.com,+1-2227067063,USA,1964-03-17
USR:94,David,Jones,user94@example.com,+1-8582773404,USA,1977-10-09
USR:95,Bob,Williams,user95@example.com,+1-9877645647,USA,1988-06-27
USR:96,Charlie,Johnson,user96@example.com,+1-7800030712,USA,1982-12-23
USR:97,Bob,Jones,user97@example.com,+1-4636216733,USA,1969-05-30
USR:98,Charlie,Smith,user98@example.com,+1-8154036011,USA,1989-05-21
USR:99,Bob,Smith,user99@example.com,+1-8499305488,USA,1998-07-09
USR:100,David,Johnson,user100@example.com,+1-1615850926,USA,2002-10-26
USR:101,David,Smith,user101@example.com,+1-3367415778,USA,1978-03-21
USR:102,Charlie,Williams,user102@example.com,+1-5690780511,USA,1981-07-03
USR:103,Bob,Williams,user103@example.com,+1-5698693270,USA,1966-04-20
USR:104,David,Jones,user104@example.com,+1-6669906021,USA,1996-07-08
USR:105,David,Williams,user105@example.com,+1-3464063667,USA,1971-06-16
USR:106,Charlie,Johnson,user106@example.com,+1-6474820329,USA,1970-12-30
USR:107,David,Smith,user107@example.com,+1-5747918271,USA,1989-07-01
USR:108,Eve,Johnson,user108@example.com,+1-4077578788,USA,1957-12-24
USR:109,Alice,Jones,user109@example.com,+1-4096095259,USA,1964-06-15
USR:110,Bob,Brown,user110@example.com,+1-4411973549,USA,1970-05-06
USR:111,Alice,Brown,user111@example.com,+1-2788443483,USA,1961-06-24
USR:112,Charlie,Johnson,user112@example.com,+1-5986213756,USA,1979-10-08
USR:113,Bob,Johnson,user113@example.com,+1-7618168247,USA,1995-10-13
USR:114,Bob,Johnson,user114@example.com,+1-7862887623,USA,1958-04-03
USR:115,Eve,Williams,user115@example.com,+1-2075116217,USA,1958-02-26
USR:116,Charlie,Smith,user116@example.com,+1-6159405768,USA,1958-05-16
USR:117,Bob,Brown,user117@example.com,+1-5917670588,USA,1968-03-18
USR:118,Eve,Smith,user118@example.com,+1-7637549437,USA,1975-02-14
USR:119,Charlie,Smith,user119@example.com,+1-1353437967,USA,1985-09-30
USR:120,Eve,Johnson,user120@example.com,+1-8662646885,USA,1993-03-26
USR:121,Eve,Smith,user121@example.com,+1-4820093543,USA,1974-08-15
USR:122,Eve,Johnson,user122@example.com,+1-5697789328,USA,1960-01-19
USR:123,Charlie,Brown,user123@example.com,+1-3037637079,USA,1998-01-29
USR:124,David,Williams,user124@example.com,+1-3516439005,USA,1953-03-10
USR:125,Bob,Johnson,user125@example.com,+1-9065569496,USA,1972-04-05
USR:126,Alice,Johnson,user126@example.com,+1-2372466641,USA,1966-10-16
USR:127,Bob,Brown,user127@example.com,+1-6994361829,USA,1972-04-08
USR:128,Eve,Jones,user128@example.com,+1-8692083611,USA,1955-12-06
USR:129,Bob,Brown,user129@example.com,+1-7921647966,USA,1996-06-26
USR:130,David,Williams,user130@example.com,+1-5021520564,USA,1964-09-14
USR:131,Alice,Smith,user131@example.com,+1-5215015763,USA,1968-04-03
USR:132,Bob,Jones,user132@example.com,+1-3778220147,USA,1973-11-17
USR:133,Alice,Jones,user133@example.com,+1-6878031698,USA,1958-08-12
USR:134,Bob,Smith,user134@example.com,+1-8663190868,USA,1966-01-04
USR:135,Alice,Williams,user135@example.com,+1-2307636051,USA,1955-04-20
USR:136,David,Jones,user136@example.com,+1-2465564257,USA,1991-05-10
USR:137,Charlie,Johnson,user137@example.com,+1-5513670744,USA,1988-11-29
USR:138,Bob,Jones,user138@example.com,+1-7344790490,USA,1988-02-10
USR:139,Eve,Jones,user139@example.com,+1-4190972391,USA,1974-04-08
USR:140,Bob,Williams,user140@example.com,+1-8109217855,USA,1966-07-17
USR:141,David,Brown,user141@example.com,+1-5058110277,USA,2002-12-16
USR:142,Alice,Johnson,user142@example.com,+1-5353602246,USA,1961-04-02
USR:143,Charlie,Smith,user143@example.com,+1-3430006355,USA,1978-10-20
USR:144,Bob,Williams,user144@example.com,+1-8776222515,USA,1980-06-08
USR:145,Alice,Brown,user145@example.com,+1-6972549791,USA,2000-07-08
USR:146,Alice,Johnson,user146@example.com,+1-3429819852,USA,1984-12-09
USR:147,David,Smith,user147@example.com,+1-8485119790,USA,1960-01-26
USR:148,David,Johnson,user148@example.com,+1-9428009665,USA,2000-10-27
USR:149,Bob,Brown,user149@example.com,+1-5129563223,USA,1954-08-02
USR:150,David,Smith,user150@example.com,+1-5345482758,USA,1985-05-30
USR:151,Eve,Williams,user151@example.com,+1-1299529366,USA,1988-03-29
USR:152,Alice,Jones,user152@example.com,+1-4219069200,USA,2004-04-29
USR:153,Bob,Johnson,user153@example.com,+1-7923457295,USA,1989-06-27
USR:154,Bob,Williams,user154@example.com,+1-4716472040,USA,1956-01-02
USR:155,David,Johnson,user155@example.com,+1-7791520951,USA,1954-05-08
USR:156,Charlie,Brown,user156@example.com,+1-9506229721,USA,1988-05-05
USR:157,Bob,Brown,user157@example.com,+1-1480434773,USA,1964-04-25
USR:158,Alice,Johnson,user158@example.com,+1-9023399396,USA,1991-08-16
USR:159,Eve,Jones,user159@example.com,+1-2609717112,USA,1985-07-29
USR:160,Eve,Johnson,user160@example.com,+1-9137728918,USA,2005-06-03
USR:161,David,Smith,user161@example.com,+1-7149052040,USA,1995-06-11
USR:162,Alice,Johnson,user162@example.com,+1-6332407523,USA,1971-07-21
USR:163,Charlie,Williams,user163@example.com,+1-7155932035,USA,2000-06-21
USR:164,Alice,Smith,user164@example.com,+1-1137523014,USA,1956-08-22
USR:165,Eve,Brown,user165@example.com,+1-6356240382,USA,1971-04-13
USR:166,David,Williams,user166@example.com,+1-5487561035,USA,1964-08-10
USR:167,Bob,Johnson,user167@example.com,+1-4354826825,USA,1980-01-21
USR:168,Charlie,Brown,user168@example.com,+1-9365056275,USA,1965-10-24
USR:169,Eve,Brown,user169@example.com,+1-5869894317,USA,2003-12-03
USR:170,Eve,Johnson,user170@example.com,+1-8974102177,USA,1991-08-05
USR:171,Eve,Williams,user171@example.com,+1-5687457985,USA,1960-09-13
USR:172,David,Williams,user172@example.com,+1-3013276242,USA,2004-05-24
USR:173,Bob,Jones,user173@example.com,+1-2309978140,USA,1951-12-24
USR:174,David,Johnson,user174@example.com,+1-5863735814,USA,1980-05-27
USR:175,Charlie,Williams,user175@example.com,+1-7144549956,USA,1967-08-02
USR:176,Alice,Smith,user176@example.com,+1-3494302749,USA,1973-04-12
USR:177,Alice,Williams,user177@example.com,+1-6303390685,USA,1982-05-30
USR:178,Alice,Jones,user178@example.com,+1-8608709848,USA,1973-03-17
USR:179,Eve,Johnson,user179@example.com,+1-9418747515,USA,1970-09-15
USR:180,Alice,Smith,user180@example.com,+1-9556272252,USA,1970-09-15
USR:181,Bob,Johnson,user181@example.com,+1-8878322341,USA,2001-08-26
USR:182,Charlie,Williams,user182@example.com,+1-9775948973,USA,1983-10-27
USR:183,Eve,Jones,user183@example.com,+1-8759126330,USA,1995-03-07
USR:184,Alice,Brown,user184@example.com,+1-6315760516,USA,1998-10-27
USR:185,David,Smith,user185@example.com,+1-9514143487,USA,1975-05-10
USR:186,Alice,Williams,user186@example.com,+1-2236858524,USA,1981-04-06
USR:187,Eve,Williams,user187@example.com,+1-7741294489,USA,1960-11-14
USR:188,Bob,Jones,user188@example.com,+1-7294976388,USA,1953-06-07
USR:189,David,Jones,user189@example.com,+1-6947486870,USA,1953-08-08
USR:190,Charlie,Brown,user190@example.com,+1-9941925399,USA,1972-12-01
USR:191,Charlie,Johnson,user191@example.com,+1-5069810081,USA,1974-07-20
USR:192,Bob,Jones,user192@example.com,+1-1168704401,USA,1990-08-26
USR:193,Alice,Williams,user193@example.com,+1-7899588962,USA,1964-09-05
USR:194,Charlie,Jones,user194@example.com,+1-1216216450,USA,1979-06-15
USR:195,Eve,Williams,user195@example.com,+1-5284735202,USA,1988-04-27
USR:196,Charlie,Smith,user196@example.com,+1-5643327502,USA,1961-06-24
USR:197,Alice,Brown,user197@example.com,+1-2434490066,USA,1976-09-26
USR:198,Charlie,Jones,user198@example.com,+1-7546940213,USA,1977-04-01
USR:199,Charlie,Smith,user199@example.com,+1-2503145190,USA,1971-06-18
USR:200,Alice,Jones,user200@example.com,+1-7016257165,USA,1987-09-05
USR:201,Alice,Williams,user201@example.com,+1-4449910375,USA,1994-12-16
USR:202,Charlie,Williams,user202@example.com,+1-7704021526,USA,1984-08-29
USR:203,Bob,Brown,user203@example.com,+1-3960510120,USA,1997-05-15
USR:204,Alice,Smith,user204@example.com,+1-2798993316,USA,1976-03-16
USR:205,Bob,Smith,user205@example.com,+1-4657993249,USA,1978-11-03
USR:206,Charlie,Jones,user206@example.com,+1-8829768756,USA,2000-11-17
USR:207,Charlie,Jones,user207@example.com,+1-7873777023,USA,1971-12-21
USR:208,Bob,Johnson,user208@example.com,+1-5509605200,USA,1959-05-15
USR:209,Alice,Williams,user209@example.com,+1-4801450218,USA,1951-03-10
USR:210,Eve,Williams,user210@example.com,+1-9502837787,USA,1950-06-14
USR:211,David,Johnson,user211@example.com,+1-2984849094,USA,1984-07-26
USR:212,Eve,Williams,user212@example.com,+1-7142105793,USA,1950-12-13
USR:213,David,Johnson,user213@example.com,+1-9674461605,USA,1990-01-28
USR:214,Charlie,Jones,user214@example.com,+1-5419349353,USA,1998-03-26
USR:215,Eve,Smith,user215@example.com,+1-1245484318,USA,1960-07-18
USR:216,Charlie,Williams,user216@example.com,+1-7304332164,USA,1984-08-31
USR:217,Charlie,Johnson,user217@example.com,+1-5591800923,USA,1954-11-08
USR:218,Eve,Smith,user218@example.com,+1-3223518623,USA,1968-03-31
USR:219,Alice,Williams,user219@example.com,+1-7281286134,USA,1957-12-09
USR:220,David,Jones,user220@example.com,+1-3134998865,USA,2001-11-14
USR:221,Alice,Brown,user221@example.com,+1-9142554106,USA,1970-02-15
USR:222,Charlie,Jones,user222@example.com,+1-8051349116,USA,1969-07-01
USR:223,David,Brown,user223@example.com,+1-9494464563,USA,1992-06-17
USR:224,Bob,Williams,user224@example.com,+1-9883041665,USA,1966-12-29
USR:225,Bob,Brown,user225@example.com,+1-8496106196,USA,1967-07-03
USR:226,Eve,Williams,user226@example.com,+1-5352883719,USA,1995-02-25
USR:227,Bob,Johnson,user227@example.com,+1-6177610018,USA,1960-08-23
USR:228,Charlie,Williams,user228@example.com,+1-6877601343,USA,1980-09-14
USR:229,Eve,Smith,user229@example.com,+1-2030825697,USA,1998-05-24
USR:230,Charlie,Brown,user230@example.com,+1-8010932210,USA,1957-11-14
USR:231,Bob,Williams,user231@example.com,+1-2571646667,USA,2005-01-28
USR:232,Charlie,Johnson,user232@example.com,+1-6627427515,USA,2003-02-07
USR:233,Eve,Johnson,user233@example.com,+1-8385413627,USA,2000-08-18
USR:234,Alice,Smith,user234@example.com,+1-3103954131,USA,1995-05-07
USR:235,Bob,Johnson,user235@example.com,+1-7846987393,USA,2001-09-27
USR:236,Bob,Brown,user236@example.com,+1-9060104629,USA,1976-05-18
USR:237,David,Jones,user237@example.com,+1-2519627848,USA,1994-02-20
USR:238,Charlie,Smith,user238@example.com,+1-8298832388,USA,1987-11-14
USR:239,Bob,Johnson,user239@example.com,+1-3706678470,USA,1996-09-26
USR:240,Charlie,Jones,user240@example.com,+1-2546705776,USA,1973-10-21
USR:241,Bob,Brown,user241@example.com,+1-5163040763,USA,1984-11-04
USR:242,Charlie,Jones,user242@example.com,+1-9421468595,USA,2003-01-15
USR:243,Charlie,Smith,user243@example.com,+1-4721343428,USA,1950-08-15
USR:244,Alice,Smith,user244@example.com,+1-1080405092,USA,1957-01-16
USR:245,Alice,Jones,user245@example.com,+1-4177480150,USA,1958-11-21
USR:246,Eve,Johnson,user246@example.com,+1-3184548896,USA,1964-12-21
USR:247,Alice,Williams,user247@example.com,+1-2427146587,USA,1995-06-22
USR:248,Bob,Jones,user248@example.com,+1-2760401007,USA,1969-07-19
USR:249,Eve,Jones,user249@example.com,+1-7238733665,USA,2001-12-16
USR:250,Alice,Smith,user250@example.com,+1-8265285853,USA,1970-10-04
USR:251,Alice,Williams,user251@example.com,+1-9335085500,USA,1984-03-24
USR:252,Charlie,Johnson,user252@example.com,+1-3431912811,USA,1986-01-12
USR:253,Charlie,Brown,user253@example.com,+1-7119745888,USA,1955-03-10
USR:254,Alice,Smith,user254@example.com,+1-5533442450,USA,1983-05-20
USR:255,Alice,Johnson,user255@example.com,+1-4213519259,USA,1993-12-18
USR:256,Alice,Smith,user256@example.com,+1-9953724970,USA,2004-03-28
USR:257,Eve,Williams,user257@example.com,+1-4209303050,USA,1975-10-16
USR:258,Alice,Johnson,user258@example.com,+1-1739057451,USA,2002-08-21
USR:259,Eve,Jones,user259@example.com,+1-7093045039,USA,1995-10-10
USR:260,Alice,Williams,user260@example.com,+1-7301989516,USA,1995-01-19
USR:261,Eve,Jones,user261@example.com,+1-7568157541,USA,1974-04-26
USR:262,Alice,Williams,user262@example.com,+1-2802561408,USA,1992-03-12
USR:263,Eve,Johnson,user263@example.com,+1-5188356793,USA,2001-07-17
USR:264,Eve,Smith,user264@example.com,+1-3176679831,USA,1968-06-30
USR:265,Eve,Williams,user265@example.com,+1-4707527658,USA,1981-04-19
USR:266,David,Jones,user266@example.com,+1-4948480658,USA,2004-02-05
USR:267,David,Johnson,user267@example.com,+1-8890522540,USA,1956-07-14
USR:268,Charlie,Brown,user268@example.com,+1-7415977033,USA,1999-04-07
USR:269,Charlie,Brown,user269@example.com,+1-3758234235,USA,1966-07-08
USR:270,David,Johnson,user270@example.com,+1-5529614875,USA,1998-02-23
USR:271,Bob,Smith,user271@example.com,+1-7919604214,USA,1959-11-25
USR:272,Alice,Johnson,user272@example.com,+1-2643850073,USA,1953-07-06
USR:273,David,Smith,user273@example.com,+1-3928865076,USA,1983-12-06
USR:274,Charlie,Smith,user274@example.com,+1-1803022306,USA,1980-04-10
USR:275,Charlie,Smith,user275@example.com,+1-1130950493,USA,1953-10-17
USR:276,David,Williams,user276@example.com,+1-6157223141,USA,1986-12-01
USR:277,Charlie,Jones,user277@example.com,+1-5512618754,USA,1974-12-08
USR:278,David,Smith,user278@example.com,+1-2581851207,USA,1957-04-09
USR:279,Bob,Williams,user279@example.com,+1-6213141601,USA,2003-06-06
USR:280,Eve,Johnson,user280@example.com,+1-7862389401,USA,1996-03-25
USR:281,Alice,Brown,user281@example.com,+1-3235754117,USA,1961-06-28
USR:282,Eve,Smith,user282@example.com,+1-6754775058,USA,2001-01-13
USR:283,Charlie,Jones,user283@example.com,+1-4809986559,USA,1950-12-19
USR:284,Charlie,Johnson,user284@example.com,+1-7118058374,USA,1969-07-28
USR:285,Eve,Johnson,user285@example.com,+1-9358566414,USA,1968-02-04
USR:286,David,Jones,user286@example.com,+1-3712363877,USA,1967-04-04
USR:287,Charlie,Brown,user287@example.com,+1-3628911000,USA,1975-11-15
USR:288,Charlie,Jones,user288@example.com,+1-4162250792,USA,1951-03-12
USR:289,Bob,Williams,user289@example.com,+1-8241954094,USA,1972-09-14
USR:290,David,Jones,user290@example.com,+1-1890798107,USA,1980-08-21
USR:291,Charlie,Johnson,user291@example.com,+1-3927377518,USA,1988-08-07
USR:292,Charlie,Johnson,user292@example.com,+1-8896274467,USA,1972-08-21
USR:293,Eve,Smith,user293@example.com,+1-3798723625,USA,1965-12-23
USR:294,Alice,Williams,user294@example.com,+1-3875331260,USA,1963-09-12
USR:295,Bob,Jones,user295@example.com,+1-7098112285,USA,1997-03-19
USR:296,Eve,Jones,user296@example.com,+1-8245581732,USA,1955-12-22
USR:297,Alice,Jones,user297@example.com,+1-8266806519,USA,1987-12-23
USR:298,Eve,Johnson,user298@example.com,+1-4556842699,USA,1954-06-06
USR:299,Eve,Williams,user299@example.com,+1-8740208557,USA,1998-05-10
USR:300,David,Brown,user300@example.com,+1-7624585821,USA,1982-09-02
USR:301,David,Brown,user301@example.com,+1-3173596465,USA,1955-12-25
USR:302,Charlie,Williams,user302@example.com,+1-7613722972,USA,1991-12-21
USR:303,Eve,Brown,user303@example.com,+1-5124648584,USA,1972-11-10
USR:304,David,Smith,user304@example.com,+1-5367001713,USA,1993-02-10
USR:305,David,Jones,user305@example.com,+1-1959902245,USA,1996-01-30
USR:306,Alice,Smith,user306@example.com,+1-7087141371,USA,1993-03-19
USR:307,David,Johnson,user307@example.com,+1-2232939945,USA,1954-07-19
USR:308,Alice,Jones,user308@example.com,+1-8675909148,USA,1993-08-29
USR:309,Bob,Smith,user309@example.com,+1-4126652571,USA,1957-07-05
USR:310,Alice,Brown,user310@example.com,+1-1864303265,USA,1994-01-30
USR:311,Alice,Smith,user311@example.com,+1-5068286396,USA,1951-05-27
USR:312,Bob,Smith,user312@example.com,+1-7936308913,USA,1958-01-10
USR:313,Alice,Brown,user313@example.com,+1-8488590793,USA,1965-08-18
USR:314,Charlie,Jones,user314@example.com,+1-7515637976,USA,1986-01-22
USR:315,Eve,Brown,user315@example.com,+1-5518458820,USA,1988-12-08
USR:316,Bob,Johnson,user316@example.com,+1-3947420418,USA,1975-08-30
USR:317,Alice,Johnson,user317@example.com,+1-6368846450,USA,1959-11-15
USR:318,Alice,Williams,user318@example.com,+1-8902502560,USA,1993-03-15
USR:319,Bob,Jones,user319@example.com,+1-8426714742,USA,2000-09-05
USR:320,Alice,Johnson,user320@example.com,+1-6487922232,USA,1991-09-01
USR:321,Charlie,Jones,user321@example.com,+1-9523919024,USA,1957-04-26
USR:322,Alice,Williams,user322@example.com,+1-8829702514,USA,1980-07-06
USR:323,Charlie,Brown,user323@example.com,+1-1074108413,USA,1969-06-29
USR:324,David,Williams,user324@example.com,+1-9740904675,USA,1995-04-13
USR:325,Eve,Jones,user325@example.com,+1-5074235179,USA,1970-08-22
USR:326,David,Smith,user326@example.com,+1-5910253668,USA,2004-08-02
USR:327,Eve,Smith,user327@example.com,+1-5000203766,USA,1970-01-16
USR:328,Alice,Williams,user328@example.com,+1-4696014381,USA,1953-07-19
USR:329,David,Jones,user329@example.com,+1-1065549991,USA,1951-07-25
USR:330,Alice,Johnson,user330@example.com,+1-8500302582,USA,2005-04-29
USR:331,Bob,Smith,user331@example.com,+1-9718244017,USA,1998-09-10
USR:332,David,Jones,user332@example.com,+1-2870611040,USA,1986-12-22
USR:333,Charlie,Williams,user333@example.com,+1-5992491131,USA,2004-04-16
USR:334,David,Johnson,user334@example.com,+1-3750264765,USA,1957-01-24
USR:335,David,Jones,user335@example.com,+1-3435774073,USA,1985-06-15
USR:336,David,Jones,user336@example.com,+1-9568499885,USA,1983-02-08
USR:337,Charlie,Brown,user337@example.com,+1-7971687046,USA,1979-12-31
USR:338,Bob,Smith,user338@example.com,+1-6769889941,USA,2004-09-04
USR:339,Alice,Smith,user339@example.com,+1-7628680909,USA,1967-08-05
USR:340,Alice,Brown,user340@example.com,+1-9079702133,USA,2003-08-14
USR:341,Eve,Williams,user341@example.com,+1-6971793317,USA,1973-06-04
USR:342,Eve,Johnson,user342@example.com,+1-6926237436,USA,1972-01-31
USR:343,Eve,Jones,user343@example.com,+1-3180971262,USA,1962-05-21
USR:344,David,Brown,user344@example.com,+1-2395033622,USA,1994-02-05
USR:345,Charlie,Jones,user345@example.com,+1-4863478914,USA,1963-02-25
USR:346,Bob,Smith,user346@example.com,+1-8522679192,USA,1978-06-24
USR:347,Charlie,Johnson,user347@example.com,+1-2870593461,USA,1950-01-20
USR:348,David,Smith,user348@example.com,+1-7442196370,USA,1998-11-19
USR:349,David,Williams,user349@example.com,+1-4637629602,USA,1982-06-10
USR:350,Bob,Williams,user350@example.com,+1-9474755230,USA,1983-05-15
USR:351,Eve,Smith,user351@example.com,+1-7606020282,USA,1990-01-24
USR:352,Eve,Jones,user352@example.com,+1-3589095622,USA,1997-01-31
USR:353,Alice,Brown,user353@example.com,+1-5506183721,USA,1966-10-19
USR:354,Charlie,Smith,user354@example.com,+1-8777554705,USA,1960-05-26
USR:355,Alice,Williams,user355@example.com,+1-6531122574,USA,1996-12-24
USR:356,Bob,Brown,user356@example.com,+1-2979207045,USA,1995-05-12
USR:357,Alice,Johnson,user357@example.com,+1-1431209396,USA,1965-10-25
USR:358,David,Smith,user358@example.com,+1-3418118112,USA,1992-08-30
USR:359,Charlie,Smith,user359@example.com,+1-6680589129,USA,1979-07-01
USR:360,Bob,Smith,user360@example.com,+1-7915534014,USA,1960-09-27
USR:361,Eve,Jones,user361@example.com,+1-2789820908,USA,1957-01-17
USR:362,Alice,Smith,user362@example.com,+1-3644183871,USA,1986-03-09
USR:363,Eve,Brown,user363@example.com,+1-6016919165,USA,1956-04-11
USR:364,Alice,Brown,user364@example.com,+1-6093732079,USA,1961-05-27
USR:365,David,Brown,user365@example.com,+1-7084025810,USA,2005-09-02
USR:366,David,Johnson,user366@example.com,+1-4513254732,USA,1995-06-03
USR:367,Charlie,Brown,user367@example.com,+1-2667846980,USA,1951-09-02
USR:368,David,Smith,user368@example.com,+1-2309855790,USA,1995-06-02
USR:369,David,Johnson,user369@example.com,+1-1260512990,USA,1965-06-14
USR:370,David,Jones,user370@example.com,+1-4385225976,USA,1950-06-17
USR:371,Bob,Williams,user371@example.com,+1-6610827908,USA,1998-03-09
USR:372,Charlie,Johnson,user372@example.com,+1-9523544976,USA,1984-06-11
USR:373,Bob,Brown,user373@example.com,+1-2325248188,USA,2002-11-13
USR:374,Eve,Smith,user374@example.com,+1-3474747604,USA,1967-06-12
USR:375,David,Brown,user375@example.com,+1-7984797922,USA,1984-08-14
USR:376,Bob,Williams,user376@example.com,+1-1120863784,USA,1999-12-23
USR:377,Bob,Brown,user377@example.com,+1-3477335047,USA,1958-03-12
USR:378,Eve,Johnson,user378@example.com,+1-1009651669,USA,1963-12-31
USR:379,David,Brown,user379@example.com,+1-2922897998,USA,1973-07-02
USR:380,Alice,Brown,user380@example.com,+1-1630786297,USA,1967-05-27
USR:381,David,Williams,user381@example.com,+1-2928431460,USA,1984-03-25
USR:382,Eve,Brown,user382@example.com,+1-4743153438,USA,1952-09-01
USR:383,Eve,Williams,user383@example.com,+1-9132806024,USA,1964-01-28
USR:384,Eve,Williams,user384@example.com,+1-7743684859,USA,1982-07-14
USR:385,Eve,Williams,user385@example.com,+1-6944977455,USA,1991-08-30
USR:386,David,Johnson,user386@example.com,+1-1972423177,USA,1973-04-20
USR:387,Eve,Jones,user387@example.com,+1-1292670589,USA,1951-01-14
USR:388,Alice,Jones,user388@example.com,+1-2167553389,USA,1963-09-15
USR:389,David,Jones,user389@example.com,+1-8805766779,USA,1959-05-25
USR:390,Eve,Johnson,user390@example.com,+1-1373732731,USA,2004-08-31
USR:391,Eve,Smith,user391@example.com,+1-5444731864,USA,2002-06-28
USR:392,Eve,Williams,user392@example.com,+1-5272668029,USA,1959-06-28
USR:393,David,Brown,user393@example.com,+1-9999372233,USA,1956-07-14
USR:394,Bob,Williams,user394@example.com,+1-5099843757,USA,1988-06-11
USR:395,David,Jones,user395@example.com,+1-6263609174,USA,1993-01-03
USR:396,Alice,Williams,user396@example.com,+1-5480409064,USA,1992-06-14
USR:397,Alice,Williams,user397@example.com,+1-2969489902,USA,1992-11-07
USR:398,Alice,Williams,user398@example.com,+1-7260188670,USA,1994-11-10
USR:399,Eve,Brown,user399@example.com,+1-8796834790,USA,1985-06-27
USR:400,Charlie,Smith,user400@example.com,+1-6895866237,USA,2000-12-23
USR:401,Alice,Jones,user401@example.com,+1-7417107220,USA,1953-09-15
USR:402,David,Smith,user402@example.com,+1-7786727647,USA,1992-11-20
USR:403,Alice,Jones,user403@example.com,+1-9682903147,USA,1973-02-09
USR:404,Bob,Williams,user404@example.com,+1-5405565555,USA,1999-12-31
USR:405,David,Williams,user405@example.com,+1-6799274732,USA,1973-04-21
USR:406,Charlie,Brown,user406@example.com,+1-8746906614,USA,1966-02-19
USR:407,Alice,Johnson,user407@example.com,+1-4082950859,USA,1958-12-15
USR:408,Alice,Brown,user408@example.com,+1-1056503322,USA,1951-12-21
USR:409,Eve,Williams,user409@example.com,+1-7504884328,USA,1993-02-18
USR:410,Alice,Jones,user410@example.com,+1-5057717035,USA,1978-11-28
USR:411,Alice,Williams,user411@example.com,+1-1130867583,USA,1972-06-28
USR:412,Bob,Brown,user412@example.com,+1-5934425926,USA,1986-04-03
USR:413,Bob,Brown,user413@example.com,+1-9128926342,USA,1950-06-02
USR:414,Alice,Johnson,user414@example.com,+1-2411822788,USA,1955-04-11
USR:415,Alice,Johnson,user415@example.com,+1-7408139813,USA,1994-08-26
USR:416,Alice,Brown,user416@example.com,+1-3105540735,USA,1977-07-12
USR:417,David,Smith,user417@example.com,+1-1648981912,USA,1961-11-16
USR:418,Bob,Jones,user418@example.com,+1-2604801237,USA,1985-07-08
USR:419,Alice,Johnson,user419@example.com,+1-6303099564,USA,1964-04-03
USR:420,David,Johnson,user420@example.com,+1-4703566217,USA,2001-07-26
USR:421,Bob,Brown,user421@example.com,+1-2885380764,USA,2005-02-10
USR:422,Bob,Jones,user422@example.com,+1-8199370230,USA,1958-09-02
USR:423,David,Smith,user423@example.com,+1-7029334354,USA,1974-02-17
USR:424,Alice,Brown,user424@example.com,+1-5310531005,USA,1961-03-27
USR:425,Alice,Smith,user425@example.com,+1-8042195483,USA,1973-02-28
USR:426,Eve,Smith,user426@example.com,+1-3149391801,USA,1963-09-27
USR:427,Alice,Brown,user427@example.com,+1-6787308333,USA,1977-11-08
USR:428,Alice,Johnson,user428@example.com,+1-7837225712,USA,1968-03-30
USR:429,Charlie,Smith,user429@example.com,+1-9174643465,USA,1993-10-31
USR:430,Charlie,Smith,user430@example.com,+1-3045817940,USA,1983-09-21
USR:431,David,Johnson,user431@example.com,+1-8447189653,USA,2005-01-26
USR:432,Eve,Williams,user432@example.com,+1-9138705477,USA,1956-01-11
USR:433,David,Williams,user433@example.com,+1-2139013607,USA,1980-12-03
USR:434,Bob,Johnson,user434@example.com,+1-7300320485,USA,1999-03-10
USR:435,David,Smith,user435@example.com,+1-9691590317,USA,1950-09-18
USR:436,Alice,Smith,user436@example.com,+1-8697728148,USA,1954-03-12
USR:437,Charlie,Brown,user437@example.com,+1-4925200483,USA,1958-07-16
USR:438,Charlie,Jones,user438@example.com,+1-4754609876,USA,1964-09-22
USR:439,David,Jones,user439@example.com,+1-3470290433,USA,1988-01-06
USR:440,Eve,Jones,user440@example.com,+1-6276353394,USA,1961-01-26
USR:441,David,Johnson,user441@example.com,+1-5160818965,USA,1969-11-28
USR:442,David,Brown,user442@example.com,+1-7687475439,USA,1972-04-16
USR:443,Alice,Brown,user443@example.com,+1-3187103755,USA,1969-01-20
USR:444,Alice,Johnson,user444@example.com,+1-6620704649,USA,1999-02-03
USR:445,Alice,Jones,user445@example.com,+1-7188402865,USA,1962-08-27
USR:446,Bob,Smith,user446@example.com,+1-7656108224,USA,1969-03-23
USR:447,David,Brown,user447@example.com,+1-1519089328,USA,2000-08-04
USR:448,David,Johnson,user448@example.com,+1-4643390300,USA,1965-02-09
USR:449,Alice,Brown,user449@example.com,+1-3832226152,USA,1987-09-27
USR:450,David,Johnson,user450@example.com,+1-6555156298,USA,2005-09-18
USR:451,Eve,Brown,user451@example.com,+1-6273422001,USA,1964-09-05
USR:452,Alice,Brown,user452@example.com,+1-1737281630,USA,1953-04-22
USR:453,David,Brown,user453@example.com,+1-5988280620,USA,1966-11-29
USR:454,Bob,Brown,user454@example.com,+1-9828361181,USA,1989-10-03
USR:455,Bob,Smith,user455@example.com,+1-4490764212,USA,1971-05-01
USR:456,David,Brown,user456@example.com,+1-4734241174,USA,1951-11-07
USR:457,Charlie,Williams,user457@example.com,+1-8324990976,USA,1975-09-12
USR:458,Charlie,Jones,user458@example.com,+1-8739161303,USA,1989-06-10
USR:459,Alice,Brown,user459@example.com,+1-7656851744,USA,1984-10-26
USR:460,Charlie,Johnson,user460@example.com,+1-2521362639,USA,2005-07-24
USR:461,David,Williams,user461@example.com,+1-3927522008,USA,1972-11-24
USR:462,Bob,Williams,user462@example.com,+1-4407476796,USA,2004-06-24
USR:463,Eve,Williams,user463@example.com,+1-3207736574,USA,1958-01-14
USR:464,Alice,Johnson,user464@example.com,+1-8405094769,USA,1980-08-02
USR:465,Alice,Brown,user465@example.com,+1-2217932604,USA,1956-08-30
USR:466,Charlie,Johnson,user466@example.com,+1-9060157996,USA,1981-10-30
USR:467,Bob,Williams,user467@example.com,+1-2921547418,USA,1958-07-21
USR:468,David,Johnson,user468@example.com,+1-9262442518,USA,2005-06-05
USR:469,Charlie,Williams,user469@example.com,+1-1388616294,USA,1968-04-12
USR:470,Eve,Jones,user470@example.com,+1-3521510102,USA,1977-06-04
USR:471,Alice,Johnson,user471@example.com,+1-3838203333,USA,1984-04-29
USR:472,David,Brown,user472@example.com,+1-3566540284,USA,1977-12-26
USR:473,Eve,Jones,user473@example.com,+1-3453957517,USA,1999-07-24
USR:474,Charlie,Brown,user474@example.com,+1-3176717093,USA,1970-08-20
USR:475,David,Jones,user475@example.com,+1-6172792829,USA,1986-08-03
USR:476,Eve,Williams,user476@example.com,+1-4450269184,USA,1961-12-06
USR:477,Eve,Smith,user477@example.com,+1-8789335201,USA,1980-11-12
USR:478,Charlie,Williams,user478@example.com,+1-4229208798,USA,1957-09-05
USR:479,Eve,Smith,user479@example.com,+1-2631999121,USA,1956-03-10
USR:480,Bob,Smith,user480@example.com,+1-5615556237,USA,1988-04-06
USR:481,Eve,Jones,user481@example.com,+1-3367844345,USA,1953-07-01
USR:482,Eve,Williams,user482@example.com,+1-5344646869,USA,1958-06-02
USR:483,Bob,Johnson,user483@example.com,+1-3665497657,USA,1987-02-01
USR:484,Bob,Jones,user484@example.com,+1-7014414791,USA,1970-04-19
USR:485,David,Johnson,user485@example.com,+1-6013219668,USA,1997-09-05
USR:486,Eve,Brown,user486@example.com,+1-5651479348,USA,1954-01-01
USR:487,Charlie,Johnson,user487@example.com,+1-8771987768,USA,1972-08-15
USR:488,Charlie,Johnson,user488@example.com,+1-2463705379,USA,1986-07-21
USR:489,Bob,Brown,user489@example.com,+1-5698005518,USA,1969-11-19
USR:490,Bob,Johnson,user490@example.com,+1-3208811887,USA,1969-08-15
USR:491,David,Williams,user491@example.com,+1-6985820475,USA,1996-11-24
USR:492,Eve,Johnson,user492@example.com,+1-2874470215,USA,1986-11-06
USR:493,Eve,Johnson,user493@example.com,+1-8696276807,USA,1952-02-22
USR:494,Charlie,Smith,user494@example.com,+1-5118702460,USA,1968-10-01
USR:495,Alice,Smith,user495@example.com,+1-6791393506,USA,1966-01-10
USR:496,Eve,Jones,user496@example.com,+1-8505441932,USA,1975-04-09
USR:497,Charlie,Jones,user497@example.com,+1-4877006449,USA,1965-10-25
USR:498,Charlie,Jones,user498@example.com,+1-7545265445,USA,1993-04-09
USR:499,Charlie,Jones,user499@example.com,+1-3801651584,USA,2003-05-22
USR:500,Bob,Williams,user500@example.com,+1-4490249862,USA,1992-11-26
USR:501,David,Johnson,user501@example.com,+1-5038533512,USA,1984-05-25
USR:502,Alice,Jones,user502@example.com,+1-8189429334,USA,2004-04-18
USR:503,Eve,Smith,user503@example.com,+1-7982254746,USA,1957-12-12
USR:504,Eve,Williams,user504@example.com,+1-6502092220,USA,1997-04-02
USR:505,Bob,Smith,user505@example.com,+1-1844171172,USA,1982-07-23
USR:506,Eve,Smith,user506@example.com,+1-7529595370,USA,1971-01-13
USR:507,David,Johnson,user507@example.com,+1-7587940488,USA,1990-11-18
USR:508,Alice,Smith,user508@example.com,+1-7976041414,USA,1959-11-05
USR:509,David,Brown,user509@example.com,+1-1993292310,USA,1977-01-06
USR:510,Charlie,Johnson,user510@example.com,+1-6130297028,USA,1977-04-11
USR:511,Charlie,Smith,user511@example.com,+1-5540462597,USA,1953-09-21
USR:512,Eve,Smith,user512@example.com,+1-5525288993,USA,1973-08-26
USR:513,Alice,Brown,user513@example.com,+1-4365301027,USA,2002-11-10
USR:514,Alice,Smith,user514@example.com,+1-4747446454,USA,1978-08-14
USR:515,Alice,Brown,user515@example.com,+1-4198889260,USA,2005-05-04
USR:516,Bob,Smith,user516@example.com,+1-3741029192,USA,1989-02-05
USR:517,David,Brown,user517@example.com,+1-6393420645,USA,1958-05-17
USR:518,Bob,Johnson,user518@example.com,+1-9668151195,USA,1979-09-03
USR:519,Alice,Smith,user519@example.com,+1-2401041710,USA,1996-02-04
USR:520,Charlie,Brown,user520@example.com,+1-8089264999,USA,1976-09-27
USR:521,Bob,Johnson,user521@example.com,+1-1315087400,USA,1992-04-27
USR:522,Charlie,Williams,user522@example.com,+1-4935161380,USA,2002-08-23
USR:523,Alice,Jones,user523@example.com,+1-6451087877,USA,1988-05-22
USR:524,Eve,Smith,user524@example.com,+1-4907018113,USA,1957-01-12
USR:525,Charlie,Brown,user525@example.com,+1-6578242236,USA,1992-05-21
USR:526,Alice,Johnson,user526@example.com,+1-3757913550,USA,1985-08-05
USR:527,Eve,Johnson,user527@example.com,+1-2487689089,USA,1983-11-27
USR:528,Bob,Brown,user528@example.com,+1-1897934975,USA,1984-05-03
USR:529,Alice,Jones,user529@example.com,+1-6946630226,USA,1999-09-23
USR:530,Charlie,Brown,user530@example.com,+1-5052592334,USA,2001-09-03
USR:531,Charlie,Jones,user531@example.com,+1-7576288466,USA,1971-09-18
USR:532,Bob,Jones,user532@example.com,+1-3430170220,USA,1975-02-28
USR:533,Alice,Johnson,user533@example.com,+1-1867119709,USA,1980-10-07
USR:534,Charlie,Johnson,user534@example.com,+1-5062529162,USA,1997-08-20
USR:535,Charlie,Jones,user535@example.com,+1-2593369435,USA,1990-01-25
USR:536,David,Williams,user536@example.com,+1-2555759489,USA,1977-02-14
USR:537,David,Johnson,user537@example.com,+1-2436480530,USA,1954-09-16
USR:538,Bob,Jones,user538@example.com,+1-8133751880,USA,1983-04-29
USR:539,Alice,Jones,user539@example.com,+1-1682986052,USA,1979-10-27
USR:540,Eve,Smith,user540@example.com,+1-5671670539,USA,1972-01-22
USR:541,Alice,Jones,user541@example.com,+1-6332797354,USA,1957-10-08
USR:542,Bob,Williams,user542@example.com,+1-3229302716,USA,1952-06-22
USR:543,Bob,Johnson,user543@example.com,+1-2879435588,USA,1957-02-03
USR:544,Charlie,Brown,user544@example.com,+1-2445782513,USA,1978-02-25
USR:545,Charlie,Williams,user545@example.com,+1-9867600007,USA,1950-04-30
USR:546,Alice,Smith,user546@example.com,+1-2745088739,USA,1953-08-14
USR:547,Eve,Williams,user547@example.com,+1-3756086808,USA,1999-04-15
USR:548,Charlie,Johnson,user548@example.com,+1-8242092613,USA,1982-02-21
USR:549,Charlie,Smith,user549@example.com,+1-5513293575,USA,1953-03-20
USR:550,David,Williams,user550@example.com,+1-2666567742,USA,1959-06-20
USR:551,David,Johnson,user551@example.com,+1-9006532321,USA,1981-01-13
USR:552,Alice,Brown,user552@example.com,+1-8858517816,USA,1988-01-27
USR:553,Eve,Brown,user553@example.com,+1-5460666414,USA,1996-07-10
USR:554,David,Brown,user554@example.com,+1-9547665439,USA,1993-01-10
USR:555,Alice,Williams,user555@example.com,+1-7532894865,USA,1960-08-26
USR:556,Alice,Williams,user556@example.com,+1-9322616165,USA,1972-11-08
USR:557,Bob,Williams,user557@example.com,+1-8036505038,USA,2005-10-22
USR:558,Alice,Jones,user558@example.com,+1-9641651962,USA,1996-06-14
USR:559,Alice,Williams,user559@example.com,+1-9475417599,USA,1990-10-17
USR:560,Alice,Smith,user560@example.com,+1-4248343586,USA,1987-07-22
USR:561,Eve,Brown,user561@example.com,+1-1311957280,USA,2002-05-28
USR:562,Alice,Williams,user562@example.com,+1-1551051625,USA,1985-08-03
USR:563,Charlie,Williams,user563@example.com,+1-5276450639,USA,1980-07-07
USR:564,Alice,Brown,user564@example.com,+1-2257238376,USA,1998-09-28
USR:565,Alice,Johnson,user565@example.com,+1-9275498553,USA,1987-01-14
USR:566,Charlie,Brown,user566@example.com,+1-6476517631,USA,1958-04-07
USR:567,Alice,Smith,user567@example.com,+1-2047014888,USA,1996-03-30
USR:568,Alice,Jones,user568@example.com,+1-8280888723,USA,1981-09-02
USR:569,Eve,Smith,user569@example.com,+1-9768577549,USA,1951-02-10
USR:570,Bob,Johnson,user570@example.com,+1-4167759415,USA,1971-04-13
USR:571,Alice,Brown,user571@example.com,+1-5174964352,USA,1950-01-14
USR:572,Eve,Brown,user572@example.com,+1-6536093142,USA,1958-09-18
USR:573,Eve,Jones,user573@example.com,+1-5617902931,USA,1995-09-13
USR:574,David,Johnson,user574@example.com,+1-4012259640,USA,1950-03-30
USR:575,Alice,Smith,user575@example.com,+1-7132693729,USA,1996-07-16
USR:576,David,Smith,user576@example.com,+1-8008008050,USA,1967-03-22
USR:577,Charlie,Johnson,user577@example.com,+1-5556091244,USA,1994-06-25
USR:578,Alice,Smith,user578@example.com,+1-5322587575,USA,1981-06-15
USR:579,David,Williams,user579@example.com,+1-3365849180,USA,2005-08-25
USR:580,Alice,Smith,user580@example.com,+1-5470577178,USA,1962-08-08
USR:581,Bob,Smith,user581@example.com,+1-3958953801,USA,1968-02-12
USR:582,Bob,Brown,user582@example.com,+1-3250854561,USA,1962-06-21
USR:583,David,Williams,user583@example.com,+1-3171930060,USA,1977-11-13
USR:584,David,Johnson,user584@example.com,+1-1242551452,USA,1987-12-10
USR:585,Bob,Williams,user585@example.com,+1-2138917396,USA,1982-09-01
USR:586,Alice,Jones,user586@example.com,+1-4232384147,USA,1993-11-05
USR:587,Alice,Johnson,user587@example.com,+1-9681482511,USA,1976-09-12
USR:588,Alice,Johnson,user588@example.com,+1-6828127369,USA,1951-10-27
USR:589,David,Smith,user589@example.com,+1-3444246261,USA,1985-05-05
USR:590,Eve,Williams,user590@example.com,+1-6970017926,USA,1951-11-27
USR:591,Eve,Brown,user591@example.com,+1-8734448601,USA,1979-09-09
USR:592,Alice,Jones,user592@example.com,+1-3621558740,USA,1970-11-16
USR:593,David,Jones,user593@example.com,+1-9333775921,USA,1960-07-03
USR:594,Bob,Jones,user594@example.com,+1-1779221276,USA,1956-06-13
USR:595,Eve,Brown,user595@example.com,+1-6324355925,USA,1959-04-30
USR:596,David,Smith,user596@example.com,+1-3225439335,USA,1964-03-08
USR:597,Alice,Williams,user597@example.com,+1-5910066437,USA,2005-10-28
USR:598,Charlie,Jones,user598@example.com,+1-8035070950,USA,1968-11-08
USR:599,Charlie,Smith,user599@example.com,+1-7703367977,USA,1975-10-10
USR:600,Eve,Jones,user600@example.com,+1-9595163198,USA,2005-07-12
