startNode,endNode,relationship,timestamp,amount,method
USR:369,ACC:1,WITHDRAWS,2021-09-06T00:00:00,371.76,Bank
startNode,endNode,relationship,timestamp,amount,method
USR:445,ACC:2,WITHDRAWS,2020-08-03T00:00:00,1452.26,Bank
startNode,endNode,relationship,timestamp,amount,method
USR:518,ACC:3,WITHDRAWS,2024-08-20T00:00:00,300.32,Phone
startNode,endNode,relationship,timestamp,amount,method
USR:30,ACC:4,WITHDRAWS,2021-02-09T00:00:00,270.16,ATM
startNode,endNode,relationship,timestamp,amount,method
USR:468,ACC:5,WITHDRAWS,2023-04-28T00:00:00,1750.78,Bank
startNode,endNode,relationship,timestamp,amount,method
USR:184,ACC:6,WITHDRAWS,2023-12-14T00:00:00,1894.43,Phone
startNode,endNode,relationship,timestamp,amount,method
USR:511,ACC:7,WITHDRAWS,2021-07-02T00:00:00,1848.41,Phone
startNode,endNode,relationship,timestamp,amount,method
USR:426,ACC:8,WITHDRAWS,2024-04-30T00:00:00,179.17,ATM
startNode,endNode,relationship,timestamp,amount,method
USR:380,ACC:9,WITHDRAWS,2024-08-01T00:00:00,1569.8,Phone
startNode,endNode,relationship,timestamp,amount,method
USR:542,ACC:10,WITHDRAWS,2025-09-02T00:00:00,242.15,Bank
startNode,endNode,relationship,timestamp,amount,method
USR:331,ACC:11,WITHDRAWS,2024-08-29T00:00:00,1130.32,ATM
startNode,endNode,relationship,timestamp,amount,method
USR:178,ACC:12,WITHDRAWS,2020-12-22T00:00:00,1088.31,ATM
startNode,endNode,relationship,timestamp,amount,method
USR:186,ACC:13,WITHDRAWS,2025-08-07T00:00:00,1612.02,ATM
startNode,endNode,relationship,timestamp,amount,method
USR:172,ACC:14,WITHDRAWS,2024-01-22T00:00:00,1051.54,Phone
startNode,endNode,relationship,timestamp,amount,method
USR:490,ACC:15,WITHDRAWS,2020-06-25T00:00:00,1457.34,Phone
startNode,endNode,relationship,timestamp,amount,method
USR:567,ACC:16,WITHDRAWS,2024-04-24T00:00:00,1983.78,ATM
startNode,endNode,relationship,timestamp,amount,method
USR:129,ACC:17,WITHDRAWS,2025-02-07T00:00:00,1865.87,Phone
startNode,endNode,relationship,timestamp,amount,method
USR:157,ACC:18,WITHDRAWS,2025-11-22T00:00:00,766.55,ATM
startNode,endNode,relationship,timestamp,amount,method
USR:44,ACC:19,WITHDRAWS,2020-10-11T00:00:00,702.48,Phone
startNode,endNode,relationship,timestamp,amount,method
USR:458,ACC:20,WITHDRAWS,2024-03-23T00:00:00,294.09,Bank
startNode,endNode,relationship,timestamp,amount,method
USR:99,ACC:21,WITHDRAWS,2021-08-13T00:00:00,288.96,Phone
startNode,endNode,relationship,timestamp,amount,method
USR:35,ACC:22,WITHDRAWS,2020-08-30T00:00:00,720.38,Phone
startNode,endNode,relationship,timestamp,amount,method
USR:197,ACC:23,WITHDRAWS,2022-07-09T00:00:00,1100.47,Phone
startNode,endNode,relationship,timestamp,amount,method
USR:207,ACC:24,WITHDRAWS,2023-03-22T00:00:00,170.46,Phone
startNode,endNode,relationship,timestamp,amount,method
USR:17,ACC:25,WITHDRAWS,2023-05-18T00:00:00,270.11,Phone
startNode,endNode,relationship,timestamp,amount,method
USR:256,ACC:26,WITHDRAWS,2022-02-12T00:00:00,1412.16,Phone
startNode,endNode,relationship,timestamp,amount,method
USR:3,ACC:27,WITHDRAWS,2025-03-05T00:00:00,400.9,ATM
startNode,endNode,relationship,timestamp,amount,method
USR:88,ACC:28,WITHDRAWS,2022-03-20T00:00:00,320.48,Bank
startNode,endNode,relationship,timestamp,amount,method
USR:154,ACC:29,WITHDRAWS,2025-09-29T00:00:00,1914.39,ATM
startNode,endNode,relationship,timestamp,amount,method
USR:111,ACC:30,WITHDRAWS,2023-04-25T00:00:00,348.78,ATM
startNode,endNode,relationship,timestamp,amount,method
USR:212,ACC:31,WITHDRAWS,2020-11-21T00:00:00,957.36,ATM
startNode,endNode,relationship,timestamp,amount,method
USR:74,ACC:32,WITHDRAWS,2022-01-16T00:00:00,875.54,Bank
startNode,endNode,relationship,timestamp,amount,method
USR:425,ACC:33,WITHDRAWS,2025-06-25T00:00:00,522.2,Phone
startNode,endNode,relationship,timestamp,amount,method
USR:381,ACC:34,WITHDRAWS,2023-12-08T00:00:00,249.46,ATM
startNode,endNode,relationship,timestamp,amount,method
USR:275,ACC:35,WITHDRAWS,2021-10-11T00:00:00,1582.59,Bank
startNode,endNode,relationship,timestamp,amount,method
USR:55,ACC:36,WITHDRAWS,2020-05-27T00:00:00,900.5,Phone
startNode,endNode,relationship,timestamp,amount,method
USR:295,ACC:37,WITHDRAWS,2025-09-01T00:00:00,489.65,Bank
startNode,endNode,relationship,timestamp,amount,method
USR:255,ACC:38,WITHDRAWS,2022-02-18T00:00:00,280.98,ATM
startNode,endNode,relationship,timestamp,amount,method
USR:345,ACC:39,WITHDRAWS,2024-04-01T00:00:00,1340.38,Phone
startNode,endNode,relationship,timestamp,amount,method
USR:479,ACC:40,WITHDRAWS,2023-03-17T00:00:00,805.6,ATM
startNode,endNode,relationship,timestamp,amount,method
USR:7,ACC:41,WITHDRAWS,2024-06-09T00:00:00,1467.27,Bank
startNode,endNode,relationship,timestamp,amount,method
USR:223,ACC:42,WITHDRAWS,2022-04-20T00:00:00,777.4,Phone
startNode,endNode,relationship,timestamp,amount,method
USR:80,ACC:43,WITHDRAWS,2020-03-03T00:00:00,393.48,Phone
startNode,endNode,relationship,timestamp,amount,method
USR:146,ACC:44,WITHDRAWS,2024-05-04T00:00:00,440.38,ATM
startNode,endNode,relationship,timestamp,amount,method
USR:16,ACC:45,WITHDRAWS,2020-05-13T00:00:00,1201.79,Bank
startNode,endNode,relationship,timestamp,amount,method
USR:235,ACC:46,WITHDRAWS,2023-11-07T00:00:00,704.58,ATM
startNode,endNode,relationship,timestamp,amount,method
USR:25,ACC:47,WITHDRAWS,2021-08-15T00:00:00,712.78,Bank
startNode,endNode,relationship,timestamp,amount,method
USR:389,ACC:48,WITHDRAWS,2022-02-27T00:00:00,190.44,ATM
startNode,endNode,relationship,timestamp,amount,method
USR:481,ACC:49,WITHDRAWS,2023-11-11T00:00:00,1595.02,Phone
startNode,endNode,relationship,timestamp,amount,method
USR:257,ACC:50,WITHDRAWS,2023-08-11T00:00:00,455.43,Phone
startNode,endNode,relationship,timestamp,amount,method
USR:533,ACC:51,WITHDRAWS,2020-09-26T00:00:00,312.03,Phone
startNode,endNode,relationship,timestamp,amount,method
USR:258,ACC:52,WITHDRAWS,2023-09-21T00:00:00,1825.81,ATM
startNode,endNode,relationship,timestamp,amount,method
USR:362,ACC:53,WITHDRAWS,2024-11-11T00:00:00,806.51,ATM
startNode,endNode,relationship,timestamp,amount,method
USR:413,ACC:54,WITHDRAWS,2021-10-17T00:00:00,151.43,ATM
startNode,endNode,relationship,timestamp,amount,method
USR:377,ACC:55,WITHDRAWS,2022-04-13T00:00:00,1038.62,ATM
startNode,endNode,relationship,timestamp,amount,method
USR:306,ACC:56,WITHDRAWS,2025-07-09T00:00:00,1130.11,Phone
startNode,endNode,relationship,timestamp,amount,method
USR:217,ACC:57,WITHDRAWS,2025-03-03T00:00:00,594.26,Phone
startNode,endNode,relationship,timestamp,amount,method
USR:59,ACC:58,WITHDRAWS,2020-11-18T00:00:00,975.72,Phone
startNode,endNode,relationship,timestamp,amount,method
USR:374,ACC:59,WITHDRAWS,2024-03-20T00:00:00,316.38,Phone
startNode,endNode,relationship,timestamp,amount,method
USR:302,ACC:60,WITHDRAWS,2025-06-12T00:00:00,1139.53,Phone
startNode,endNode,relationship,timestamp,amount,method
USR:335,ACC:61,WITHDRAWS,2021-05-27T00:00:00,1656.68,ATM
startNode,endNode,relationship,timestamp,amount,method
USR:364,ACC:62,WITHDRAWS,2025-01-04T00:00:00,917.78,ATM
startNode,endNode,relationship,timestamp,amount,method
USR:71,ACC:63,WITHDRAWS,2023-12-11T00:00:00,1989.43,ATM
startNode,endNode,relationship,timestamp,amount,method
USR:431,ACC:64,WITHDRAWS,2020-01-16T00:00:00,317.87,Phone
startNode,endNode,relationship,timestamp,amount,method
USR:154,ACC:65,WITHDRAWS,2020-06-23T00:00:00,606.38,Bank
startNode,endNode,relationship,timestamp,amount,method
USR:38,ACC:66,WITHDRAWS,2021-11-17T00:00:00,1981.17,Phone
startNode,endNode,relationship,timestamp,amount,method
USR:72,ACC:67,WITHDRAWS,2022-10-03T00:00:00,230.95,ATM
startNode,endNode,relationship,timestamp,amount,method
USR:303,ACC:68,WITHDRAWS,2021-10-25T00:00:00,1649.73,Phone
startNode,endNode,relationship,timestamp,amount,method
USR:252,ACC:69,WITHDRAWS,2025-01-13T00:00:00,571.15,Phone
startNode,endNode,relationship,timestamp,amount,method
USR:191,ACC:70,WITHDRAWS,2020-07-15T00:00:00,1315.31,Bank
startNode,endNode,relationship,timestamp,amount,method
USR:325,ACC:71,WITHDRAWS,2020-08-02T00:00:00,440.91,Phone
startNode,endNode,relationship,timestamp,amount,method
USR:525,ACC:72,WITHDRAWS,2025-02-11T00:00:00,469.65,Bank
startNode,endNode,relationship,timestamp,amount,method
USR:124,ACC:73,WITHDRAWS,2024-08-05T00:00:00,1682.97,Bank
startNode,endNode,relationship,timestamp,amount,method
USR:59,ACC:74,WITHDRAWS,2022-04-06T00:00:00,986.58,ATM
startNode,endNode,relationship,timestamp,amount,method
USR:456,ACC:75,WITHDRAWS,2021-09-12T00:00:00,1258.63,ATM
startNode,endNode,relationship,timestamp,amount,method
USR:543,ACC:76,WITHDRAWS,2020-06-15T00:00:00,565.76,Phone
startNode,endNode,relationship,timestamp,amount,method
USR:430,ACC:77,WITHDRAWS,2023-11-22T00:00:00,627.61,ATM
startNode,endNode,relationship,timestamp,amount,method
USR:167,ACC:78,WITHDRAWS,2025-05-18T00:00:00,1928.02,Bank
startNode,endNode,relationship,timestamp,amount,method
USR:473,ACC:79,WITHDRAWS,2024-10-04T00:00:00,1283.46,Bank
startNode,endNode,relationship,timestamp,amount,method
USR:422,ACC:80,WITHDRAWS,2022-12-15T00:00:00,1730.05,Bank
startNode,endNode,relationship,timestamp,amount,method
USR:84,ACC:81,WITHDRAWS,2022-06-20T00:00:00,1763.2,Bank
startNode,endNode,relationship,timestamp,amount,method
USR:491,ACC:82,WITHDRAWS,2025-10-21T00:00:00,1040.48,ATM
startNode,endNode,relationship,timestamp,amount,method
USR:562,ACC:83,WITHDRAWS,2024-07-21T00:00:00,1643.51,Bank
startNode,endNode,relationship,timestamp,amount,method
USR:126,ACC:84,WITHDRAWS,2021-06-11T00:00:00,1254.33,Phone
startNode,endNode,relationship,timestamp,amount,method
USR:371,ACC:85,WITHDRAWS,2022-11-15T00:00:00,200.57,ATM
startNode,endNode,relationship,timestamp,amount,method
USR:360,ACC:86,WITHDRAWS,2022-11-17T00:00:00,1791.58,ATM
startNode,endNode,relationship,timestamp,amount,method
USR:70,ACC:87,WITHDRAWS,2025-02-09T00:00:00,1259.03,Phone
startNode,endNode,relationship,timestamp,amount,method
USR:343,ACC:88,WITHDRAWS,2025-06-16T00:00:00,1945.29,Phone
startNode,endNode,relationship,timestamp,amount,method
USR:511,ACC:89,WITHDRAWS,2021-05-18T00:00:00,297.63,Phone
startNode,endNode,relationship,timestamp,amount,method
USR:557,ACC:90,WITHDRAWS,2022-09-13T00:00:00,977.76,Phone
startNode,endNode,relationship,timestamp,amount,method
USR:167,ACC:91,WITHDRAWS,2022-04-19T00:00:00,232.03,Bank
startNode,endNode,relationship,timestamp,amount,method
USR:136,ACC:92,WITHDRAWS,2020-03-30T00:00:00,893.47,Phone
startNode,endNode,relationship,timestamp,amount,method
USR:598,ACC:93,WITHDRAWS,2023-08-12T00:00:00,951.22,Bank
startNode,endNode,relationship,timestamp,amount,method
USR:440,ACC:94,WITHDRAWS,2025-02-23T00:00:00,1212.01,Phone
startNode,endNode,relationship,timestamp,amount,method
USR:256,ACC:95,WITHDRAWS,2023-09-18T00:00:00,219.05,ATM
startNode,endNode,relationship,timestamp,amount,method
USR:350,ACC:96,WITHDRAWS,2022-09-17T00:00:00,1726.82,Bank
startNode,endNode,relationship,timestamp,amount,method
USR:333,ACC:97,WITHDRAWS,2020-09-24T00:00:00,189.82,Bank
startNode,endNode,relationship,timestamp,amount,method
USR:420,ACC:98,WITHDRAWS,2021-07-02T00:00:00,1370.94,Bank
startNode,endNode,relationship,timestamp,amount,method
USR:305,ACC:99,WITHDRAWS,2025-09-26T00:00:00,1062.11,Phone
startNode,endNode,relationship,timestamp,amount,method
USR:296,ACC:100,WITHDRAWS,2024-03-19T00:00:00,205.67,Bank
startNode,endNode,relationship,timestamp,amount,method
USR:443,ACC:101,WITHDRAWS,2022-10-04T00:00:00,156.25,Phone
startNode,endNode,relationship,timestamp,amount,method
USR:288,ACC:102,WITHDRAWS,2024-03-12T00:00:00,396.33,Phone
startNode,endNode,relationship,timestamp,amount,method
USR:155,ACC:103,WITHDRAWS,2024-01-21T00:00:00,1017.2,Bank
startNode,endNode,relationship,timestamp,amount,method
USR:28,ACC:104,WITHDRAWS,2020-10-28T00:00:00,566.4,Bank
startNode,endNode,relationship,timestamp,amount,method
USR:467,ACC:105,WITHDRAWS,2025-08-10T00:00:00,208.74,Phone
startNode,endNode,relationship,timestamp,amount,method
USR:363,ACC:106,WITHDRAWS,2024-06-13T00:00:00,1635.03,Bank
startNode,endNode,relationship,timestamp,amount,method
USR:551,ACC:107,WITHDRAWS,2025-05-05T00:00:00,1440.43,Phone
startNode,endNode,relationship,timestamp,amount,method
USR:541,ACC:108,WITHDRAWS,2022-08-02T00:00:00,1432.85,Phone
startNode,endNode,relationship,timestamp,amount,method
USR:114,ACC:109,WITHDRAWS,2024-12-08T00:00:00,1000.5,Bank
startNode,endNode,relationship,timestamp,amount,method
USR:404,ACC:110,WITHDRAWS,2024-12-25T00:00:00,1666.69,Bank
startNode,endNode,relationship,timestamp,amount,method
USR:424,ACC:111,WITHDRAWS,2021-12-18T00:00:00,294.02,ATM
startNode,endNode,relationship,timestamp,amount,method
USR:142,ACC:112,WITHDRAWS,2020-08-22T00:00:00,1099.95,ATM
startNode,endNode,relationship,timestamp,amount,method
USR:68,ACC:113,WITHDRAWS,2022-02-24T00:00:00,432.56,ATM
startNode,endNode,relationship,timestamp,amount,method
USR:590,ACC:114,WITHDRAWS,2022-10-16T00:00:00,1797.12,ATM
startNode,endNode,relationship,timestamp,amount,method
USR:557,ACC:115,WITHDRAWS,2024-04-09T00:00:00,1622.17,Bank
startNode,endNode,relationship,timestamp,amount,method
USR:473,ACC:116,WITHDRAWS,2020-10-19T00:00:00,1223.34,Phone
startNode,endNode,relationship,timestamp,amount,method
USR:471,ACC:117,WITHDRAWS,2025-09-07T00:00:00,936.31,Bank
startNode,endNode,relationship,timestamp,amount,method
USR:23,ACC:118,WITHDRAWS,2021-08-11T00:00:00,1954.81,ATM
startNode,endNode,relationship,timestamp,amount,method
USR:76,ACC:119,WITHDRAWS,2025-09-14T00:00:00,899.77,Bank
startNode,endNode,relationship,timestamp,amount,method
USR:86,ACC:120,WITHDRAWS,2025-01-27T00:00:00,533.12,Bank
startNode,endNode,relationship,timestamp,amount,method
USR:527,ACC:121,WITHDRAWS,2024-07-10T00:00:00,1579.03,Bank
startNode,endNode,relationship,timestamp,amount,method
USR:491,ACC:122,WITHDRAWS,2025-02-22T00:00:00,1575.27,Bank
startNode,endNode,relationship,timestamp,amount,method
USR:48,ACC:123,WITHDRAWS,2020-10-25T00:00:00,673.64,Bank
startNode,endNode,relationship,timestamp,amount,method
USR:486,ACC:124,WITHDRAWS,2020-07-30T00:00:00,1926.48,Phone
startNode,endNode,relationship,timestamp,amount,method
USR:243,ACC:125,WITHDRAWS,2025-08-30T00:00:00,601.47,Phone
startNode,endNode,relationship,timestamp,amount,method
USR:490,ACC:126,WITHDRAWS,2021-06-07T00:00:00,474.24,ATM
startNode,endNode,relationship,timestamp,amount,method
USR:313,ACC:127,WITHDRAWS,2020-06-05T00:00:00,103.76,ATM
startNode,endNode,relationship,timestamp,amount,method
USR:538,ACC:128,WITHDRAWS,2024-07-29T00:00:00,719.64,Phone
startNode,endNode,relationship,timestamp,amount,method
USR:536,ACC:129,WITHDRAWS,2022-06-15T00:00:00,569.95,Phone
startNode,endNode,relationship,timestamp,amount,method
USR:597,ACC:130,WITHDRAWS,2020-03-10T00:00:00,1727.16,Bank
startNode,endNode,relationship,timestamp,amount,method
USR:363,ACC:131,WITHDRAWS,2022-06-25T00:00:00,1307.03,Bank
startNode,endNode,relationship,timestamp,amount,method
USR:390,ACC:132,WITHDRAWS,2023-05-03T00:00:00,829.25,Bank
startNode,endNode,relationship,timestamp,amount,method
USR:492,ACC:133,WITHDRAWS,2021-11-10T00:00:00,1859.42,Phone
startNode,endNode,relationship,timestamp,amount,method
USR:141,ACC:134,WITHDRAWS,2020-04-13T00:00:00,976.7,Bank
startNode,endNode,relationship,timestamp,amount,method
USR:224,ACC:135,WITHDRAWS,2022-03-11T00:00:00,1902.04,Phone
startNode,endNode,relationship,timestamp,amount,method
USR:342,ACC:136,WITHDRAWS,2023-01-15T00:00:00,614.22,ATM
startNode,endNode,relationship,timestamp,amount,method
USR:485,ACC:137,WITHDRAWS,2020-10-04T00:00:00,612.93,ATM
startNode,endNode,relationship,timestamp,amount,method
USR:79,ACC:138,WITHDRAWS,2023-03-21T00:00:00,1482.77,Phone
startNode,endNode,relationship,timestamp,amount,method
USR:241,ACC:139,WITHDRAWS,2022-05-15T00:00:00,384.12,Bank
startNode,endNode,relationship,timestamp,amount,method
USR:19,ACC:140,WITHDRAWS,2025-11-09T00:00:00,1858.02,ATM
startNode,endNode,relationship,timestamp,amount,method
USR:106,ACC:141,WITHDRAWS,2022-02-09T00:00:00,865.41,Phone
startNode,endNode,relationship,timestamp,amount,method
USR:505,ACC:142,WITHDRAWS,2021-05-08T00:00:00,896.96,ATM
startNode,endNode,relationship,timestamp,amount,method
USR:165,ACC:143,WITHDRAWS,2022-10-17T00:00:00,1570.83,ATM
startNode,endNode,relationship,timestamp,amount,method
USR:446,ACC:144,WITHDRAWS,2022-12-31T00:00:00,644.91,ATM
startNode,endNode,relationship,timestamp,amount,method
USR:142,ACC:145,WITHDRAWS,2022-03-29T00:00:00,1065.64,ATM
startNode,endNode,relationship,timestamp,amount,method
USR:353,ACC:146,WITHDRAWS,2022-03-16T00:00:00,286.97,Bank
startNode,endNode,relationship,timestamp,amount,method
USR:80,ACC:147,WITHDRAWS,2021-01-16T00:00:00,1946.16,Phone
startNode,endNode,relationship,timestamp,amount,method
USR:378,ACC:148,WITHDRAWS,2022-05-25T00:00:00,1152.71,ATM
startNode,endNode,relationship,timestamp,amount,method
USR:517,ACC:149,WITHDRAWS,2024-02-05T00:00:00,1472.88,ATM
startNode,endNode,relationship,timestamp,amount,method
USR:156,ACC:150,WITHDRAWS,2023-04-05T00:00:00,1464.75,Bank
startNode,endNode,relationship,timestamp,amount,method
USR:184,ACC:151,WITHDRAWS,2023-06-08T00:00:00,1042.34,ATM
startNode,endNode,relationship,timestamp,amount,method
USR:317,ACC:152,WITHDRAWS,2022-06-23T00:00:00,1486.42,ATM
startNode,endNode,relationship,timestamp,amount,method
USR:222,ACC:153,WITHDRAWS,2023-08-12T00:00:00,1193.91,Bank
startNode,endNode,relationship,timestamp,amount,method
USR:268,ACC:154,WITHDRAWS,2022-10-23T00:00:00,1647.8,Bank
startNode,endNode,relationship,timestamp,amount,method
USR:507,ACC:155,WITHDRAWS,2023-02-04T00:00:00,1083.73,Bank
startNode,endNode,relationship,timestamp,amount,method
USR:13,ACC:156,WITHDRAWS,2024-10-25T00:00:00,1078.29,Bank
startNode,endNode,relationship,timestamp,amount,method
USR:497,ACC:157,WITHDRAWS,2024-04-19T00:00:00,1594.04,Bank
startNode,endNode,relationship,timestamp,amount,method
USR:409,ACC:158,WITHDRAWS,2024-04-09T00:00:00,1203.06,Phone
startNode,endNode,relationship,timestamp,amount,method
USR:189,ACC:159,WITHDRAWS,2025-08-04T00:00:00,1672.87,Bank
startNode,endNode,relationship,timestamp,amount,method
USR:453,ACC:160,WITHDRAWS,2024-07-31T00:00:00,994.75,ATM
startNode,endNode,relationship,timestamp,amount,method
USR:118,ACC:161,WITHDRAWS,2021-11-11T00:00:00,1265.87,Phone
startNode,endNode,relationship,timestamp,amount,method
USR:53,ACC:162,WITHDRAWS,2020-03-15T00:00:00,397.69,Bank
startNode,endNode,relationship,timestamp,amount,method
USR:81,ACC:163,WITHDRAWS,2022-05-17T00:00:00,740.82,ATM
startNode,endNode,relationship,timestamp,amount,method
USR:382,ACC:164,WITHDRAWS,2024-06-15T00:00:00,923.12,ATM
startNode,endNode,relationship,timestamp,amount,method
USR:286,ACC:165,WITHDRAWS,2024-07-04T00:00:00,1608.91,Phone
startNode,endNode,relationship,timestamp,amount,method
USR:185,ACC:166,WITHDRAWS,2022-06-19T00:00:00,1043.24,Bank
startNode,endNode,relationship,timestamp,amount,method
USR:197,ACC:167,WITHDRAWS,2021-02-01T00:00:00,688.93,Bank
startNode,endNode,relationship,timestamp,amount,method
USR:165,ACC:168,WITHDRAWS,2021-02-05T00:00:00,1401.86,Phone
startNode,endNode,relationship,timestamp,amount,method
USR:179,ACC:169,WITHDRAWS,2025-12-21T00:00:00,829.95,ATM
startNode,endNode,relationship,timestamp,amount,method
USR:255,ACC:170,WITHDRAWS,2025-05-04T00:00:00,1845.0,Phone
startNode,endNode,relationship,timestamp,amount,method
USR:134,ACC:171,WITHDRAWS,2022-11-06T00:00:00,646.07,Bank
startNode,endNode,relationship,timestamp,amount,method
USR:376,ACC:172,WITHDRAWS,2023-07-21T00:00:00,1838.32,ATM
startNode,endNode,relationship,timestamp,amount,method
USR:33,ACC:173,WITHDRAWS,2024-10-16T00:00:00,1229.97,Phone
startNode,endNode,relationship,timestamp,amount,method
USR:313,ACC:174,WITHDRAWS,2024-06-18T00:00:00,1601.69,Phone
startNode,endNode,relationship,timestamp,amount,method
USR:338,ACC:175,WITHDRAWS,2023-03-31T00:00:00,1466.86,Phone
startNode,endNode,relationship,timestamp,amount,method
USR:521,ACC:176,WITHDRAWS,2022-01-14T00:00:00,352.74,Bank
startNode,endNode,relationship,timestamp,amount,method
USR:202,ACC:177,WITHDRAWS,2022-12-05T00:00:00,1341.38,Phone
startNode,endNode,relationship,timestamp,amount,method
USR:491,ACC:178,WITHDRAWS,2020-06-22T00:00:00,1682.65,Bank
startNode,endNode,relationship,timestamp,amount,method
USR:578,ACC:179,WITHDRAWS,2024-11-30T00:00:00,1554.67,ATM
startNode,endNode,relationship,timestamp,amount,method
USR:75,ACC:180,WITHDRAWS,2024-01-11T00:00:00,296.38,Phone
startNode,endNode,relationship,timestamp,amount,method
USR:94,ACC:181,WITHDRAWS,2023-01-10T00:00:00,643.51,Bank
startNode,endNode,relationship,timestamp,amount,method
USR:473,ACC:182,WITHDRAWS,2025-10-13T00:00:00,1366.4,Bank
startNode,endNode,relationship,timestamp,amount,method
USR:348,ACC:183,WITHDRAWS,2024-12-20T00:00:00,1516.12,ATM
startNode,endNode,relationship,timestamp,amount,method
USR:467,ACC:184,WITHDRAWS,2020-12-06T00:00:00,509.86,Phone
startNode,endNode,relationship,timestamp,amount,method
USR:319,ACC:185,WITHDRAWS,2022-02-17T00:00:00,593.79,ATM
startNode,endNode,relationship,timestamp,amount,method
USR:76,ACC:186,WITHDRAWS,2024-11-16T00:00:00,1007.58,Phone
startNode,endNode,relationship,timestamp,amount,method
USR:130,ACC:187,WITHDRAWS,2024-09-13T00:00:00,109.89,Phone
startNode,endNode,relationship,timestamp,amount,method
USR:379,ACC:188,WITHDRAWS,2023-06-19T00:00:00,436.52,Phone
startNode,endNode,relationship,timestamp,amount,method
USR:379,ACC:189,WITHDRAWS,2021-02-07T00:00:00,1941.73,ATM
startNode,endNode,relationship,timestamp,amount,method
USR:169,ACC:190,WITHDRAWS,2020-03-01T00:00:00,1960.78,Phone
startNode,endNode,relationship,timestamp,amount,method
USR:345,ACC:191,WITHDRAWS,2023-01-07T00:00:00,1747.89,ATM
startNode,endNode,relationship,timestamp,amount,method
USR:328,ACC:192,WITHDRAWS,2022-07-15T00:00:00,1170.43,Bank
startNode,endNode,relationship,timestamp,amount,method
USR:511,ACC:193,WITHDRAWS,2025-03-14T00:00:00,1151.75,ATM
startNode,endNode,relationship,timestamp,amount,method
USR:33,ACC:194,WITHDRAWS,2020-11-30T00:00:00,487.07,ATM
startNode,endNode,relationship,timestamp,amount,method
USR:251,ACC:195,WITHDRAWS,2022-07-10T00:00:00,521.72,Phone
startNode,endNode,relationship,timestamp,amount,method
USR:265,ACC:196,WITHDRAWS,2022-10-13T00:00:00,1249.52,Bank
startNode,endNode,relationship,timestamp,amount,method
USR:45,ACC:197,WITHDRAWS,2022-09-03T00:00:00,116.39,Bank
startNode,endNode,relationship,timestamp,amount,method
USR:236,ACC:198,WITHDRAWS,2025-01-09T00:00:00,650.74,Phone
startNode,endNode,relationship,timestamp,amount,method
USR:390,ACC:199,WITHDRAWS,2020-01-02T00:00:00,547.46,Phone
startNode,endNode,relationship,timestamp,amount,method
USR:50,ACC:200,WITHDRAWS,2025-07-23T00:00:00,1345.29,ATM
startNode,endNode,relationship,timestamp,amount,method
USR:550,ACC:201,WITHDRAWS,2024-05-24T00:00:00,1710.59,ATM
startNode,endNode,relationship,timestamp,amount,method
USR:184,ACC:202,WITHDRAWS,2022-11-07T00:00:00,388.41,Bank
startNode,endNode,relationship,timestamp,amount,method
USR:205,ACC:203,WITHDRAWS,2024-08-08T00:00:00,1913.58,Bank
startNode,endNode,relationship,timestamp,amount,method
USR:118,ACC:204,WITHDRAWS,2024-07-10T00:00:00,731.91,Phone
startNode,endNode,relationship,timestamp,amount,method
USR:351,ACC:205,WITHDRAWS,2022-04-30T00:00:00,1135.02,Bank
startNode,endNode,relationship,timestamp,amount,method
USR:587,ACC:206,WITHDRAWS,2020-03-13T00:00:00,149.14,Phone
startNode,endNode,relationship,timestamp,amount,method
USR:215,ACC:207,WITHDRAWS,2022-11-07T00:00:00,1950.93,Bank
startNode,endNode,relationship,timestamp,amount,method
USR:284,ACC:208,WITHDRAWS,2020-05-10T00:00:00,650.47,Phone
startNode,endNode,relationship,timestamp,amount,method
USR:546,ACC:209,WITHDRAWS,2021-05-03T00:00:00,694.73,Phone
startNode,endNode,relationship,timestamp,amount,method
USR:590,ACC:210,WITHDRAWS,2024-09-26T00:00:00,1021.4,Bank
startNode,endNode,relationship,timestamp,amount,method
USR:233,ACC:211,WITHDRAWS,2021-11-14T00:00:00,1483.72,ATM
startNode,endNode,relationship,timestamp,amount,method
USR:380,ACC:212,WITHDRAWS,2022-04-29T00:00:00,1041.5,Bank
startNode,endNode,relationship,timestamp,amount,method
USR:304,ACC:213,WITHDRAWS,2023-06-11T00:00:00,1229.19,ATM
startNode,endNode,relationship,timestamp,amount,method
USR:263,ACC:214,WITHDRAWS,2021-10-17T00:00:00,1155.89,Bank
startNode,endNode,relationship,timestamp,amount,method
USR:200,ACC:215,WITHDRAWS,2022-05-29T00:00:00,1311.07,ATM
startNode,endNode,relationship,timestamp,amount,method
USR:440,ACC:216,WITHDRAWS,2022-06-04T00:00:00,1532.96,Phone
startNode,endNode,relationship,timestamp,amount,method
USR:85,ACC:217,WITHDRAWS,2021-06-07T00:00:00,1892.27,ATM
startNode,endNode,relationship,timestamp,amount,method
USR:147,ACC:218,WITHDRAWS,2025-06-04T00:00:00,1019.51,Bank
startNode,endNode,relationship,timestamp,amount,method
USR:35,ACC:219,WITHDRAWS,2022-07-30T00:00:00,1400.36,ATM
startNode,endNode,relationship,timestamp,amount,method
USR:486,ACC:220,WITHDRAWS,2020-08-17T00:00:00,1267.62,Bank
startNode,endNode,relationship,timestamp,amount,method
USR:476,ACC:221,WITHDRAWS,2023-12-22T00:00:00,892.17,Bank
startNode,endNode,relationship,timestamp,amount,method
USR:276,ACC:222,WITHDRAWS,2025-02-01T00:00:00,268.7,Bank
startNode,endNode,relationship,timestamp,amount,method
USR:232,ACC:223,WITHDRAWS,2023-12-03T00:00:00,1623.26,Bank
startNode,endNode,relationship,timestamp,amount,method
USR:138,ACC:224,WITHDRAWS,2020-05-01T00:00:00,488.74,Phone
startNode,endNode,relationship,timestamp,amount,method
USR:410,ACC:225,WITHDRAWS,2021-04-17T00:00:00,1748.9,Phone
startNode,endNode,relationship,timestamp,amount,method
USR:205,ACC:226,WITHDRAWS,2024-02-13T00:00:00,1883.69,ATM
startNode,endNode,relationship,timestamp,amount,method
USR:195,ACC:227,WITHDRAWS,2022-10-08T00:00:00,844.3,Bank
startNode,endNode,relationship,timestamp,amount,method
USR:453,ACC:228,WITHDRAWS,2022-10-27T00:00:00,1802.56,ATM
startNode,endNode,relationship,timestamp,amount,method
USR:503,ACC:229,WITHDRAWS,2023-03-14T00:00:00,1611.39,Phone
startNode,endNode,relationship,timestamp,amount,method
USR:529,ACC:230,WITHDRAWS,2024-01-03T00:00:00,763.22,Phone
startNode,endNode,relationship,timestamp,amount,method
USR:125,ACC:231,WITHDRAWS,2025-02-08T00:00:00,1686.72,Bank
startNode,endNode,relationship,timestamp,amount,method
USR:317,ACC:232,WITHDRAWS,2023-11-04T00:00:00,1179.32,Phone
startNode,endNode,relationship,timestamp,amount,method
USR:155,ACC:233,WITHDRAWS,2025-02-26T00:00:00,1153.01,Bank
startNode,endNode,relationship,timestamp,amount,method
USR:567,ACC:234,WITHDRAWS,2020-04-15T00:00:00,494.89,Bank
startNode,endNode,relationship,timestamp,amount,method
USR:525,ACC:235,WITHDRAWS,2022-02-17T00:00:00,1890.66,Bank
startNode,endNode,relationship,timestamp,amount,method
USR:307,ACC:236,WITHDRAWS,2021-05-12T00:00:00,1371.17,ATM
startNode,endNode,relationship,timestamp,amount,method
USR:442,ACC:237,WITHDRAWS,2022-12-18T00:00:00,1978.88,ATM
startNode,endNode,relationship,timestamp,amount,method
USR:124,ACC:238,WITHDRAWS,2022-04-16T00:00:00,1743.19,ATM
startNode,endNode,relationship,timestamp,amount,method
USR:76,ACC:239,WITHDRAWS,2023-02-01T00:00:00,1425.45,ATM
startNode,endNode,relationship,timestamp,amount,method
USR:552,ACC:240,WITHDRAWS,2022-04-16T00:00:00,1334.31,Bank
startNode,endNode,relationship,timestamp,amount,method
USR:244,ACC:241,WITHDRAWS,2021-01-18T00:00:00,1178.95,Phone
startNode,endNode,relationship,timestamp,amount,method
USR:92,ACC:242,WITHDRAWS,2025-02-11T00:00:00,1373.77,Bank
startNode,endNode,relationship,timestamp,amount,method
USR:403,ACC:243,WITHDRAWS,2024-04-29T00:00:00,212.59,Bank
startNode,endNode,relationship,timestamp,amount,method
USR:314,ACC:244,WITHDRAWS,2020-11-14T00:00:00,597.29,ATM
startNode,endNode,relationship,timestamp,amount,method
USR:90,ACC:245,WITHDRAWS,2021-04-25T00:00:00,635.4,Phone
startNode,endNode,relationship,timestamp,amount,method
USR:79,ACC:246,WITHDRAWS,2024-07-13T00:00:00,1502.98,Bank
startNode,endNode,relationship,timestamp,amount,method
USR:183,ACC:247,WITHDRAWS,2025-02-20T00:00:00,1348.5,ATM
startNode,endNode,relationship,timestamp,amount,method
USR:350,ACC:248,WITHDRAWS,2021-07-19T00:00:00,1351.44,Bank
startNode,endNode,relationship,timestamp,amount,method
USR:113,ACC:249,WITHDRAWS,2025-09-14T00:00:00,1925.03,ATM
startNode,endNode,relationship,timestamp,amount,method
USR:536,ACC:250,WITHDRAWS,2020-01-07T00:00:00,829.38,Bank
startNode,endNode,relationship,timestamp,amount,method
USR:473,ACC:251,WITHDRAWS,2025-09-28T00:00:00,1049.99,ATM
startNode,endNode,relationship,timestamp,amount,method
USR:481,ACC:252,WITHDRAWS,2025-01-27T00:00:00,1502.26,Phone
startNode,endNode,relationship,timestamp,amount,method
USR:435,ACC:253,WITHDRAWS,2022-09-20T00:00:00,611.43,Bank
startNode,endNode,relationship,timestamp,amount,method
USR:288,ACC:254,WITHDRAWS,2023-07-19T00:00:00,169.76,ATM
startNode,endNode,relationship,timestamp,amount,method
USR:519,ACC:255,WITHDRAWS,2024-08-11T00:00:00,1239.61,Bank
startNode,endNode,relationship,timestamp,amount,method
USR:430,ACC:256,WITHDRAWS,2020-05-04T00:00:00,810.73,ATM
startNode,endNode,relationship,timestamp,amount,method
USR:388,ACC:257,WITHDRAWS,2023-04-30T00:00:00,527.52,Phone
startNode,endNode,relationship,timestamp,amount,method
USR:235,ACC:258,WITHDRAWS,2022-03-27T00:00:00,1995.5,Bank
startNode,endNode,relationship,timestamp,amount,method
USR:127,ACC:259,WITHDRAWS,2024-10-26T00:00:00,691.8,ATM
startNode,endNode,relationship,timestamp,amount,method
USR:62,ACC:260,WITHDRAWS,2021-08-09T00:00:00,1004.79,ATM
startNode,endNode,relationship,timestamp,amount,method
USR:407,ACC:261,WITHDRAWS,2022-04-21T00:00:00,393.05,ATM
startNode,endNode,relationship,timestamp,amount,method
USR:377,ACC:262,WITHDRAWS,2022-12-16T00:00:00,1324.7,Bank
startNode,endNode,relationship,timestamp,amount,method
USR:127,ACC:263,WITHDRAWS,2021-01-08T00:00:00,167.61,ATM
startNode,endNode,relationship,timestamp,amount,method
USR:285,ACC:264,WITHDRAWS,2023-01-17T00:00:00,1311.56,Phone
startNode,endNode,relationship,timestamp,amount,method
USR:20,ACC:265,WITHDRAWS,2024-05-25T00:00:00,1854.93,Phone
startNode,endNode,relationship,timestamp,amount,method
USR:208,ACC:266,WITHDRAWS,2022-04-16T00:00:00,1401.41,Bank
startNode,endNode,relationship,timestamp,amount,method
USR:25,ACC:267,WITHDRAWS,2020-10-06T00:00:00,1529.96,ATM
startNode,endNode,relationship,timestamp,amount,method
USR:66,ACC:268,WITHDRAWS,2023-05-30T00:00:00,1716.02,Phone
startNode,endNode,relationship,timestamp,amount,method
USR:330,ACC:269,WITHDRAWS,2025-12-24T00:00:00,1950.04,ATM
startNode,endNode,relationship,timestamp,amount,method
USR:22,ACC:270,WITHDRAWS,2022-04-20T00:00:00,1748.9,ATM
startNode,endNode,relationship,timestamp,amount,method
USR:54,ACC:271,WITHDRAWS,2024-04-24T00:00:00,1282.98,ATM
startNode,endNode,relationship,timestamp,amount,method
USR:340,ACC:272,WITHDRAWS,2024-01-21T00:00:00,1036.73,Phone
startNode,endNode,relationship,timestamp,amount,method
USR:131,ACC:273,WITHDRAWS,2024-10-21T00:00:00,1975.56,ATM
startNode,endNode,relationship,timestamp,amount,method
USR:11,ACC:274,WITHDRAWS,2022-09-04T00:00:00,1143.67,Bank
startNode,endNode,relationship,timestamp,amount,method
USR:218,ACC:275,WITHDRAWS,2023-06-20T00:00:00,306.44,Phone
startNode,endNode,relationship,timestamp,amount,method
USR:210,ACC:276,WITHDRAWS,2025-02-01T00:00:00,1812.31,Phone
startNode,endNode,relationship,timestamp,amount,method
USR:351,ACC:277,WITHDRAWS,2023-10-18T00:00:00,1463.4,ATM
startNode,endNode,relationship,timestamp,amount,method
USR:586,ACC:278,WITHDRAWS,2021-03-21T00:00:00,408.32,Bank
startNode,endNode,relationship,timestamp,amount,method
USR:233,ACC:279,WITHDRAWS,2023-06-14T00:00:00,1201.97,ATM
startNode,endNode,relationship,timestamp,amount,method
USR:163,ACC:280,WITHDRAWS,2021-07-30T00:00:00,1320.21,Bank
startNode,endNode,relationship,timestamp,amount,method
USR:63,ACC:281,WITHDRAWS,2021-07-01T00:00:00,868.08,ATM
startNode,endNode,relationship,timestamp,amount,method
USR:386,ACC:282,WITHDRAWS,2023-10-09T00:00:00,1765.09,ATM
startNode,endNode,relationship,timestamp,amount,method
USR:77,ACC:283,WITHDRAWS,2023-09-05T00:00:00,1684.77,Phone
startNode,endNode,relationship,timestamp,amount,method
USR:299,ACC:284,WITHDRAWS,2020-04-05T00:00:00,1519.53,Phone
startNode,endNode,relationship,timestamp,amount,method
USR:546,ACC:285,WITHDRAWS,2022-10-27T00:00:00,1750.42,Bank
startNode,endNode,relationship,timestamp,amount,method
USR:32,ACC:286,WITHDRAWS,2024-09-30T00:00:00,1816.52,Phone
startNode,endNode,relationship,timestamp,amount,method
USR:415,ACC:287,WITHDRAWS,2021-02-16T00:00:00,1488.33,ATM
startNode,endNode,relationship,timestamp,amount,method
USR:39,ACC:288,WITHDRAWS,2024-07-07T00:00:00,457.93,ATM
startNode,endNode,relationship,timestamp,amount,method
USR:453,ACC:289,WITHDRAWS,2025-10-18T00:00:00,1812.26,ATM
startNode,endNode,relationship,timestamp,amount,method
USR:108,ACC:290,WITHDRAWS,2023-02-17T00:00:00,908.75,Phone
startNode,endNode,relationship,timestamp,amount,method
USR:115,ACC:291,WITHDRAWS,2022-10-02T00:00:00,872.15,Bank
startNode,endNode,relationship,timestamp,amount,method
USR:566,ACC:292,WITHDRAWS,2024-05-10T00:00:00,1509.33,Phone
startNode,endNode,relationship,timestamp,amount,method
USR:561,ACC:293,WITHDRAWS,2020-10-29T00:00:00,434.23,Bank
startNode,endNode,relationship,timestamp,amount,method
USR:90,ACC:294,WITHDRAWS,2022-04-26T00:00:00,1793.46,Phone
startNode,endNode,relationship,timestamp,amount,method
USR:89,ACC:295,WITHDRAWS,2020-10-31T00:00:00,200.1,Bank
startNode,endNode,relationship,timestamp,amount,method
USR:333,ACC:296,WITHDRAWS,2024-11-12T00:00:00,1234.68,Phone
startNode,endNode,relationship,timestamp,amount,method
USR:268,ACC:297,WITHDRAWS,2023-11-06T00:00:00,1798.99,ATM
startNode,endNode,relationship,timestamp,amount,method
USR:359,ACC:298,WITHDRAWS,2024-01-13T00:00:00,1804.95,ATM
startNode,endNode,relationship,timestamp,amount,method
USR:244,ACC:299,WITHDRAWS,2025-04-14T00:00:00,563.85,ATM
startNode,endNode,relationship,timestamp,amount,method
USR:596,ACC:300,WITHDRAWS,2025-05-19T00:00:00,663.74,Phone
startNode,endNode,relationship,timestamp,amount,method
USR:573,ACC:301,WITHDRAWS,2024-09-06T00:00:00,882.86,ATM
startNode,endNode,relationship,timestamp,amount,method
USR:265,ACC:302,WITHDRAWS,2021-03-15T00:00:00,111.67,Bank
startNode,endNode,relationship,timestamp,amount,method
USR:35,ACC:303,WITHDRAWS,2023-04-17T00:00:00,587.87,Phone
startNode,endNode,relationship,timestamp,amount,method
USR:321,ACC:304,WITHDRAWS,2020-07-31T00:00:00,357.86,Phone
startNode,endNode,relationship,timestamp,amount,method
USR:287,ACC:305,WITHDRAWS,2023-08-12T00:00:00,1473.99,Phone
startNode,endNode,relationship,timestamp,amount,method
USR:194,ACC:306,WITHDRAWS,2022-04-26T00:00:00,1796.92,ATM
startNode,endNode,relationship,timestamp,amount,method
USR:552,ACC:307,WITHDRAWS,2025-08-17T00:00:00,1598.38,ATM
startNode,endNode,relationship,timestamp,amount,method
USR:275,ACC:308,WITHDRAWS,2022-01-02T00:00:00,1242.14,Bank
startNode,endNode,relationship,timestamp,amount,method
USR:156,ACC:309,WITHDRAWS,2022-09-02T00:00:00,1204.35,Phone
startNode,endNode,relationship,timestamp,amount,method
USR:83,ACC:310,WITHDRAWS,2022-05-19T00:00:00,1109.98,ATM
startNode,endNode,relationship,timestamp,amount,method
USR:124,ACC:311,WITHDRAWS,2023-06-25T00:00:00,1283.84,Phone
startNode,endNode,relationship,timestamp,amount,method
USR:245,ACC:312,WITHDRAWS,2024-08-29T00:00:00,971.85,ATM
startNode,endNode,relationship,timestamp,amount,method
USR:576,ACC:313,WITHDRAWS,2021-04-03T00:00:00,1252.16,ATM
startNode,endNode,relationship,timestamp,amount,method
USR:376,ACC:314,WITHDRAWS,2025-01-30T00:00:00,655.58,ATM
startNode,endNode,relationship,timestamp,amount,method
USR:525,ACC:315,WITHDRAWS,2022-09-05T00:00:00,800.53,Phone
startNode,endNode,relationship,timestamp,amount,method
USR:63,ACC:316,WITHDRAWS,2021-04-27T00:00:00,1356.39,Bank
startNode,endNode,relationship,timestamp,amount,method
USR:522,ACC:317,WITHDRAWS,2020-09-28T00:00:00,731.13,Bank
startNode,endNode,relationship,timestamp,amount,method
USR:182,ACC:318,WITHDRAWS,2024-05-03T00:00:00,1431.87,Bank
startNode,endNode,relationship,timestamp,amount,method
USR:584,ACC:319,WITHDRAWS,2023-11-16T00:00:00,1034.8,ATM
startNode,endNode,relationship,timestamp,amount,method
USR:308,ACC:320,WITHDRAWS,2021-07-10T00:00:00,1253.64,Bank
startNode,endNode,relationship,timestamp,amount,method
USR:456,ACC:321,WITHDRAWS,2020-03-29T00:00:00,957.63,ATM
startNode,endNode,relationship,timestamp,amount,method
USR:187,ACC:322,WITHDRAWS,2023-02-01T00:00:00,243.6,Phone
startNode,endNode,relationship,timestamp,amount,method
USR:286,ACC:323,WITHDRAWS,2020-04-04T00:00:00,1723.48,Bank
startNode,endNode,relationship,timestamp,amount,method
USR:274,ACC:324,WITHDRAWS,2023-06-01T00:00:00,629.53,ATM
startNode,endNode,relationship,timestamp,amount,method
USR:416,ACC:325,WITHDRAWS,2023-12-15T00:00:00,667.58,ATM
startNode,endNode,relationship,timestamp,amount,method
USR:323,ACC:326,WITHDRAWS,2022-05-08T00:00:00,1244.95,Phone
startNode,endNode,relationship,timestamp,amount,method
USR:213,ACC:327,WITHDRAWS,2022-12-26T00:00:00,1230.45,Phone
startNode,endNode,relationship,timestamp,amount,method
USR:353,ACC:328,WITHDRAWS,2020-09-03T00:00:00,424.93,Phone
startNode,endNode,relationship,timestamp,amount,method
USR:491,ACC:329,WITHDRAWS,2022-11-12T00:00:00,1607.24,ATM
startNode,endNode,relationship,timestamp,amount,method
USR:345,ACC:330,WITHDRAWS,2024-12-25T00:00:00,1749.0,ATM
startNode,endNode,relationship,timestamp,amount,method
USR:497,ACC:331,WITHDRAWS,2025-04-26T00:00:00,1472.18,Bank
startNode,endNode,relationship,timestamp,amount,method
USR:58,ACC:332,WITHDRAWS,2023-06-07T00:00:00,1240.89,ATM
startNode,endNode,relationship,timestamp,amount,method
USR:438,ACC:333,WITHDRAWS,2023-03-28T00:00:00,474.58,Bank
startNode,endNode,relationship,timestamp,amount,method
USR:546,ACC:334,WITHDRAWS,2025-05-15T00:00:00,1487.16,Bank
startNode,endNode,relationship,timestamp,amount,method
USR:53,ACC:335,WITHDRAWS,2020-07-23T00:00:00,1688.39,ATM
startNode,endNode,relationship,timestamp,amount,method
USR:310,ACC:336,WITHDRAWS,2024-11-12T00:00:00,1626.62,Phone
startNode,endNode,relationship,timestamp,amount,method
USR:509,ACC:337,WITHDRAWS,2022-05-29T00:00:00,1672.24,Bank
startNode,endNode,relationship,timestamp,amount,method
USR:69,ACC:338,WITHDRAWS,2022-10-05T00:00:00,406.6,ATM
startNode,endNode,relationship,timestamp,amount,method
USR:324,ACC:339,WITHDRAWS,2020-09-03T00:00:00,1029.52,Bank
startNode,endNode,relationship,timestamp,amount,method
USR:296,ACC:340,WITHDRAWS,2020-06-27T00:00:00,793.36,Phone
startNode,endNode,relationship,timestamp,amount,method
USR:531,ACC:341,WITHDRAWS,2021-11-14T00:00:00,1178.05,Phone
startNode,endNode,relationship,timestamp,amount,method
USR:598,ACC:342,WITHDRAWS,2022-08-20T00:00:00,917.52,ATM
startNode,endNode,relationship,timestamp,amount,method
USR:413,ACC:343,WITHDRAWS,2022-11-10T00:00:00,1692.06,Phone
startNode,endNode,relationship,timestamp,amount,method
USR:356,ACC:344,WITHDRAWS,2022-06-04T00:00:00,1501.62,Bank
startNode,endNode,relationship,timestamp,amount,method
USR:44,ACC:345,WITHDRAWS,2022-06-02T00:00:00,1530.64,ATM
startNode,endNode,relationship,timestamp,amount,method
USR:81,ACC:346,WITHDRAWS,2021-12-15T00:00:00,556.37,Bank
startNode,endNode,relationship,timestamp,amount,method
USR:343,ACC:347,WITHDRAWS,2023-11-14T00:00:00,436.79,Phone
startNode,endNode,relationship,timestamp,amount,method
USR:327,ACC:348,WITHDRAWS,2025-01-18T00:00:00,979.35,Bank
startNode,endNode,relationship,timestamp,amount,method
USR:153,ACC:349,WITHDRAWS,2020-06-05T00:00:00,1161.56,Bank
startNode,endNode,relationship,timestamp,amount,method
USR:215,ACC:350,WITHDRAWS,2020-09-08T00:00:00,988.49,ATM
startNode,endNode,relationship,timestamp,amount,method
USR:130,ACC:351,WITHDRAWS,2025-05-06T00:00:00,610.48,Phone
startNode,endNode,relationship,timestamp,amount,method
USR:239,ACC:352,WITHDRAWS,2023-07-04T00:00:00,765.9,Bank
startNode,endNode,relationship,timestamp,amount,method
USR:213,ACC:353,WITHDRAWS,2020-01-06T00:00:00,259.08,ATM
startNode,endNode,relationship,timestamp,amount,method
USR:325,ACC:354,WITHDRAWS,2020-04-21T00:00:00,1467.5,ATM
startNode,endNode,relationship,timestamp,amount,method
USR:193,ACC:355,WITHDRAWS,2023-10-30T00:00:00,939.49,Phone
startNode,endNode,relationship,timestamp,amount,method
USR:359,ACC:356,WITHDRAWS,2020-05-03T00:00:00,713.25,Bank
startNode,endNode,relationship,timestamp,amount,method
USR:595,ACC:357,WITHDRAWS,2022-12-30T00:00:00,422.86,Phone
startNode,endNode,relationship,timestamp,amount,method
USR:316,ACC:358,WITHDRAWS,2023-05-04T00:00:00,558.4,Bank
startNode,endNode,relationship,timestamp,amount,method
USR:317,ACC:359,WITHDRAWS,2023-11-14T00:00:00,313.02,Bank
startNode,endNode,relationship,timestamp,amount,method
USR:470,ACC:360,WITHDRAWS,2023-12-16T00:00:00,1658.21,ATM
startNode,endNode,relationship,timestamp,amount,method
USR:412,ACC:361,WITHDRAWS,2024-04-04T00:00:00,697.81,ATM
startNode,endNode,relationship,timestamp,amount,method
USR:61,ACC:362,WITHDRAWS,2024-10-11T00:00:00,1206.02,Bank
startNode,endNode,relationship,timestamp,amount,method
USR:588,ACC:363,WITHDRAWS,2024-02-04T00:00:00,1323.71,Bank
startNode,endNode,relationship,timestamp,amount,method
USR:217,ACC:364,WITHDRAWS,2023-11-11T00:00:00,791.98,ATM
startNode,endNode,relationship,timestamp,amount,method
USR:436,ACC:365,WITHDRAWS,2022-12-12T00:00:00,696.89,Phone
startNode,endNode,relationship,timestamp,amount,method
USR:385,ACC:366,WITHDRAWS,2025-05-10T00:00:00,1235.72,Bank
startNode,endNode,relationship,timestamp,amount,method
USR:511,ACC:367,WITHDRAWS,2021-07-19T00:00:00,1262.9,ATM
startNode,endNode,relationship,timestamp,amount,method
USR:97,ACC:368,WITHDRAWS,2025-11-21T00:00:00,464.98,ATM
startNode,endNode,relationship,timestamp,amount,method
USR:513,ACC:369,WITHDRAWS,2022-11-29T00:00:00,1632.56,Bank
startNode,endNode,relationship,timestamp,amount,method
USR:45,ACC:370,WITHDRAWS,2022-07-13T00:00:00,1501.07,Bank
startNode,endNode,relationship,timestamp,amount,method
USR:272,ACC:371,WITHDRAWS,2021-12-13T00:00:00,1819.99,Phone
startNode,endNode,relationship,timestamp,amount,method
USR:454,ACC:372,WITHDRAWS,2025-08-11T00:00:00,1590.9,Bank
startNode,endNode,relationship,timestamp,amount,method
USR:80,ACC:373,WITHDRAWS,2023-10-11T00:00:00,1351.76,Bank
startNode,endNode,relationship,timestamp,amount,method
USR:107,ACC:374,WITHDRAWS,2024-12-17T00:00:00,1137.21,ATM
startNode,endNode,relationship,timestamp,amount,method
USR:248,ACC:375,WITHDRAWS,2025-12-11T00:00:00,1106.41,Bank
startNode,endNode,relationship,timestamp,amount,method
USR:452,ACC:376,WITHDRAWS,2022-11-28T00:00:00,691.52,Phone
startNode,endNode,relationship,timestamp,amount,method
USR:242,ACC:377,WITHDRAWS,2022-01-24T00:00:00,371.58,Phone
startNode,endNode,relationship,timestamp,amount,method
USR:487,ACC:378,WITHDRAWS,2020-06-30T00:00:00,758.92,Phone
startNode,endNode,relationship,timestamp,amount,method
USR:316,ACC:379,WITHDRAWS,2021-06-17T00:00:00,996.81,ATM
startNode,endNode,relationship,timestamp,amount,method
USR:511,ACC:380,WITHDRAWS,2023-07-27T00:00:00,512.55,ATM
startNode,endNode,relationship,timestamp,amount,method
USR:494,ACC:381,WITHDRAWS,2021-12-29T00:00:00,1151.81,Bank
startNode,endNode,relationship,timestamp,amount,method
USR:237,ACC:382,WITHDRAWS,2022-10-13T00:00:00,451.62,ATM
startNode,endNode,relationship,timestamp,amount,method
USR:578,ACC:383,WITHDRAWS,2021-02-20T00:00:00,1398.67,Phone
startNode,endNode,relationship,timestamp,amount,method
USR:171,ACC:384,WITHDRAWS,2021-04-01T00:00:00,1994.5,Phone
startNode,endNode,relationship,timestamp,amount,method
USR:32,ACC:385,WITHDRAWS,2025-03-08T00:00:00,1287.39,Phone
startNode,endNode,relationship,timestamp,amount,method
USR:87,ACC:386,WITHDRAWS,2021-08-04T00:00:00,228.99,ATM
startNode,endNode,relationship,timestamp,amount,method
USR:135,ACC:387,WITHDRAWS,2023-03-29T00:00:00,319.74,Bank
startNode,endNode,relationship,timestamp,amount,method
USR:21,ACC:388,WITHDRAWS,2025-07-08T00:00:00,409.64,Phone
startNode,endNode,relationship,timestamp,amount,method
USR:235,ACC:389,WITHDRAWS,2022-04-17T00:00:00,1527.71,Phone
startNode,endNode,relationship,timestamp,amount,method
USR:18,ACC:390,WITHDRAWS,2023-09-18T00:00:00,838.62,Phone
startNode,endNode,relationship,timestamp,amount,method
USR:316,ACC:391,WITHDRAWS,2022-06-13T00:00:00,1977.83,Phone
startNode,endNode,relationship,timestamp,amount,method
USR:598,ACC:392,WITHDRAWS,2022-05-09T00:00:00,544.92,ATM
startNode,endNode,relationship,timestamp,amount,method
USR:23,ACC:393,WITHDRAWS,2024-06-07T00:00:00,321.09,Bank
startNode,endNode,relationship,timestamp,amount,method
USR:364,ACC:394,WITHDRAWS,2025-12-02T00:00:00,174.84,ATM
startNode,endNode,relationship,timestamp,amount,method
USR:132,ACC:395,WITHDRAWS,2023-03-23T00:00:00,1847.8,Bank
startNode,endNode,relationship,timestamp,amount,method
USR:339,ACC:396,WITHDRAWS,2024-01-12T00:00:00,738.72,Bank
startNode,endNode,relationship,timestamp,amount,method
USR:540,ACC:397,WITHDRAWS,2022-09-16T00:00:00,1837.82,Bank
startNode,endNode,relationship,timestamp,amount,method
USR:237,ACC:398,WITHDRAWS,2024-06-27T00:00:00,1513.94,Phone
startNode,endNode,relationship,timestamp,amount,method
USR:387,ACC:399,WITHDRAWS,2022-03-23T00:00:00,773.79,ATM
startNode,endNode,relationship,timestamp,amount,method
USR:132,ACC:400,WITHDRAWS,2024-08-26T00:00:00,460.45,Phone
startNode,endNode,relationship,timestamp,amount,method
USR:426,ACC:401,WITHDRAWS,2023-10-20T00:00:00,812.61,ATM
startNode,endNode,relationship,timestamp,amount,method
USR:148,ACC:402,WITHDRAWS,2023-04-30T00:00:00,923.16,Bank
startNode,endNode,relationship,timestamp,amount,method
USR:10,ACC:403,WITHDRAWS,2025-07-29T00:00:00,422.08,Phone
startNode,endNode,relationship,timestamp,amount,method
USR:6,ACC:404,WITHDRAWS,2025-01-18T00:00:00,1881.8,Phone
startNode,endNode,relationship,timestamp,amount,method
USR:56,ACC:405,WITHDRAWS,2022-05-22T00:00:00,1318.43,Phone
startNode,endNode,relationship,timestamp,amount,method
USR:89,ACC:406,WITHDRAWS,2025-12-22T00:00:00,305.56,Bank
startNode,endNode,relationship,timestamp,amount,method
USR:120,ACC:407,WITHDRAWS,2022-07-20T00:00:00,646.68,Bank
startNode,endNode,relationship,timestamp,amount,method
USR:234,ACC:408,WITHDRAWS,2025-03-25T00:00:00,465.23,Phone
startNode,endNode,relationship,timestamp,amount,method
USR:297,ACC:409,WITHDRAWS,2023-09-18T00:00:00,1948.32,Phone
startNode,endNode,relationship,timestamp,amount,method
USR:445,ACC:410,WITHDRAWS,2023-10-26T00:00:00,1746.64,Bank
startNode,endNode,relationship,timestamp,amount,method
USR:436,ACC:411,WITHDRAWS,2023-03-18T00:00:00,213.83,ATM
startNode,endNode,relationship,timestamp,amount,method
USR:335,ACC:412,WITHDRAWS,2023-10-08T00:00:00,537.23,Phone
startNode,endNode,relationship,timestamp,amount,method
USR:287,ACC:413,WITHDRAWS,2024-12-20T00:00:00,801.71,Bank
startNode,endNode,relationship,timestamp,amount,method
USR:507,ACC:414,WITHDRAWS,2020-03-22T00:00:00,779.79,ATM
startNode,endNode,relationship,timestamp,amount,method
USR:533,ACC:415,WITHDRAWS,2021-04-10T00:00:00,772.82,ATM
startNode,endNode,relationship,timestamp,amount,method
USR:398,ACC:416,WITHDRAWS,2025-08-20T00:00:00,1631.12,ATM
startNode,endNode,relationship,timestamp,amount,method
USR:248,ACC:417,WITHDRAWS,2020-01-23T00:00:00,399.38,Phone
startNode,endNode,relationship,timestamp,amount,method
USR:384,ACC:418,WITHDRAWS,2022-10-30T00:00:00,932.76,Phone
startNode,endNode,relationship,timestamp,amount,method
USR:362,ACC:419,WITHDRAWS,2022-10-01T00:00:00,396.52,Bank
startNode,endNode,relationship,timestamp,amount,method
USR:285,ACC:420,WITHDRAWS,2021-03-21T00:00:00,942.23,Bank
startNode,endNode,relationship,timestamp,amount,method
USR:37,ACC:421,WITHDRAWS,2022-11-28T00:00:00,801.14,ATM
startNode,endNode,relationship,timestamp,amount,method
USR:510,ACC:422,WITHDRAWS,2025-02-21T00:00:00,834.69,Phone
startNode,endNode,relationship,timestamp,amount,method
USR:476,ACC:423,WITHDRAWS,2024-07-11T00:00:00,1967.08,Bank
startNode,endNode,relationship,timestamp,amount,method
USR:82,ACC:424,WITHDRAWS,2025-08-21T00:00:00,1059.67,Phone
startNode,endNode,relationship,timestamp,amount,method
USR:475,ACC:425,WITHDRAWS,2020-08-10T00:00:00,291.83,Phone
startNode,endNode,relationship,timestamp,amount,method
USR:430,ACC:426,WITHDRAWS,2021-03-09T00:00:00,1281.24,Phone
startNode,endNode,relationship,timestamp,amount,method
USR:354,ACC:427,WITHDRAWS,2025-01-26T00:00:00,1146.35,Phone
startNode,endNode,relationship,timestamp,amount,method
USR:167,ACC:428,WITHDRAWS,2021-09-22T00:00:00,1762.6,Phone
startNode,endNode,relationship,timestamp,amount,method
USR:430,ACC:429,WITHDRAWS,2021-11-21T00:00:00,1666.17,Bank
startNode,endNode,relationship,timestamp,amount,method
USR:133,ACC:430,WITHDRAWS,2022-07-09T00:00:00,135.72,Bank
startNode,endNode,relationship,timestamp,amount,method
USR:211,ACC:431,WITHDRAWS,2025-05-28T00:00:00,559.53,ATM
startNode,endNode,relationship,timestamp,amount,method
USR:33,ACC:432,WITHDRAWS,2024-01-08T00:00:00,838.29,Bank
startNode,endNode,relationship,timestamp,amount,method
USR:277,ACC:433,WITHDRAWS,2021-07-17T00:00:00,987.33,ATM
startNode,endNode,relationship,timestamp,amount,method
USR:366,ACC:434,WITHDRAWS,2021-04-16T00:00:00,1082.75,Bank
startNode,endNode,relationship,timestamp,amount,method
USR:55,ACC:435,WITHDRAWS,2024-09-30T00:00:00,1023.02,Bank
startNode,endNode,relationship,timestamp,amount,method
USR:254,ACC:436,WITHDRAWS,2022-09-29T00:00:00,149.51,Bank
startNode,endNode,relationship,timestamp,amount,method
USR:291,ACC:437,WITHDRAWS,2022-08-07T00:00:00,885.88,Bank
startNode,endNode,relationship,timestamp,amount,method
USR:511,ACC:438,WITHDRAWS,2025-06-27T00:00:00,1683.64,Phone
startNode,endNode,relationship,timestamp,amount,method
USR:316,ACC:439,WITHDRAWS,2022-03-18T00:00:00,1843.18,ATM
startNode,endNode,relationship,timestamp,amount,method
USR:216,ACC:440,WITHDRAWS,2022-07-03T00:00:00,1669.78,ATM
startNode,endNode,relationship,timestamp,amount,method
USR:460,ACC:441,WITHDRAWS,2021-06-10T00:00:00,819.76,ATM
startNode,endNode,relationship,timestamp,amount,method
USR:261,ACC:442,WITHDRAWS,2021-12-24T00:00:00,768.66,Phone
startNode,endNode,relationship,timestamp,amount,method
USR:64,ACC:443,WITHDRAWS,2022-09-01T00:00:00,515.23,Bank
startNode,endNode,relationship,timestamp,amount,method
USR:252,ACC:444,WITHDRAWS,2021-02-08T00:00:00,1359.83,Phone
startNode,endNode,relationship,timestamp,amount,method
USR:117,ACC:445,WITHDRAWS,2024-05-15T00:00:00,469.25,Phone
startNode,endNode,relationship,timestamp,amount,method
USR:335,ACC:446,WITHDRAWS,2025-11-26T00:00:00,121.99,Phone
startNode,endNode,relationship,timestamp,amount,method
USR:552,ACC:447,WITHDRAWS,2025-10-31T00:00:00,1924.96,ATM
startNode,endNode,relationship,timestamp,amount,method
USR:313,ACC:448,WITHDRAWS,2024-12-06T00:00:00,1170.55,ATM
startNode,endNode,relationship,timestamp,amount,method
USR:29,ACC:449,WITHDRAWS,2022-03-03T00:00:00,1913.45,Phone
startNode,endNode,relationship,timestamp,amount,method
USR:70,ACC:450,WITHDRAWS,2023-04-29T00:00:00,1429.7,Phone
startNode,endNode,relationship,timestamp,amount,method
USR:444,ACC:451,WITHDRAWS,2020-01-20T00:00:00,1687.02,Bank
startNode,endNode,relationship,timestamp,amount,method
USR:465,ACC:452,WITHDRAWS,2024-02-02T00:00:00,1836.77,Bank
startNode,endNode,relationship,timestamp,amount,method
USR:62,ACC:453,WITHDRAWS,2022-06-10T00:00:00,1867.49,ATM
startNode,endNode,relationship,timestamp,amount,method
USR:509,ACC:454,WITHDRAWS,2022-10-18T00:00:00,802.93,ATM
startNode,endNode,relationship,timestamp,amount,method
USR:347,ACC:455,WITHDRAWS,2023-11-17T00:00:00,856.94,Bank
startNode,endNode,relationship,timestamp,amount,method
USR:473,ACC:456,WITHDRAWS,2023-09-22T00:00:00,966.99,ATM
startNode,endNode,relationship,timestamp,amount,method
USR:390,ACC:457,WITHDRAWS,2024-07-10T00:00:00,344.64,ATM
startNode,endNode,relationship,timestamp,amount,method
USR:569,ACC:458,WITHDRAWS,2023-05-22T00:00:00,321.38,ATM
startNode,endNode,relationship,timestamp,amount,method
USR:107,ACC:459,WITHDRAWS,2021-02-26T00:00:00,1996.26,Phone
startNode,endNode,relationship,timestamp,amount,method
USR:398,ACC:460,WITHDRAWS,2020-12-09T00:00:00,1515.49,Phone
startNode,endNode,relationship,timestamp,amount,method
USR:46,ACC:461,WITHDRAWS,2023-01-31T00:00:00,319.66,Phone
startNode,endNode,relationship,timestamp,amount,method
USR:341,ACC:462,WITHDRAWS,2025-11-23T00:00:00,1061.95,ATM
startNode,endNode,relationship,timestamp,amount,method
USR:286,ACC:463,WITHDRAWS,2021-09-25T00:00:00,646.61,Phone
startNode,endNode,relationship,timestamp,amount,method
USR:267,ACC:464,WITHDRAWS,2022-10-04T00:00:00,1482.45,Phone
startNode,endNode,relationship,timestamp,amount,method
USR:490,ACC:465,WITHDRAWS,2021-11-14T00:00:00,1955.03,ATM
startNode,endNode,relationship,timestamp,amount,method
USR:584,ACC:466,WITHDRAWS,2020-01-24T00:00:00,426.91,Phone
startNode,endNode,relationship,timestamp,amount,method
USR:444,ACC:467,WITHDRAWS,2025-02-19T00:00:00,502.36,ATM
startNode,endNode,relationship,timestamp,amount,method
USR:328,ACC:468,WITHDRAWS,2020-05-06T00:00:00,803.74,Phone
startNode,endNode,relationship,timestamp,amount,method
USR:350,ACC:469,WITHDRAWS,2023-09-14T00:00:00,490.33,ATM
startNode,endNode,relationship,timestamp,amount,method
USR:599,ACC:470,WITHDRAWS,2024-06-22T00:00:00,321.45,ATM
startNode,endNode,relationship,timestamp,amount,method
USR:552,ACC:471,WITHDRAWS,2021-08-31T00:00:00,1632.66,Bank
startNode,endNode,relationship,timestamp,amount,method
USR:390,ACC:472,WITHDRAWS,2020-12-13T00:00:00,1037.32,Bank
startNode,endNode,relationship,timestamp,amount,method
USR:114,ACC:473,WITHDRAWS,2021-08-28T00:00:00,1519.19,Phone
startNode,endNode,relationship,timestamp,amount,method
USR:231,ACC:474,WITHDRAWS,2020-11-12T00:00:00,1630.95,Bank
startNode,endNode,relationship,timestamp,amount,method
USR:405,ACC:475,WITHDRAWS,2021-06-12T00:00:00,955.03,Phone
startNode,endNode,relationship,timestamp,amount,method
USR:380,ACC:476,WITHDRAWS,2025-12-23T00:00:00,328.99,Bank
startNode,endNode,relationship,timestamp,amount,method
USR:149,ACC:477,WITHDRAWS,2020-03-10T00:00:00,1956.28,Bank
startNode,endNode,relationship,timestamp,amount,method
USR:373,ACC:478,WITHDRAWS,2021-09-16T00:00:00,1092.82,Phone
startNode,endNode,relationship,timestamp,amount,method
USR:230,ACC:479,WITHDRAWS,2023-03-21T00:00:00,538.61,ATM
startNode,endNode,relationship,timestamp,amount,method
USR:369,ACC:480,WITHDRAWS,2025-04-13T00:00:00,1379.54,Bank
startNode,endNode,relationship,timestamp,amount,method
USR:218,ACC:481,WITHDRAWS,2024-09-26T00:00:00,1254.94,Phone
startNode,endNode,relationship,timestamp,amount,method
USR:466,ACC:482,WITHDRAWS,2025-07-25T00:00:00,625.66,ATM
startNode,endNode,relationship,timestamp,amount,method
USR:563,ACC:483,WITHDRAWS,2025-04-25T00:00:00,677.47,ATM
startNode,endNode,relationship,timestamp,amount,method
USR:37,ACC:484,WITHDRAWS,2022-06-30T00:00:00,105.63,ATM
startNode,endNode,relationship,timestamp,amount,method
USR:414,ACC:485,WITHDRAWS,2022-03-10T00:00:00,1412.89,Phone
startNode,endNode,relationship,timestamp,amount,method
USR:598,ACC:486,WITHDRAWS,2021-11-08T00:00:00,120.75,ATM
startNode,endNode,relationship,timestamp,amount,method
USR:582,ACC:487,WITHDRAWS,2021-04-05T00:00:00,188.05,Phone
startNode,endNode,relationship,timestamp,amount,method
USR:143,ACC:488,WITHDRAWS,2022-02-01T00:00:00,325.52,Bank
startNode,endNode,relationship,timestamp,amount,method
USR:52,ACC:489,WITHDRAWS,2020-01-12T00:00:00,1526.41,Bank
startNode,endNode,relationship,timestamp,amount,method
USR:496,ACC:490,WITHDRAWS,2023-04-09T00:00:00,1471.24,Phone
startNode,endNode,relationship,timestamp,amount,method
USR:310,ACC:491,WITHDRAWS,2024-09-27T00:00:00,1054.24,Bank
startNode,endNode,relationship,timestamp,amount,method
USR:114,ACC:492,WITHDRAWS,2023-09-22T00:00:00,976.17,ATM
startNode,endNode,relationship,timestamp,amount,method
USR:299,ACC:493,WITHDRAWS,2024-04-24T00:00:00,1452.72,Phone
startNode,endNode,relationship,timestamp,amount,method
USR:84,ACC:494,WITHDRAWS,2024-07-30T00:00:00,861.63,Bank
startNode,endNode,relationship,timestamp,amount,method
USR:526,ACC:495,WITHDRAWS,2023-12-13T00:00:00,630.23,ATM
startNode,endNode,relationship,timestamp,amount,method
USR:16,ACC:496,WITHDRAWS,2024-05-27T00:00:00,1370.76,Phone
startNode,endNode,relationship,timestamp,amount,method
USR:131,ACC:497,WITHDRAWS,2025-12-08T00:00:00,346.41,Bank
startNode,endNode,relationship,timestamp,amount,method
USR:247,ACC:498,WITHDRAWS,2020-09-01T00:00:00,729.49,Bank
startNode,endNode,relationship,timestamp,amount,method
USR:55,ACC:499,WITHDRAWS,2020-10-20T00:00:00,1716.35,Phone
startNode,endNode,relationship,timestamp,amount,method
USR:556,ACC:500,WITHDRAWS,2020-09-29T00:00:00,837.25,ATM
startNode,endNode,relationship,timestamp,amount,method
USR:372,ACC:501,WITHDRAWS,2022-02-17T00:00:00,1911.88,Phone
startNode,endNode,relationship,timestamp,amount,method
USR:130,ACC:502,WITHDRAWS,2021-01-04T00:00:00,266.99,Bank
startNode,endNode,relationship,timestamp,amount,method
USR:409,ACC:503,WITHDRAWS,2025-01-17T00:00:00,1195.6,Bank
startNode,endNode,relationship,timestamp,amount,method
USR:245,ACC:504,WITHDRAWS,2024-12-20T00:00:00,667.95,Bank
startNode,endNode,relationship,timestamp,amount,method
USR:317,ACC:505,WITHDRAWS,2023-12-11T00:00:00,1971.68,Phone
startNode,endNode,relationship,timestamp,amount,method
USR:465,ACC:506,WITHDRAWS,2021-11-09T00:00:00,1615.32,ATM
startNode,endNode,relationship,timestamp,amount,method
USR:96,ACC:507,WITHDRAWS,2020-07-14T00:00:00,1350.72,ATM
startNode,endNode,relationship,timestamp,amount,method
USR:511,ACC:508,WITHDRAWS,2024-11-26T00:00:00,1021.63,Bank
startNode,endNode,relationship,timestamp,amount,method
USR:18,ACC:509,WITHDRAWS,2025-11-22T00:00:00,705.06,Phone
startNode,endNode,relationship,timestamp,amount,method
USR:285,ACC:510,WITHDRAWS,2022-12-17T00:00:00,640.2,Bank
startNode,endNode,relationship,timestamp,amount,method
USR:300,ACC:511,WITHDRAWS,2024-06-21T00:00:00,1642.77,Phone
startNode,endNode,relationship,timestamp,amount,method
USR:104,ACC:512,WITHDRAWS,2024-01-20T00:00:00,499.55,Bank
startNode,endNode,relationship,timestamp,amount,method
USR:304,ACC:513,WITHDRAWS,2025-04-12T00:00:00,1666.21,Bank
startNode,endNode,relationship,timestamp,amount,method
USR:460,ACC:514,WITHDRAWS,2023-06-16T00:00:00,799.31,ATM
startNode,endNode,relationship,timestamp,amount,method
USR:358,ACC:515,WITHDRAWS,2020-02-26T00:00:00,358.52,Bank
startNode,endNode,relationship,timestamp,amount,method
USR:303,ACC:516,WITHDRAWS,2021-09-27T00:00:00,1947.65,ATM
startNode,endNode,relationship,timestamp,amount,method
USR:248,ACC:517,WITHDRAWS,2021-11-18T00:00:00,1992.9,Phone
startNode,endNode,relationship,timestamp,amount,method
USR:592,ACC:518,WITHDRAWS,2025-01-02T00:00:00,1566.93,ATM
startNode,endNode,relationship,timestamp,amount,method
USR:477,ACC:519,WITHDRAWS,2020-08-29T00:00:00,337.06,Bank
startNode,endNode,relationship,timestamp,amount,method
USR:547,ACC:520,WITHDRAWS,2021-07-04T00:00:00,1906.92,Bank
startNode,endNode,relationship,timestamp,amount,method
USR:384,ACC:521,WITHDRAWS,2025-03-08T00:00:00,991.72,Phone
startNode,endNode,relationship,timestamp,amount,method
USR:370,ACC:522,WITHDRAWS,2022-04-22T00:00:00,159.23,ATM
startNode,endNode,relationship,timestamp,amount,method
USR:228,ACC:523,WITHDRAWS,2022-08-31T00:00:00,712.89,ATM
startNode,endNode,relationship,timestamp,amount,method
USR:66,ACC:524,WITHDRAWS,2025-11-22T00:00:00,826.19,Phone
startNode,endNode,relationship,timestamp,amount,method
USR:325,ACC:525,WITHDRAWS,2023-08-28T00:00:00,300.21,Bank
startNode,endNode,relationship,timestamp,amount,method
USR:339,ACC:526,WITHDRAWS,2024-02-26T00:00:00,1328.59,Phone
startNode,endNode,relationship,timestamp,amount,method
USR:148,ACC:527,WITHDRAWS,2024-05-15T00:00:00,1847.34,ATM
startNode,endNode,relationship,timestamp,amount,method
USR:210,ACC:528,WITHDRAWS,2025-10-08T00:00:00,1403.05,Phone
startNode,endNode,relationship,timestamp,amount,method
USR:378,ACC:529,WITHDRAWS,2025-01-30T00:00:00,1251.58,ATM
startNode,endNode,relationship,timestamp,amount,method
USR:146,ACC:530,WITHDRAWS,2020-05-16T00:00:00,149.92,ATM
startNode,endNode,relationship,timestamp,amount,method
USR:91,ACC:531,WITHDRAWS,2022-12-08T00:00:00,1223.08,Phone
startNode,endNode,relationship,timestamp,amount,method
USR:275,ACC:532,WITHDRAWS,2022-07-30T00:00:00,897.78,ATM
startNode,endNode,relationship,timestamp,amount,method
USR:120,ACC:533,WITHDRAWS,2022-08-20T00:00:00,636.69,Phone
startNode,endNode,relationship,timestamp,amount,method
USR:85,ACC:534,WITHDRAWS,2021-02-28T00:00:00,762.95,Phone
startNode,endNode,relationship,timestamp,amount,method
USR:547,ACC:535,WITHDRAWS,2025-11-08T00:00:00,1207.44,ATM
startNode,endNode,relationship,timestamp,amount,method
USR:20,ACC:536,WITHDRAWS,2025-08-05T00:00:00,1559.89,ATM
startNode,endNode,relationship,timestamp,amount,method
USR:582,ACC:537,WITHDRAWS,2021-03-21T00:00:00,178.67,Phone
startNode,endNode,relationship,timestamp,amount,method
USR:519,ACC:538,WITHDRAWS,2022-10-27T00:00:00,1474.35,Phone
startNode,endNode,relationship,timestamp,amount,method
USR:119,ACC:539,WITHDRAWS,2020-05-02T00:00:00,1966.3,Phone
startNode,endNode,relationship,timestamp,amount,method
USR:597,ACC:540,WITHDRAWS,2022-05-19T00:00:00,1115.34,ATM
startNode,endNode,relationship,timestamp,amount,method
USR:462,ACC:541,WITHDRAWS,2020-05-17T00:00:00,1763.58,Phone
startNode,endNode,relationship,timestamp,amount,method
USR:545,ACC:542,WITHDRAWS,2021-01-15T00:00:00,932.86,Phone
startNode,endNode,relationship,timestamp,amount,method
USR:523,ACC:543,WITHDRAWS,2021-05-22T00:00:00,1697.98,Bank
startNode,endNode,relationship,timestamp,amount,method
USR:430,ACC:544,WITHDRAWS,2020-07-24T00:00:00,1159.08,ATM
startNode,endNode,relationship,timestamp,amount,method
USR:182,ACC:545,WITHDRAWS,2024-06-15T00:00:00,1911.52,Phone
startNode,endNode,relationship,timestamp,amount,method
USR:237,ACC:546,WITHDRAWS,2022-07-25T00:00:00,1192.94,Phone
startNode,endNode,relationship,timestamp,amount,method
USR:515,ACC:547,WITHDRAWS,2020-03-20T00:00:00,1405.12,Bank
startNode,endNode,relationship,timestamp,amount,method
USR:467,ACC:548,WITHDRAWS,2023-05-22T00:00:00,840.58,ATM
startNode,endNode,relationship,timestamp,amount,method
USR:262,ACC:549,WITHDRAWS,2023-06-07T00:00:00,1894.99,ATM
startNode,endNode,relationship,timestamp,amount,method
USR:579,ACC:550,WITHDRAWS,2020-03-11T00:00:00,1404.66,Bank
startNode,endNode,relationship,timestamp,amount,method
USR:448,ACC:551,WITHDRAWS,2022-01-24T00:00:00,311.1,Bank
startNode,endNode,relationship,timestamp,amount,method
USR:286,ACC:552,WITHDRAWS,2025-07-08T00:00:00,1935.56,Phone
startNode,endNode,relationship,timestamp,amount,method
USR:590,ACC:553,WITHDRAWS,2024-04-18T00:00:00,1008.85,ATM
startNode,endNode,relationship,timestamp,amount,method
USR:252,ACC:554,WITHDRAWS,2021-07-16T00:00:00,1195.23,Phone
startNode,endNode,relationship,timestamp,amount,method
USR:470,ACC:555,WITHDRAWS,2020-08-04T00:00:00,1062.29,Bank
startNode,endNode,relationship,timestamp,amount,method
USR:164,ACC:556,WITHDRAWS,2025-04-27T00:00:00,1066.01,ATM
startNode,endNode,relationship,timestamp,amount,method
USR:157,ACC:557,WITHDRAWS,2021-05-13T00:00:00,1110.15,Phone
startNode,endNode,relationship,timestamp,amount,method
USR:214,ACC:558,WITHDRAWS,2023-06-27T00:00:00,1332.22,Phone
startNode,endNode,relationship,timestamp,amount,method
USR:523,ACC:559,WITHDRAWS,2024-06-04T00:00:00,1119.25,Phone
startNode,endNode,relationship,timestamp,amount,method
USR:33,ACC:560,WITHDRAWS,2024-05-05T00:00:00,1948.53,ATM
startNode,endNode,relationship,timestamp,amount,method
USR:64,ACC:561,WITHDRAWS,2021-10-23T00:00:00,1356.86,ATM
startNode,endNode,relationship,timestamp,amount,method
USR:136,ACC:562,WITHDRAWS,2022-03-09T00:00:00,1398.08,ATM
startNode,endNode,relationship,timestamp,amount,method
USR:424,ACC:563,WITHDRAWS,2020-02-05T00:00:00,1444.03,Bank
startNode,endNode,relationship,timestamp,amount,method
USR:10,ACC:564,WITHDRAWS,2020-12-28T00:00:00,1935.78,Bank
startNode,endNode,relationship,timestamp,amount,method
USR:462,ACC:565,WITHDRAWS,2023-02-19T00:00:00,1223.28,ATM
startNode,endNode,relationship,timestamp,amount,method
USR:466,ACC:566,WITHDRAWS,2025-02-19T00:00:00,1018.37,Phone
startNode,endNode,relationship,timestamp,amount,method
USR:565,ACC:567,WITHDRAWS,2024-03-24T00:00:00,1671.65,Bank
startNode,endNode,relationship,timestamp,amount,method
USR:286,ACC:568,WITHDRAWS,2025-07-02T00:00:00,838.02,ATM
startNode,endNode,relationship,timestamp,amount,method
USR:188,ACC:569,WITHDRAWS,2024-06-13T00:00:00,170.51,Bank
startNode,endNode,relationship,timestamp,amount,method
USR:519,ACC:570,WITHDRAWS,2022-09-15T00:00:00,1312.15,Bank
startNode,endNode,relationship,timestamp,amount,method
USR:216,ACC:571,WITHDRAWS,2020-08-19T00:00:00,753.1,ATM
startNode,endNode,relationship,timestamp,amount,method
USR:366,ACC:572,WITHDRAWS,2023-10-03T00:00:00,238.62,ATM
startNode,endNode,relationship,timestamp,amount,method
USR:83,ACC:573,WITHDRAWS,2025-10-29T00:00:00,1999.15,Bank
startNode,endNode,relationship,timestamp,amount,method
USR:55,ACC:574,WITHDRAWS,2025-02-05T00:00:00,865.24,Phone
startNode,endNode,relationship,timestamp,amount,method
USR:302,ACC:575,WITHDRAWS,2020-12-09T00:00:00,456.9,Phone
startNode,endNode,relationship,timestamp,amount,method
USR:195,ACC:576,WITHDRAWS,2024-10-02T00:00:00,780.97,ATM
startNode,endNode,relationship,timestamp,amount,method
USR:562,ACC:577,WITHDRAWS,2021-07-21T00:00:00,340.89,Bank
startNode,endNode,relationship,timestamp,amount,method
USR:60,ACC:578,WITHDRAWS,2023-09-10T00:00:00,430.4,ATM
startNode,endNode,relationship,timestamp,amount,method
USR:24,ACC:579,WITHDRAWS,2025-02-14T00:00:00,903.89,Bank
startNode,endNode,relationship,timestamp,amount,method
USR:542,ACC:580,WITHDRAWS,2024-08-30T00:00:00,1740.48,Bank
startNode,endNode,relationship,timestamp,amount,method
USR:403,ACC:581,WITHDRAWS,2023-02-20T00:00:00,1678.15,Bank
startNode,endNode,relationship,timestamp,amount,method
USR:115,ACC:582,WITHDRAWS,2024-05-08T00:00:00,1858.01,Phone
startNode,endNode,relationship,timestamp,amount,method
USR:489,ACC:583,WITHDRAWS,2020-05-28T00:00:00,1203.54,Phone
startNode,endNode,relationship,timestamp,amount,method
USR:492,ACC:584,WITHDRAWS,2024-12-08T00:00:00,427.93,ATM
startNode,endNode,relationship,timestamp,amount,method
USR:158,ACC:585,WITHDRAWS,2024-03-25T00:00:00,619.34,Bank
startNode,endNode,relationship,timestamp,amount,method
USR:238,ACC:586,WITHDRAWS,2025-05-21T00:00:00,1519.47,Bank
startNode,endNode,relationship,timestamp,amount,method
USR:368,ACC:587,WITHDRAWS,2024-11-20T00:00:00,1480.72,Bank
startNode,endNode,relationship,timestamp,amount,method
USR:319,ACC:588,WITHDRAWS,2024-11-05T00:00:00,744.73,ATM
startNode,endNode,relationship,timestamp,amount,method
USR:292,ACC:589,WITHDRAWS,2025-12-09T00:00:00,1322.86,Bank
startNode,endNode,relationship,timestamp,amount,method
USR:22,ACC:590,WITHDRAWS,2020-03-30T00:00:00,181.41,Phone
startNode,endNode,relationship,timestamp,amount,method
USR:129,ACC:591,WITHDRAWS,2022-10-05T00:00:00,995.48,Phone
startNode,endNode,relationship,timestamp,amount,method
USR:5,ACC:592,WITHDRAWS,2025-02-04T00:00:00,1905.55,Phone
startNode,endNode,relationship,timestamp,amount,method
USR:333,ACC:593,WITHDRAWS,2021-10-27T00:00:00,900.95,Bank
startNode,endNode,relationship,timestamp,amount,method
USR:492,ACC:594,WITHDRAWS,2022-03-23T00:00:00,1273.99,ATM
startNode,endNode,relationship,timestamp,amount,method
USR:377,ACC:595,WITHDRAWS,2020-01-20T00:00:00,1909.59,Phone
startNode,endNode,relationship,timestamp,amount,method
USR:235,ACC:596,WITHDRAWS,2020-12-31T00:00:00,850.45,Bank
startNode,endNode,relationship,timestamp,amount,method
USR:83,ACC:597,WITHDRAWS,2022-10-06T00:00:00,1054.44,Bank
startNode,endNode,relationship,timestamp,amount,method
USR:382,ACC:598,WITHDRAWS,2024-02-06T00:00:00,157.73,ATM
startNode,endNode,relationship,timestamp,amount,method
USR:409,ACC:599,WITHDRAWS,2024-03-26T00:00:00,1164.78,Bank
startNode,endNode,relationship,timestamp,amount,method
USR:449,ACC:600,WITHDRAWS,2022-06-26T00:00:00,149.21,Phone
